source_id,source_type,food_id,standard_content
1,Nutrient,4,1955.0
1,Nutrient,6,1853.95
1,Nutrient,6,4150.0
1,Nutrient,9,3900.0
1,Nutrient,11,2500.0
1,Nutrient,11,1300.0
1,Nutrient,11,42600.0
1,Nutrient,12,2188.6
1,Nutrient,13,4500.0
1,Nutrient,13,12410.0
1,Nutrient,14,1150.0
1,Nutrient,14,40000.0
1,Nutrient,15,
1,Nutrient,15,2165.0
1,Nutrient,15,26110.65
1,Nutrient,16,1700.0
1,Nutrient,16,5850.0
1,Nutrient,16,36081.7
1,Nutrient,17,16500.0
1,Nutrient,17,481.75
1,Nutrient,17,450.0
1,Nutrient,18,700.0
1,Nutrient,19,38100.0
1,Nutrient,19,7500.0
1,Nutrient,20,3550.0
1,Nutrient,21,
1,Nutrient,21,2150.0
1,Nutrient,22,2900.0
1,Nutrient,22,5400.0
1,Nutrient,23,2640.0
1,Nutrient,24,67459.5
1,Nutrient,26,5350.0
1,Nutrient,26,38300.0
1,Nutrient,27,7535.0
1,Nutrient,27,34000.0
1,Nutrient,32,1528.0
1,Nutrient,33,605.5
1,Nutrient,34,
1,Nutrient,37,1300.0
1,Nutrient,37,6900.0
1,Nutrient,37,6000.0
1,Nutrient,37,3067.7
1,Nutrient,38,9250.0
1,Nutrient,39,470.0
1,Nutrient,39,3750.0
1,Nutrient,39,1100.0
1,Nutrient,39,33100.0
1,Nutrient,40,7300.0
1,Nutrient,40,12500.0
1,Nutrient,41,1149.0
1,Nutrient,41,2400.0
1,Nutrient,41,7200.0
1,Nutrient,41,25300.0
1,Nutrient,42,6300.0
1,Nutrient,42,3350.0
1,Nutrient,42,41300.0
1,Nutrient,43,15191.3
1,Nutrient,46,3900.0
1,Nutrient,47,6437.5
1,Nutrient,48,1710.0
1,Nutrient,49,1500.0
1,Nutrient,49,600.0
1,Nutrient,50,3500.0
1,Nutrient,51,1400.0
1,Nutrient,51,
1,Nutrient,52,4460.0
1,Nutrient,52,38550.0
1,Nutrient,53,1435.0
1,Nutrient,54,2800.0
1,Nutrient,54,35000.0
1,Nutrient,56,1195.0
1,Nutrient,57,855.0
1,Nutrient,59,5700.0
1,Nutrient,59,12200.0
1,Nutrient,61,16000.0
1,Nutrient,61,2800.0
1,Nutrient,62,57500.0
1,Nutrient,63,9515.0
1,Nutrient,64,1597.75
1,Nutrient,64,37300.0
1,Nutrient,65,2196.85
1,Nutrient,65,36250.0
1,Nutrient,66,1766.5
1,Nutrient,67,20219.0
1,Nutrient,68,
1,Nutrient,68,8550.0
1,Nutrient,69,900.0
1,Nutrient,69,16600.0
1,Nutrient,70,7100.0
1,Nutrient,72,1535.0
1,Nutrient,72,19450.0
1,Nutrient,74,2500.0
1,Nutrient,74,8350.0
1,Nutrient,76,2600.0
1,Nutrient,76,40000.0
1,Nutrient,77,
1,Nutrient,79,2190.0
1,Nutrient,81,1300.0
1,Nutrient,81,3800.0
1,Nutrient,81,27000.0
1,Nutrient,81,
1,Nutrient,82,2500.0
1,Nutrient,82,20000.0
1,Nutrient,85,10550.0
1,Nutrient,85,4350.0
1,Nutrient,85,13150.0
1,Nutrient,85,5800.0
1,Nutrient,86,37290.0
1,Nutrient,87,3060.0
1,Nutrient,87,3500.0
1,Nutrient,87,10665.0
1,Nutrient,88,4150.0
1,Nutrient,88,3000.0
1,Nutrient,88,2900.0
1,Nutrient,91,7900.0
1,Nutrient,92,3000.0
1,Nutrient,92,770.0
1,Nutrient,93,5200.0
1,Nutrient,93,60250.0
1,Nutrient,94,55050.0
1,Nutrient,95,2650.0
1,Nutrient,97,
1,Nutrient,98,940.0
1,Nutrient,98,1226.75
1,Nutrient,99,3652.0
1,Nutrient,99,20250.0
1,Nutrient,100,14700.0
1,Nutrient,101,4700.0
1,Nutrient,101,22000.0
1,Nutrient,105,1870.5
1,Nutrient,105,20500.0
1,Nutrient,106,894.5
1,Nutrient,106,2100.0
1,Nutrient,106,10700.0
1,Nutrient,108,11500.0
1,Nutrient,112,2064.7
1,Nutrient,113,5400.0
1,Nutrient,115,2150.0
1,Nutrient,115,24900.0
1,Nutrient,118,28400.0
1,Nutrient,118,32500.0
1,Nutrient,119,3971.6
1,Nutrient,119,
1,Nutrient,120,3300.0
1,Nutrient,120,23500.0
1,Nutrient,121,35500.0
1,Nutrient,121,7300.0
1,Nutrient,121,30000.0
1,Nutrient,121,6100.0
1,Nutrient,122,4297.5
1,Nutrient,124,10697.0
1,Nutrient,125,1200.0
1,Nutrient,125,2100.0
1,Nutrient,128,1750.0
1,Nutrient,128,23400.0
1,Nutrient,129,1350.0
1,Nutrient,129,23050.0
1,Nutrient,130,46250.0
1,Nutrient,131,2810.9
1,Nutrient,131,23000.0
1,Nutrient,132,650.0
1,Nutrient,132,1950.0
1,Nutrient,133,600.0
1,Nutrient,133,2400.0
1,Nutrient,133,1494.9
1,Nutrient,133,1245.0
1,Nutrient,134,2450.0
1,Nutrient,134,2900.0
1,Nutrient,134,1350.0
1,Nutrient,134,2938.15
1,Nutrient,135,1300.0
1,Nutrient,135,8400.0
1,Nutrient,137,24000.0
1,Nutrient,139,5397.0
1,Nutrient,140,51868.5
1,Nutrient,141,1089.1
1,Nutrient,141,3450.0
1,Nutrient,141,1207.55
1,Nutrient,142,3245.0
1,Nutrient,142,17400.0
1,Nutrient,144,2160.0
1,Nutrient,144,45700.0
1,Nutrient,146,2550.0
1,Nutrient,147,2462.15
1,Nutrient,147,40500.0
1,Nutrient,148,48550.0
1,Nutrient,149,943.0
1,Nutrient,149,42750.0
1,Nutrient,150,2460.0
1,Nutrient,150,6000.0
1,Nutrient,150,12150.0
1,Nutrient,151,1950.0
1,Nutrient,151,12500.0
1,Nutrient,152,1749.4
1,Nutrient,153,2650.0
1,Nutrient,153,2900.0
1,Nutrient,153,9400.0
1,Nutrient,153,35400.0
1,Nutrient,154,3300.0
1,Nutrient,154,1650.0
1,Nutrient,155,1556.35
1,Nutrient,155,27750.0
1,Nutrient,156,723.0
1,Nutrient,156,20500.0
1,Nutrient,157,2680.75
1,Nutrient,157,19150.0
1,Nutrient,158,1050.0
1,Nutrient,159,16071.9
1,Nutrient,162,
1,Nutrient,162,1700.0
1,Nutrient,162,19250.0
1,Nutrient,164,4700.0
1,Nutrient,164,2650.0
1,Nutrient,165,13800.0
1,Nutrient,165,25000.0
1,Nutrient,166,
1,Nutrient,166,4820.0
1,Nutrient,166,12300.0
1,Nutrient,167,4075.0
1,Nutrient,167,42000.0
1,Nutrient,169,2300.0
1,Nutrient,169,2721.25
1,Nutrient,170,4800.0
1,Nutrient,170,45216.05
1,Nutrient,173,2438.55
1,Nutrient,173,20000.0
1,Nutrient,174,1950.0
1,Nutrient,174,1650.0
1,Nutrient,174,20515.0
1,Nutrient,175,500.0
1,Nutrient,178,2487.1
1,Nutrient,179,14500.0
1,Nutrient,180,9000.0
1,Nutrient,180,600.0
1,Nutrient,180,4000.0
1,Nutrient,180,6700.0
1,Nutrient,181,2780.0
1,Nutrient,181,1600.0
1,Nutrient,182,7438.0
1,Nutrient,182,47665.0
1,Nutrient,183,
1,Nutrient,183,7474.0
1,Nutrient,183,37950.0
1,Nutrient,184,30500.0
1,Nutrient,184,3100.0
1,Nutrient,186,6738.5
1,Nutrient,187,2000.0
1,Nutrient,187,2350.0
1,Nutrient,191,1441.5
1,Nutrient,192,3000.0
1,Nutrient,193,
1,Nutrient,193,31000.0
1,Nutrient,197,392.5
1,Nutrient,197,1879.0
1,Nutrient,198,571.15
1,Nutrient,199,2300.0
1,Nutrient,199,2800.0
1,Nutrient,199,1700.0
1,Nutrient,200,1214.7
1,Nutrient,200,1248.75
1,Nutrient,204,1945.4
1,Nutrient,204,13000.0
1,Nutrient,205,3252.95
1,Nutrient,205,4300.0
1,Nutrient,206,4200.0
1,Nutrient,264,3000.0
1,Nutrient,264,850.0
1,Nutrient,264,4900.0
1,Nutrient,284,7075.0
1,Nutrient,284,36600.0
1,Nutrient,288,3850.0
1,Nutrient,289,2770.5
1,Nutrient,291,350.0
1,Nutrient,312,1770.0
1,Nutrient,312,7695.0
1,Nutrient,313,1812.5
1,Nutrient,318,383.5
1,Nutrient,320,57972.2
1,Nutrient,322,234.25
1,Nutrient,322,48770.0
1,Nutrient,326,900.0
1,Nutrient,326,200.0
1,Nutrient,328,1100.0
1,Nutrient,330,2193.0
1,Nutrient,330,7715.0
1,Nutrient,330,15965.0
1,Nutrient,331,800.0
1,Nutrient,331,22900.0
1,Nutrient,332,4052.0
1,Nutrient,332,13050.0
1,Nutrient,337,900.0
1,Nutrient,338,1227.5
1,Nutrient,338,2457.75
1,Nutrient,341,38870.0
1,Nutrient,345,2977.75
1,Nutrient,346,18350.0
1,Nutrient,360,4090.0
1,Nutrient,368,8100.0
1,Nutrient,368,2626.0
1,Nutrient,372,
1,Nutrient,372,2701.0
1,Nutrient,384,947.5
1,Nutrient,384,4250.0
1,Nutrient,384,28573.0
1,Nutrient,384,3980.0
1,Nutrient,386,334.1
1,Nutrient,386,924.4
1,Nutrient,387,1200.0
1,Nutrient,389,610.0
1,Nutrient,389,613.25
1,Nutrient,391,970.0
1,Nutrient,392,477.5
1,Nutrient,394,1142.5
1,Nutrient,394,13050.0
1,Nutrient,399,2948.0
1,Nutrient,399,7000.0
1,Nutrient,401,1750.0
1,Nutrient,401,2500.0
1,Nutrient,401,1250.0
1,Nutrient,407,2533.35
1,Nutrient,407,389.5
1,Nutrient,407,1450.0
1,Nutrient,408,10301.5
1,Nutrient,409,2323.75
1,Nutrient,410,3463.75
1,Nutrient,411,3000.0
1,Nutrient,416,2900.0
1,Nutrient,416,1900.0
1,Nutrient,416,1900.0
1,Nutrient,416,1526.0
1,Nutrient,417,319.5
1,Nutrient,420,29781.75
1,Nutrient,422,1766.75
1,Nutrient,427,
1,Nutrient,427,
1,Nutrient,436,866.0
1,Nutrient,436,12500.0
1,Nutrient,437,761.5
1,Nutrient,437,2600.0
1,Nutrient,441,62851.75
1,Nutrient,442,3063.75
1,Nutrient,442,500.0
1,Nutrient,444,
1,Nutrient,444,
1,Nutrient,444,
1,Nutrient,444,
1,Nutrient,444,
1,Nutrient,444,
1,Nutrient,444,
1,Nutrient,445,2600.0
1,Nutrient,447,47500.0
1,Nutrient,448,3680.0
1,Nutrient,455,1067.5
1,Nutrient,457,5550.0
1,Nutrient,457,1800.0
1,Nutrient,457,19550.0
1,Nutrient,467,2057.5
1,Nutrient,468,2550.0
1,Nutrient,488,1300.0
1,Nutrient,488,22100.0
1,Nutrient,490,
1,Nutrient,493,1800.0
1,Nutrient,496,1150.0
1,Nutrient,496,31500.0
1,Nutrient,499,5650.0
1,Nutrient,499,850.0
1,Nutrient,502,4650.0
1,Nutrient,503,2100.0
1,Nutrient,503,850.0
1,Nutrient,503,32500.0
1,Nutrient,510,2614.0
1,Nutrient,518,2926.0
1,Nutrient,518,9272.5
1,Nutrient,518,1506.35
1,Nutrient,519,600.0
1,Nutrient,520,20000.0
1,Nutrient,520,1021.75
1,Nutrient,521,5985.0
1,Nutrient,521,500.0
1,Nutrient,534,
1,Nutrient,534,
1,Nutrient,536,74450.0
1,Nutrient,553,1846.1
1,Nutrient,553,1370.3
1,Nutrient,558,725.0
1,Nutrient,800,
1,Nutrient,802,64000.0
1,Nutrient,813,4429.0
1,Nutrient,880,700.0
1,Nutrient,880,950.0
1,Nutrient,880,2100.0
1,Nutrient,880,
1,Nutrient,880,800.0
1,Nutrient,881,1732.45
1,Nutrient,881,
2,Nutrient,2,2000.0
2,Nutrient,2,300.0
2,Nutrient,4,1000.0
2,Nutrient,4,200.0
2,Nutrient,4,1140.0
2,Nutrient,4,1230.0
2,Nutrient,4,3536.5
2,Nutrient,5,1600.0
2,Nutrient,5,300.0
2,Nutrient,5,6000.0
2,Nutrient,5,1000.0
2,Nutrient,5,800.0
2,Nutrient,5,100.0
2,Nutrient,5,1800.0
2,Nutrient,5,300.0
2,Nutrient,5,10410.0
2,Nutrient,5,1100.0
2,Nutrient,5,1360.0
2,Nutrient,5,8950.0
2,Nutrient,5,850.0
2,Nutrient,5,950.0
2,Nutrient,5,790.0
2,Nutrient,5,770.0
2,Nutrient,5,890.0
2,Nutrient,5,710.0
2,Nutrient,5,1830.0
2,Nutrient,5,970.0
2,Nutrient,5,800.0
2,Nutrient,5,3150.0
2,Nutrient,5,5340.0
2,Nutrient,5,1360.0
2,Nutrient,5,770.0
2,Nutrient,5,710.0
2,Nutrient,5,4460.0
2,Nutrient,6,8647.0
2,Nutrient,6,12450.0
2,Nutrient,7,1900.0
2,Nutrient,7,300.0
2,Nutrient,8,16800.0
2,Nutrient,8,2700.0
2,Nutrient,8,6400.0
2,Nutrient,8,1000.0
2,Nutrient,8,16550.0
2,Nutrient,8,6360.0
2,Nutrient,9,2400.0
2,Nutrient,9,400.0
2,Nutrient,9,3270.0
2,Nutrient,9,21200.0
2,Nutrient,9,18400.0
2,Nutrient,11,15300.0
2,Nutrient,11,2900.0
2,Nutrient,11,16800.0
2,Nutrient,11,3200.0
2,Nutrient,11,15310.0
2,Nutrient,11,16840.0
2,Nutrient,11,18220.0
2,Nutrient,11,17560.0
2,Nutrient,11,15310.0
2,Nutrient,11,16840.0
2,Nutrient,11,17560.0
2,Nutrient,11,3550.0
2,Nutrient,11,11250.0
2,Nutrient,11,17000.0
2,Nutrient,12,400.0
2,Nutrient,12,100.0
2,Nutrient,12,400.0
2,Nutrient,12,100.0
2,Nutrient,12,500.0
2,Nutrient,12,100.0
2,Nutrient,12,540.0
2,Nutrient,12,430.0
2,Nutrient,12,420.0
2,Nutrient,12,360.0
2,Nutrient,12,350.0
2,Nutrient,12,340.0
2,Nutrient,12,400.0
2,Nutrient,12,360.0
2,Nutrient,12,1300.0
2,Nutrient,12,400.0
2,Nutrient,12,510.0
2,Nutrient,12,360.0
2,Nutrient,12,550.0
2,Nutrient,12,530.0
2,Nutrient,12,2950.0
2,Nutrient,13,20000.0
2,Nutrient,13,3200.0
2,Nutrient,13,3500.0
2,Nutrient,13,600.0
2,Nutrient,13,15980.0
2,Nutrient,13,19960.0
2,Nutrient,13,3460.0
2,Nutrient,13,20780.0
2,Nutrient,13,18684.0
2,Nutrient,14,1700.0
2,Nutrient,14,5035.0
2,Nutrient,15,700.0
2,Nutrient,15,100.0
2,Nutrient,15,18070.0
2,Nutrient,15,1500.0
2,Nutrient,15,960.0
2,Nutrient,15,690.0
2,Nutrient,15,830.0
2,Nutrient,15,960.0
2,Nutrient,15,830.0
2,Nutrient,15,11300.0
2,Nutrient,15,
2,Nutrient,15,
2,Nutrient,15,10001.5
2,Nutrient,15,18681.75
2,Nutrient,16,25800.0
2,Nutrient,16,4800.0
2,Nutrient,16,24600.0
2,Nutrient,16,4500.0
2,Nutrient,16,22600.0
2,Nutrient,16,4200.0
2,Nutrient,16,0.0
2,Nutrient,16,0.0
2,Nutrient,16,0.0
2,Nutrient,16,25800.0
2,Nutrient,16,13500.0
2,Nutrient,16,28030.0
2,Nutrient,16,23680.0
2,Nutrient,16,26150.0
2,Nutrient,16,28010.0
2,Nutrient,16,25090.0
2,Nutrient,16,27040.0
2,Nutrient,16,25190.0
2,Nutrient,16,25870.0
2,Nutrient,16,24060.0
2,Nutrient,16,25090.0
2,Nutrient,16,52200.0
2,Nutrient,16,33800.0
2,Nutrient,16,24800.0
2,Nutrient,16,25900.0
2,Nutrient,16,25720.0
2,Nutrient,16,26060.0
2,Nutrient,16,21930.0
2,Nutrient,16,26350.0
2,Nutrient,16,23680.0
2,Nutrient,16,28010.0
2,Nutrient,16,27040.0
2,Nutrient,16,25870.0
2,Nutrient,16,24060.0
2,Nutrient,16,25090.0
2,Nutrient,16,24470.0
2,Nutrient,16,28040.0
2,Nutrient,16,24000.0
2,Nutrient,16,12450.0
2,Nutrient,16,21300.0
2,Nutrient,16,21250.0
2,Nutrient,17,1530.0
2,Nutrient,17,2090.0
2,Nutrient,17,2090.0
2,Nutrient,17,8607.5
2,Nutrient,17,6750.0
2,Nutrient,18,7700.0
2,Nutrient,18,1200.0
2,Nutrient,18,1180.0
2,Nutrient,18,
2,Nutrient,18,8150.0
2,Nutrient,19,22770.0
2,Nutrient,19,23750.45
2,Nutrient,19,31500.0
2,Nutrient,19,23750.0
2,Nutrient,20,23072.5
2,Nutrient,20,11400.0
2,Nutrient,21,1900.0
2,Nutrient,21,300.0
2,Nutrient,21,1600.0
2,Nutrient,21,300.0
2,Nutrient,21,1800.0
2,Nutrient,21,300.0
2,Nutrient,21,2400.0
2,Nutrient,21,400.0
2,Nutrient,21,2200.0
2,Nutrient,21,2400.0
2,Nutrient,21,1800.0
2,Nutrient,21,2140.0
2,Nutrient,21,3230.0
2,Nutrient,21,2950.0
2,Nutrient,21,2400.0
2,Nutrient,21,1800.0
2,Nutrient,21,2950.0
2,Nutrient,21,
2,Nutrient,21,20842.0
2,Nutrient,22,13900.0
2,Nutrient,22,2200.0
2,Nutrient,22,13200.0
2,Nutrient,22,2300.0
2,Nutrient,22,13000.0
2,Nutrient,22,2200.0
2,Nutrient,22,13300.0
2,Nutrient,22,2300.0
2,Nutrient,22,0.0
2,Nutrient,22,17300.0
2,Nutrient,22,3210.0
2,Nutrient,22,16890.0
2,Nutrient,22,14660.0
2,Nutrient,22,21900.0
2,Nutrient,22,15300.0
2,Nutrient,23,1000.0
2,Nutrient,23,200.0
2,Nutrient,23,1040.0
2,Nutrient,23,3800.0
2,Nutrient,24,15000.0
2,Nutrient,24,2800.0
2,Nutrient,24,14320.0
2,Nutrient,24,14596.0
2,Nutrient,25,1610.0
2,Nutrient,25,1680.0
2,Nutrient,25,730.0
2,Nutrient,25,910.0
2,Nutrient,25,2200.0
2,Nutrient,25,2570.0
2,Nutrient,25,840.0
2,Nutrient,25,800.0
2,Nutrient,25,1680.0
2,Nutrient,25,800.0
2,Nutrient,25,2570.0
2,Nutrient,26,1800.0
2,Nutrient,26,2090.0
2,Nutrient,26,2090.0
2,Nutrient,26,13770.0
2,Nutrient,26,20900.0
2,Nutrient,27,2700.0
2,Nutrient,27,2260.0
2,Nutrient,27,2490.0
2,Nutrient,27,2270.0
2,Nutrient,27,2260.0
2,Nutrient,27,2270.0
2,Nutrient,27,1100.0
2,Nutrient,27,16795.0
2,Nutrient,28,1000.0
2,Nutrient,28,200.0
2,Nutrient,28,1200.0
2,Nutrient,28,1290.0
2,Nutrient,28,1290.0
2,Nutrient,29,0.0
2,Nutrient,29,0.0
2,Nutrient,29,0.0
2,Nutrient,29,0.0
2,Nutrient,30,1000.0
2,Nutrient,30,200.0
2,Nutrient,30,500.0
2,Nutrient,30,100.0
2,Nutrient,30,1500.0
2,Nutrient,30,200.0
2,Nutrient,30,2100.0
2,Nutrient,30,300.0
2,Nutrient,30,1200.0
2,Nutrient,30,200.0
2,Nutrient,30,1280.0
2,Nutrient,30,1270.0
2,Nutrient,30,1430.0
2,Nutrient,30,1510.0
2,Nutrient,30,2000.0
2,Nutrient,30,1800.0
2,Nutrient,30,3300.0
2,Nutrient,30,910.0
2,Nutrient,30,1210.0
2,Nutrient,30,1210.0
2,Nutrient,30,1270.0
2,Nutrient,30,1510.0
2,Nutrient,30,1800.0
2,Nutrient,30,1100.0
2,Nutrient,30,900.0
2,Nutrient,31,2400.0
2,Nutrient,31,400.0
2,Nutrient,31,2000.0
2,Nutrient,31,300.0
2,Nutrient,31,2000.0
2,Nutrient,31,300.0
2,Nutrient,31,3100.0
2,Nutrient,31,500.0
2,Nutrient,31,1920.0
2,Nutrient,31,1840.0
2,Nutrient,31,2010.0
2,Nutrient,31,1610.0
2,Nutrient,31,1840.0
2,Nutrient,31,1610.0
2,Nutrient,31,2950.0
2,Nutrient,31,3040.0
2,Nutrient,31,3040.0
2,Nutrient,32,3300.0
2,Nutrient,32,500.0
2,Nutrient,32,4800.0
2,Nutrient,32,800.0
2,Nutrient,32,4500.0
2,Nutrient,32,700.0
2,Nutrient,32,4400.0
2,Nutrient,32,700.0
2,Nutrient,32,3380.0
2,Nutrient,32,2550.0
2,Nutrient,32,3780.0
2,Nutrient,32,3640.0
2,Nutrient,32,2550.0
2,Nutrient,32,3640.0
2,Nutrient,32,14129.0
2,Nutrient,33,1700.0
2,Nutrient,33,300.0
2,Nutrient,33,1700.0
2,Nutrient,33,1800.0
2,Nutrient,33,1800.0
2,Nutrient,33,9995.0
2,Nutrient,34,2400.0
2,Nutrient,34,400.0
2,Nutrient,34,2800.0
2,Nutrient,34,500.0
2,Nutrient,34,5300.0
2,Nutrient,34,800.0
2,Nutrient,34,2820.0
2,Nutrient,34,2380.0
2,Nutrient,34,2810.0
2,Nutrient,34,3100.0
2,Nutrient,34,3060.0
2,Nutrient,34,3100.0
2,Nutrient,34,2980.0
2,Nutrient,34,2980.0
2,Nutrient,34,2980.0
2,Nutrient,34,2380.0
2,Nutrient,34,3100.0
2,Nutrient,34,3100.0
2,Nutrient,34,
2,Nutrient,35,1300.0
2,Nutrient,35,200.0
2,Nutrient,35,1600.0
2,Nutrient,36,600.0
2,Nutrient,36,100.0
2,Nutrient,36,900.0
2,Nutrient,36,710.0
2,Nutrient,36,1040.0
2,Nutrient,36,1530.0
2,Nutrient,36,1500.0
2,Nutrient,36,1140.0
2,Nutrient,36,1360.0
2,Nutrient,36,2470.0
2,Nutrient,36,3350.0
2,Nutrient,36,2460.0
2,Nutrient,36,2990.0
2,Nutrient,36,710.0
2,Nutrient,36,1530.0
2,Nutrient,36,1140.0
2,Nutrient,36,3350.0
2,Nutrient,36,2990.0
2,Nutrient,36,1360.0
2,Nutrient,37,7200.0
2,Nutrient,37,5960.0
2,Nutrient,37,5960.0
2,Nutrient,37,21700.0
2,Nutrient,37,6760.0
2,Nutrient,37,6760.0
2,Nutrient,37,15700.0
2,Nutrient,37,11000.0
2,Nutrient,37,21400.0
2,Nutrient,37,16748.6
2,Nutrient,38,19600.0
2,Nutrient,38,3100.0
2,Nutrient,38,100.0
2,Nutrient,38,0.0
2,Nutrient,38,0.0
2,Nutrient,38,0.0
2,Nutrient,38,20210.0
2,Nutrient,38,0.0
2,Nutrient,38,3300.0
2,Nutrient,38,120.0
2,Nutrient,38,20210.0
2,Nutrient,38,60.0
2,Nutrient,38,7400.0
2,Nutrient,38,120.0
2,Nutrient,38,10.0
2,Nutrient,38,3300.0
2,Nutrient,38,20.0
2,Nutrient,38,0.0
2,Nutrient,38,0.0
2,Nutrient,38,0.0
2,Nutrient,38,0.0
2,Nutrient,38,0.0
2,Nutrient,38,600.0
2,Nutrient,38,220.0
2,Nutrient,38,22750.0
2,Nutrient,39,2360.0
2,Nutrient,39,13800.0
2,Nutrient,39,20500.0
2,Nutrient,40,900.0
2,Nutrient,40,100.0
2,Nutrient,40,2000.0
2,Nutrient,40,300.0
2,Nutrient,40,800.0
2,Nutrient,40,100.0
2,Nutrient,40,900.0
2,Nutrient,40,100.0
2,Nutrient,40,1300.0
2,Nutrient,40,200.0
2,Nutrient,40,10400.0
2,Nutrient,40,1700.0
2,Nutrient,40,13460.0
2,Nutrient,40,14140.0
2,Nutrient,40,12010.0
2,Nutrient,40,900.0
2,Nutrient,40,860.0
2,Nutrient,40,920.0
2,Nutrient,40,800.0
2,Nutrient,40,1080.0
2,Nutrient,40,950.0
2,Nutrient,40,780.0
2,Nutrient,40,920.0
2,Nutrient,40,17900.0
2,Nutrient,40,2000.0
2,Nutrient,40,1870.0
2,Nutrient,40,900.0
2,Nutrient,40,990.0
2,Nutrient,40,920.0
2,Nutrient,40,920.0
2,Nutrient,40,920.0
2,Nutrient,40,950.0
2,Nutrient,40,800.0
2,Nutrient,40,1080.0
2,Nutrient,40,950.0
2,Nutrient,40,950.0
2,Nutrient,40,1040.0
2,Nutrient,40,17900.0
2,Nutrient,40,1100.0
2,Nutrient,40,1000.0
2,Nutrient,40,10580.0
2,Nutrient,40,1660.0
2,Nutrient,40,1740.0
2,Nutrient,40,11860.0
2,Nutrient,40,910.0
2,Nutrient,40,720.0
2,Nutrient,40,800.0
2,Nutrient,40,12350.0
2,Nutrient,40,9600.0
2,Nutrient,41,700.0
2,Nutrient,41,100.0
2,Nutrient,41,470.0
2,Nutrient,41,140.0
2,Nutrient,41,170.0
2,Nutrient,41,3118.5
2,Nutrient,41,19800.0
2,Nutrient,41,
2,Nutrient,42,0.0
2,Nutrient,42,0.0
2,Nutrient,42,0.0
2,Nutrient,42,0.0
2,Nutrient,42,0.0
2,Nutrient,42,0.0
2,Nutrient,42,16180.0
2,Nutrient,42,35620.0
2,Nutrient,42,14800.0
2,Nutrient,42,14600.0
2,Nutrient,42,16350.0
2,Nutrient,43,19770.0
2,Nutrient,43,20526.05
2,Nutrient,44,9200.0
2,Nutrient,44,1700.0
2,Nutrient,44,9500.0
2,Nutrient,44,1800.0
2,Nutrient,44,9200.0
2,Nutrient,44,1700.0
2,Nutrient,44,9170.0
2,Nutrient,44,9500.0
2,Nutrient,44,9200.0
2,Nutrient,44,9500.0
2,Nutrient,44,9200.0
2,Nutrient,45,2000.0
2,Nutrient,45,300.0
2,Nutrient,46,11500.0
2,Nutrient,47,20400.0
2,Nutrient,47,3300.0
2,Nutrient,47,19300.0
2,Nutrient,47,8860.0
2,Nutrient,47,4920.0
2,Nutrient,47,22390.0
2,Nutrient,47,8860.0
2,Nutrient,47,7050.0
2,Nutrient,47,7040.0
2,Nutrient,47,20550.0
2,Nutrient,48,1300.0
2,Nutrient,48,200.0
2,Nutrient,48,1300.0
2,Nutrient,48,200.0
2,Nutrient,48,1250.0
2,Nutrient,48,11065.0
2,Nutrient,49,1400.0
2,Nutrient,49,200.0
2,Nutrient,49,1100.0
2,Nutrient,49,200.0
2,Nutrient,49,900.0
2,Nutrient,49,1700.0
2,Nutrient,49,1400.0
2,Nutrient,49,1430.0
2,Nutrient,49,12800.0
2,Nutrient,49,4200.0
2,Nutrient,50,3990.0
2,Nutrient,50,4300.0
2,Nutrient,51,3900.0
2,Nutrient,52,800.0
2,Nutrient,52,100.0
2,Nutrient,52,610.0
2,Nutrient,52,28330.0
2,Nutrient,52,5050.0
2,Nutrient,52,
2,Nutrient,53,700.0
2,Nutrient,53,100.0
2,Nutrient,53,3450.0
2,Nutrient,54,400.0
2,Nutrient,54,100.0
2,Nutrient,54,1500.0
2,Nutrient,54,200.0
2,Nutrient,54,500.0
2,Nutrient,54,100.0
2,Nutrient,54,1100.0
2,Nutrient,54,350.0
2,Nutrient,54,400.0
2,Nutrient,54,460.0
2,Nutrient,54,1500.0
2,Nutrient,54,6050.0
2,Nutrient,55,760.0
2,Nutrient,56,500.0
2,Nutrient,56,100.0
2,Nutrient,56,900.0
2,Nutrient,56,100.0
2,Nutrient,56,810.0
2,Nutrient,56,620.0
2,Nutrient,56,450.0
2,Nutrient,56,500.0
2,Nutrient,56,500.0
2,Nutrient,56,1500.0
2,Nutrient,56,430.0
2,Nutrient,56,750.0
2,Nutrient,56,850.0
2,Nutrient,56,4317.9
2,Nutrient,57,500.0
2,Nutrient,57,100.0
2,Nutrient,57,600.0
2,Nutrient,57,100.0
2,Nutrient,57,900.0
2,Nutrient,57,200.0
2,Nutrient,57,940.0
2,Nutrient,57,1040.0
2,Nutrient,57,910.0
2,Nutrient,57,700.0
2,Nutrient,57,1300.0
2,Nutrient,57,700.0
2,Nutrient,57,680.0
2,Nutrient,57,680.0
2,Nutrient,57,680.0
2,Nutrient,57,680.0
2,Nutrient,57,2390.0
2,Nutrient,57,680.0
2,Nutrient,57,1500.0
2,Nutrient,57,300.0
2,Nutrient,57,4363.0
2,Nutrient,58,14600.0
2,Nutrient,58,2300.0
2,Nutrient,58,100.0
2,Nutrient,58,0.0
2,Nutrient,58,11600.0
2,Nutrient,58,2200.0
2,Nutrient,58,100.0
2,Nutrient,58,0.0
2,Nutrient,58,19500.0
2,Nutrient,58,3100.0
2,Nutrient,58,100.0
2,Nutrient,58,0.0
2,Nutrient,58,100.0
2,Nutrient,58,100.0
2,Nutrient,58,14420.0
2,Nutrient,58,120.0
2,Nutrient,58,120.0
2,Nutrient,58,12200.0
2,Nutrient,58,100.0
2,Nutrient,58,11600.0
2,Nutrient,58,120.0
2,Nutrient,58,5290.0
2,Nutrient,58,3100.0
2,Nutrient,58,4500.0
2,Nutrient,58,1960.0
2,Nutrient,59,9900.0
2,Nutrient,59,11935.0
2,Nutrient,61,12400.0
2,Nutrient,61,2000.0
2,Nutrient,61,21900.0
2,Nutrient,61,3500.0
2,Nutrient,61,2100.0
2,Nutrient,61,300.0
2,Nutrient,61,21930.0
2,Nutrient,61,12370.0
2,Nutrient,61,2130.0
2,Nutrient,61,14000.0
2,Nutrient,61,13100.0
2,Nutrient,62,16550.0
2,Nutrient,63,11430.0
2,Nutrient,63,13075.0
2,Nutrient,64,800.0
2,Nutrient,64,100.0
2,Nutrient,64,600.0
2,Nutrient,64,100.0
2,Nutrient,64,800.0
2,Nutrient,64,100.0
2,Nutrient,64,840.0
2,Nutrient,64,1110.0
2,Nutrient,64,540.0
2,Nutrient,64,840.0
2,Nutrient,64,840.0
2,Nutrient,64,4916.7
2,Nutrient,64,35800.0
2,Nutrient,65,500.0
2,Nutrient,65,100.0
2,Nutrient,65,500.0
2,Nutrient,65,100.0
2,Nutrient,65,700.0
2,Nutrient,65,100.0
2,Nutrient,65,1200.0
2,Nutrient,65,200.0
2,Nutrient,65,300.0
2,Nutrient,65,100.0
2,Nutrient,65,300.0
2,Nutrient,65,100.0
2,Nutrient,65,650.0
2,Nutrient,65,590.0
2,Nutrient,65,600.0
2,Nutrient,65,580.0
2,Nutrient,65,330.0
2,Nutrient,65,330.0
2,Nutrient,65,620.0
2,Nutrient,65,370.0
2,Nutrient,65,7394.6
2,Nutrient,66,400.0
2,Nutrient,66,100.0
2,Nutrient,66,600.0
2,Nutrient,66,100.0
2,Nutrient,66,1400.0
2,Nutrient,66,200.0
2,Nutrient,66,1200.0
2,Nutrient,66,200.0
2,Nutrient,66,1030.0
2,Nutrient,66,1090.0
2,Nutrient,66,3150.0
2,Nutrient,66,2720.0
2,Nutrient,66,1000.0
2,Nutrient,66,720.0
2,Nutrient,66,1100.0
2,Nutrient,66,1090.0
2,Nutrient,66,1010.0
2,Nutrient,66,1040.0
2,Nutrient,66,610.0
2,Nutrient,66,830.0
2,Nutrient,66,1280.0
2,Nutrient,66,1200.0
2,Nutrient,66,1030.0
2,Nutrient,66,1210.0
2,Nutrient,66,1140.0
2,Nutrient,66,1160.0
2,Nutrient,66,1150.0
2,Nutrient,66,1030.0
2,Nutrient,66,640.0
2,Nutrient,66,660.0
2,Nutrient,66,1210.0
2,Nutrient,66,910.0
2,Nutrient,66,950.0
2,Nutrient,66,890.0
2,Nutrient,66,720.0
2,Nutrient,66,1100.0
2,Nutrient,66,1090.0
2,Nutrient,66,2720.0
2,Nutrient,66,910.0
2,Nutrient,66,1040.0
2,Nutrient,66,1280.0
2,Nutrient,66,1030.0
2,Nutrient,66,1140.0
2,Nutrient,66,1150.0
2,Nutrient,66,890.0
2,Nutrient,66,660.0
2,Nutrient,66,2710.0
2,Nutrient,66,30230.0
2,Nutrient,66,29840.0
2,Nutrient,66,18550.0
2,Nutrient,66,29840.0
2,Nutrient,66,18550.0
2,Nutrient,66,9925.0
2,Nutrient,67,17810.0
2,Nutrient,67,18900.0
2,Nutrient,68,7830.0
2,Nutrient,68,
2,Nutrient,68,15900.0
2,Nutrient,69,400.0
2,Nutrient,69,100.0
2,Nutrient,69,400.0
2,Nutrient,69,300.0
2,Nutrient,70,1820.0
2,Nutrient,70,8200.0
2,Nutrient,71,3300.0
2,Nutrient,71,500.0
2,Nutrient,71,3270.0
2,Nutrient,71,2890.0
2,Nutrient,71,2630.0
2,Nutrient,71,3110.0
2,Nutrient,71,2890.0
2,Nutrient,71,3110.0
2,Nutrient,245,1000.0
2,Nutrient,245,200.0
2,Nutrient,245,600.0
2,Nutrient,245,100.0
2,Nutrient,245,700.0
2,Nutrient,245,100.0
2,Nutrient,245,1000.0
2,Nutrient,245,200.0
2,Nutrient,245,800.0
2,Nutrient,245,100.0
2,Nutrient,245,900.0
2,Nutrient,245,100.0
2,Nutrient,245,930.0
2,Nutrient,245,760.0
2,Nutrient,245,580.0
2,Nutrient,245,640.0
2,Nutrient,245,780.0
2,Nutrient,245,580.0
2,Nutrient,245,950.0
2,Nutrient,245,8100.0
2,Nutrient,245,760.0
2,Nutrient,245,590.0
2,Nutrient,245,640.0
2,Nutrient,245,580.0
2,Nutrient,245,640.0
2,Nutrient,72,8900.0
2,Nutrient,73,580.0
2,Nutrient,73,1380.0
2,Nutrient,74,10760.0
2,Nutrient,74,11500.0
2,Nutrient,74,11300.0
2,Nutrient,76,400.0
2,Nutrient,76,100.0
2,Nutrient,76,430.0
2,Nutrient,76,2900.0
2,Nutrient,77,2580.0
2,Nutrient,77,
2,Nutrient,79,6600.0
2,Nutrient,79,1100.0
2,Nutrient,79,7000.0
2,Nutrient,79,1200.0
2,Nutrient,79,12600.0
2,Nutrient,79,2000.0
2,Nutrient,79,13250.0
2,Nutrient,79,11730.0
2,Nutrient,79,3380.0
2,Nutrient,79,12620.0
2,Nutrient,79,11600.0
2,Nutrient,81,3300.0
2,Nutrient,81,500.0
2,Nutrient,81,800.0
2,Nutrient,81,100.0
2,Nutrient,81,2500.0
2,Nutrient,81,400.0
2,Nutrient,81,750.0
2,Nutrient,81,400.0
2,Nutrient,81,390.0
2,Nutrient,81,380.0
2,Nutrient,81,380.0
2,Nutrient,81,3300.0
2,Nutrient,81,1420.0
2,Nutrient,81,6861.0
2,Nutrient,81,
2,Nutrient,82,15800.0
2,Nutrient,82,2500.0
2,Nutrient,82,1400.0
2,Nutrient,82,200.0
2,Nutrient,82,15800.0
2,Nutrient,82,1240.0
2,Nutrient,82,15400.0
2,Nutrient,82,17436.75
2,Nutrient,83,500.0
2,Nutrient,83,100.0
2,Nutrient,83,400.0
2,Nutrient,83,100.0
2,Nutrient,83,500.0
2,Nutrient,83,100.0
2,Nutrient,83,400.0
2,Nutrient,83,100.0
2,Nutrient,83,500.0
2,Nutrient,83,100.0
2,Nutrient,83,500.0
2,Nutrient,83,100.0
2,Nutrient,83,300.0
2,Nutrient,83,0.0
2,Nutrient,83,700.0
2,Nutrient,83,100.0
2,Nutrient,83,670.0
2,Nutrient,83,560.0
2,Nutrient,83,430.0
2,Nutrient,83,520.0
2,Nutrient,83,530.0
2,Nutrient,85,35800.0
2,Nutrient,85,5700.0
2,Nutrient,85,1600.0
2,Nutrient,85,300.0
2,Nutrient,85,6200.0
2,Nutrient,85,1000.0
2,Nutrient,85,37200.0
2,Nutrient,85,6500.0
2,Nutrient,85,0.0
2,Nutrient,85,0.0
2,Nutrient,85,0.0
2,Nutrient,85,0.0
2,Nutrient,85,0.0
2,Nutrient,85,0.0
2,Nutrient,85,0.0
2,Nutrient,85,0.0
2,Nutrient,85,0.0
2,Nutrient,85,0.0
2,Nutrient,85,0.0
2,Nutrient,85,0.0
2,Nutrient,85,0.0
2,Nutrient,85,0.0
2,Nutrient,85,0.0
2,Nutrient,85,12950.0
2,Nutrient,85,12350.0
2,Nutrient,85,13090.0
2,Nutrient,85,8470.0
2,Nutrient,85,13100.0
2,Nutrient,85,12350.0
2,Nutrient,85,8470.0
2,Nutrient,85,13100.0
2,Nutrient,85,36490.0
2,Nutrient,85,16640.0
2,Nutrient,85,35220.0
2,Nutrient,85,39580.0
2,Nutrient,85,34540.0
2,Nutrient,85,34800.0
2,Nutrient,85,47010.0
2,Nutrient,85,45510.0
2,Nutrient,85,44950.0
2,Nutrient,85,16640.0
2,Nutrient,85,35220.0
2,Nutrient,85,37800.0
2,Nutrient,85,38090.0
2,Nutrient,85,49810.0
2,Nutrient,85,50930.0
2,Nutrient,85,49200.0
2,Nutrient,85,23150.0
2,Nutrient,85,15250.0
2,Nutrient,85,
2,Nutrient,85,25750.0
2,Nutrient,86,0.0
2,Nutrient,86,0.0
2,Nutrient,86,19900.0
2,Nutrient,86,3200.0
2,Nutrient,86,0.0
2,Nutrient,86,0.0
2,Nutrient,86,0.0
2,Nutrient,86,0.0
2,Nutrient,86,0.0
2,Nutrient,86,20780.0
2,Nutrient,86,19330.0
2,Nutrient,86,20060.0
2,Nutrient,86,17210.0
2,Nutrient,86,17280.0
2,Nutrient,86,48060.0
2,Nutrient,86,19330.0
2,Nutrient,86,20060.0
2,Nutrient,86,17210.0
2,Nutrient,86,17280.0
2,Nutrient,86,18785.0
2,Nutrient,87,1200.0
2,Nutrient,87,25350.0
2,Nutrient,88,9200.0
2,Nutrient,88,1600.0
2,Nutrient,88,9200.0
2,Nutrient,88,1600.0
2,Nutrient,88,12480.0
2,Nutrient,88,9910.0
2,Nutrient,88,2260.0
2,Nutrient,88,10500.0
2,Nutrient,88,10280.0
2,Nutrient,88,
2,Nutrient,88,18450.0
2,Nutrient,88,
2,Nutrient,88,14700.0
2,Nutrient,88,8900.0
2,Nutrient,91,2600.0
2,Nutrient,91,2080.0
2,Nutrient,91,2080.0
2,Nutrient,91,19300.0
2,Nutrient,92,1300.0
2,Nutrient,92,200.0
2,Nutrient,92,4000.0
2,Nutrient,92,2320.0
2,Nutrient,92,1570.0
2,Nutrient,92,2010.0
2,Nutrient,92,1370.0
2,Nutrient,92,1650.0
2,Nutrient,92,1980.0
2,Nutrient,92,1710.0
2,Nutrient,92,1710.0
2,Nutrient,92,980.0
2,Nutrient,92,1280.0
2,Nutrient,92,870.0
2,Nutrient,92,2320.0
2,Nutrient,92,2010.0
2,Nutrient,92,1370.0
2,Nutrient,92,1710.0
2,Nutrient,92,14065.0
2,Nutrient,92,3799.1
2,Nutrient,93,24060.0
2,Nutrient,93,9800.0
2,Nutrient,93,20850.0
2,Nutrient,94,15230.0
2,Nutrient,94,17050.0
2,Nutrient,95,1300.0
2,Nutrient,95,200.0
2,Nutrient,95,1200.0
2,Nutrient,95,200.0
2,Nutrient,95,1000.0
2,Nutrient,95,200.0
2,Nutrient,95,1400.0
2,Nutrient,95,200.0
2,Nutrient,95,850.0
2,Nutrient,95,1350.0
2,Nutrient,95,1230.0
2,Nutrient,95,900.0
2,Nutrient,95,1360.0
2,Nutrient,95,1330.0
2,Nutrient,95,11483.35
2,Nutrient,97,7610.0
2,Nutrient,98,25100.0
2,Nutrient,98,4000.0
2,Nutrient,98,26200.0
2,Nutrient,98,4200.0
2,Nutrient,98,27300.0
2,Nutrient,98,4400.0
2,Nutrient,98,9000.0
2,Nutrient,98,1400.0
2,Nutrient,98,8960.0
2,Nutrient,98,8800.0
2,Nutrient,98,8800.0
2,Nutrient,98,25800.0
2,Nutrient,98,9020.0
2,Nutrient,98,24950.0
2,Nutrient,98,9020.0
2,Nutrient,98,30000.0
2,Nutrient,98,20008.35
2,Nutrient,99,2800.0
2,Nutrient,99,400.0
2,Nutrient,99,2600.0
2,Nutrient,99,1900.0
2,Nutrient,99,1900.0
2,Nutrient,99,17684.25
2,Nutrient,99,24209.0
2,Nutrient,100,20000.0
2,Nutrient,101,0.0
2,Nutrient,101,0.0
2,Nutrient,101,25000.0
2,Nutrient,101,4000.0
2,Nutrient,101,370.0
2,Nutrient,101,18290.0
2,Nutrient,101,110.0
2,Nutrient,101,7700.0
2,Nutrient,101,23500.0
2,Nutrient,103,800.0
2,Nutrient,103,100.0
2,Nutrient,103,830.0
2,Nutrient,103,3800.0
2,Nutrient,105,500.0
2,Nutrient,105,100.0
2,Nutrient,105,100.0
2,Nutrient,105,0.0
2,Nutrient,105,300.0
2,Nutrient,105,0.0
2,Nutrient,105,900.0
2,Nutrient,105,100.0
2,Nutrient,105,300.0
2,Nutrient,105,0.0
2,Nutrient,105,300.0
2,Nutrient,105,0.0
2,Nutrient,105,260.0
2,Nutrient,105,270.0
2,Nutrient,105,260.0
2,Nutrient,105,280.0
2,Nutrient,105,180.0
2,Nutrient,105,180.0
2,Nutrient,105,1320.0
2,Nutrient,105,280.0
2,Nutrient,105,930.0
2,Nutrient,105,220.0
2,Nutrient,105,200.0
2,Nutrient,105,280.0
2,Nutrient,105,290.0
2,Nutrient,105,100.0
2,Nutrient,105,510.0
2,Nutrient,105,140.0
2,Nutrient,105,170.0
2,Nutrient,105,160.0
2,Nutrient,105,100.0
2,Nutrient,105,170.0
2,Nutrient,105,180.0
2,Nutrient,105,510.0
2,Nutrient,105,140.0
2,Nutrient,105,390.0
2,Nutrient,105,0.0
2,Nutrient,105,450.0
2,Nutrient,105,733.5
2,Nutrient,106,500.0
2,Nutrient,106,100.0
2,Nutrient,106,820.0
2,Nutrient,106,110.0
2,Nutrient,106,3250.0
2,Nutrient,106,5400.0
2,Nutrient,106,9500.0
2,Nutrient,108,29300.0
2,Nutrient,112,3290.0
2,Nutrient,112,19930.0
2,Nutrient,112,16512.0
2,Nutrient,113,3750.0
2,Nutrient,113,24800.0
2,Nutrient,113,12700.0
2,Nutrient,115,5300.0
2,Nutrient,115,3600.0
2,Nutrient,115,1000.0
2,Nutrient,115,840.0
2,Nutrient,115,3600.0
2,Nutrient,115,840.0
2,Nutrient,115,9500.0
2,Nutrient,115,21100.0
2,Nutrient,117,1440.0
2,Nutrient,118,5800.0
2,Nutrient,118,900.0
2,Nutrient,118,6710.0
2,Nutrient,118,5840.0
2,Nutrient,118,0.0
2,Nutrient,118,6600.0
2,Nutrient,118,6650.0
2,Nutrient,119,22980.0
2,Nutrient,119,3150.0
2,Nutrient,119,14420.0
2,Nutrient,119,
2,Nutrient,120,16302.7
2,Nutrient,121,0.0
2,Nutrient,121,0.0
2,Nutrient,121,1000.0
2,Nutrient,121,200.0
2,Nutrient,121,1000.0
2,Nutrient,121,200.0
2,Nutrient,121,2200.0
2,Nutrient,121,400.0
2,Nutrient,121,0.0
2,Nutrient,121,840.0
2,Nutrient,121,970.0
2,Nutrient,121,1030.0
2,Nutrient,121,3900.0
2,Nutrient,121,13100.0
2,Nutrient,121,8900.0
2,Nutrient,122,12660.0
2,Nutrient,122,13227.5
2,Nutrient,124,9000.0
2,Nutrient,124,11474.05
2,Nutrient,125,13400.0
2,Nutrient,125,2200.0
2,Nutrient,125,7300.0
2,Nutrient,125,1200.0
2,Nutrient,125,6800.0
2,Nutrient,125,1100.0
2,Nutrient,125,6500.0
2,Nutrient,125,1100.0
2,Nutrient,125,800.0
2,Nutrient,125,100.0
2,Nutrient,125,9000.0
2,Nutrient,125,1500.0
2,Nutrient,125,7800.0
2,Nutrient,125,1300.0
2,Nutrient,125,8400.0
2,Nutrient,125,1400.0
2,Nutrient,125,0.0
2,Nutrient,125,7940.0
2,Nutrient,125,2580.0
2,Nutrient,125,7500.0
2,Nutrient,125,2320.0
2,Nutrient,125,7130.0
2,Nutrient,125,2690.0
2,Nutrient,125,7510.0
2,Nutrient,125,2910.0
2,Nutrient,125,7820.0
2,Nutrient,125,2180.0
2,Nutrient,125,6610.0
2,Nutrient,125,2380.0
2,Nutrient,125,6500.0
2,Nutrient,125,2360.0
2,Nutrient,125,6810.0
2,Nutrient,125,2020.0
2,Nutrient,125,9370.0
2,Nutrient,125,2540.0
2,Nutrient,125,3200.0
2,Nutrient,125,13350.0
2,Nutrient,125,5950.0
2,Nutrient,125,7230.0
2,Nutrient,125,2690.0
2,Nutrient,125,7130.0
2,Nutrient,125,2690.0
2,Nutrient,125,7510.0
2,Nutrient,125,2910.0
2,Nutrient,125,6610.0
2,Nutrient,125,2380.0
2,Nutrient,125,6500.0
2,Nutrient,125,2360.0
2,Nutrient,125,2690.0
2,Nutrient,125,
2,Nutrient,125,3950.0
2,Nutrient,125,7150.0
2,Nutrient,126,12100.0
2,Nutrient,126,2100.0
2,Nutrient,126,11000.0
2,Nutrient,126,1900.0
2,Nutrient,126,11020.0
2,Nutrient,126,3510.0
2,Nutrient,126,10750.0
2,Nutrient,126,13000.0
2,Nutrient,127,18000.0
2,Nutrient,127,2900.0
2,Nutrient,127,0.0
2,Nutrient,128,2200.0
2,Nutrient,128,400.0
2,Nutrient,128,2200.0
2,Nutrient,128,390.0
2,Nutrient,128,670.0
2,Nutrient,128,5500.0
2,Nutrient,128,11100.0
2,Nutrient,129,2100.0
2,Nutrient,129,300.0
2,Nutrient,129,1200.0
2,Nutrient,129,1320.0
2,Nutrient,129,1320.0
2,Nutrient,129,4850.0
2,Nutrient,129,15250.0
2,Nutrient,130,1900.0
2,Nutrient,130,300.0
2,Nutrient,130,0.0
2,Nutrient,130,2000.0
2,Nutrient,130,1960.0
2,Nutrient,130,2230.0
2,Nutrient,130,4600.0
2,Nutrient,131,2300.0
2,Nutrient,131,400.0
2,Nutrient,131,3700.0
2,Nutrient,131,600.0
2,Nutrient,131,26630.0
2,Nutrient,131,2970.0
2,Nutrient,131,31300.0
2,Nutrient,131,13704.8
2,Nutrient,131,19100.0
2,Nutrient,132,11900.0
2,Nutrient,132,22950.0
2,Nutrient,133,6840.0
2,Nutrient,133,6810.0
2,Nutrient,133,4070.0
2,Nutrient,133,6400.0
2,Nutrient,133,6070.0
2,Nutrient,133,7590.0
2,Nutrient,133,6650.0
2,Nutrient,133,6810.0
2,Nutrient,133,4070.0
2,Nutrient,133,6650.0
2,Nutrient,133,6070.0
2,Nutrient,133,21460.0
2,Nutrient,133,7800.0
2,Nutrient,133,4930.0
2,Nutrient,133,20620.0
2,Nutrient,133,8040.0
2,Nutrient,133,7800.0
2,Nutrient,133,8040.0
2,Nutrient,133,18800.0
2,Nutrient,133,11000.0
2,Nutrient,133,17770.0
2,Nutrient,133,24550.0
2,Nutrient,134,3000.0
2,Nutrient,134,500.0
2,Nutrient,134,5100.0
2,Nutrient,134,800.0
2,Nutrient,134,18900.0
2,Nutrient,134,3000.0
2,Nutrient,134,1500.0
2,Nutrient,134,200.0
2,Nutrient,134,2000.0
2,Nutrient,134,300.0
2,Nutrient,134,1900.0
2,Nutrient,134,300.0
2,Nutrient,134,1400.0
2,Nutrient,134,200.0
2,Nutrient,134,2100.0
2,Nutrient,134,300.0
2,Nutrient,134,21300.0
2,Nutrient,134,3400.0
2,Nutrient,134,4200.0
2,Nutrient,134,4830.0
2,Nutrient,134,6150.0
2,Nutrient,134,7070.0
2,Nutrient,134,9800.0
2,Nutrient,134,9310.0
2,Nutrient,134,1830.0
2,Nutrient,134,1890.0
2,Nutrient,134,720.0
2,Nutrient,134,1260.0
2,Nutrient,134,830.0
2,Nutrient,134,1790.0
2,Nutrient,134,1490.0
2,Nutrient,134,1980.0
2,Nutrient,134,2310.0
2,Nutrient,134,5310.0
2,Nutrient,134,5250.0
2,Nutrient,134,1860.0
2,Nutrient,134,4830.0
2,Nutrient,134,7070.0
2,Nutrient,134,9310.0
2,Nutrient,134,1860.0
2,Nutrient,134,1820.0
2,Nutrient,134,1890.0
2,Nutrient,134,1890.0
2,Nutrient,134,1890.0
2,Nutrient,134,800.0
2,Nutrient,134,800.0
2,Nutrient,134,800.0
2,Nutrient,134,1260.0
2,Nutrient,134,1800.0
2,Nutrient,134,1490.0
2,Nutrient,134,1490.0
2,Nutrient,134,1490.0
2,Nutrient,134,5310.0
2,Nutrient,134,1150.0
2,Nutrient,134,1150.0
2,Nutrient,134,21600.0
2,Nutrient,134,8860.0
2,Nutrient,134,23030.0
2,Nutrient,134,9340.0
2,Nutrient,134,5540.0
2,Nutrient,134,18810.0
2,Nutrient,134,7050.0
2,Nutrient,134,21860.0
2,Nutrient,134,8330.0
2,Nutrient,134,7370.0
2,Nutrient,134,23580.0
2,Nutrient,134,8670.0
2,Nutrient,134,5220.0
2,Nutrient,134,24370.0
2,Nutrient,134,9130.0
2,Nutrient,134,22530.0
2,Nutrient,134,8670.0
2,Nutrient,134,5220.0
2,Nutrient,134,25330.0
2,Nutrient,134,9490.0
2,Nutrient,134,22330.0
2,Nutrient,134,8230.0
2,Nutrient,134,7530.0
2,Nutrient,134,20960.0
2,Nutrient,134,9060.0
2,Nutrient,134,21420.0
2,Nutrient,134,9010.0
2,Nutrient,134,4600.0
2,Nutrient,134,21110.0
2,Nutrient,134,8970.0
2,Nutrient,134,22000.0
2,Nutrient,134,9160.0
2,Nutrient,134,23360.0
2,Nutrient,134,9730.0
2,Nutrient,134,7260.0
2,Nutrient,134,5410.0
2,Nutrient,134,10620.0
2,Nutrient,134,7980.0
2,Nutrient,134,6990.0
2,Nutrient,134,5280.0
2,Nutrient,134,5340.0
2,Nutrient,134,5000.0
2,Nutrient,134,8860.0
2,Nutrient,134,9340.0
2,Nutrient,134,7050.0
2,Nutrient,134,8330.0
2,Nutrient,134,8670.0
2,Nutrient,134,9130.0
2,Nutrient,134,8670.0
2,Nutrient,134,8120.0
2,Nutrient,134,9490.0
2,Nutrient,134,8230.0
2,Nutrient,134,9060.0
2,Nutrient,134,9010.0
2,Nutrient,134,7040.0
2,Nutrient,134,8970.0
2,Nutrient,134,9160.0
2,Nutrient,134,9730.0
2,Nutrient,134,10620.0
2,Nutrient,134,4800.0
2,Nutrient,134,12085.0
2,Nutrient,134,16650.0
2,Nutrient,134,24600.0
2,Nutrient,134,24680.65
2,Nutrient,135,2000.0
2,Nutrient,135,300.0
2,Nutrient,135,2450.0
2,Nutrient,135,1810.0
2,Nutrient,135,3100.0
2,Nutrient,135,5500.0
2,Nutrient,137,17600.0
2,Nutrient,137,20050.0
2,Nutrient,138,13700.0
2,Nutrient,138,2600.0
2,Nutrient,138,13690.0
2,Nutrient,138,7410.0
2,Nutrient,139,11000.0
2,Nutrient,139,1800.0
2,Nutrient,139,10390.0
2,Nutrient,139,10400.0
2,Nutrient,139,11613.7
2,Nutrient,140,20600.0
2,Nutrient,140,3900.0
2,Nutrient,140,21400.0
2,Nutrient,140,4000.0
2,Nutrient,140,20270.0
2,Nutrient,140,20950.0
2,Nutrient,140,20950.0
2,Nutrient,140,20555.1
2,Nutrient,141,5900.0
2,Nutrient,141,900.0
2,Nutrient,141,6100.0
2,Nutrient,141,1000.0
2,Nutrient,141,5900.0
2,Nutrient,141,1000.0
2,Nutrient,141,22000.0
2,Nutrient,141,3500.0
2,Nutrient,141,3400.0
2,Nutrient,141,500.0
2,Nutrient,141,2800.0
2,Nutrient,141,3270.0
2,Nutrient,141,2800.0
2,Nutrient,141,3500.0
2,Nutrient,141,5420.0
2,Nutrient,141,5360.0
2,Nutrient,141,3010.0
2,Nutrient,141,4470.0
2,Nutrient,141,3090.0
2,Nutrient,141,4330.0
2,Nutrient,141,5220.0
2,Nutrient,141,5150.0
2,Nutrient,141,8800.0
2,Nutrient,141,7050.0
2,Nutrient,141,3270.0
2,Nutrient,141,3500.0
2,Nutrient,141,5360.0
2,Nutrient,141,3190.0
2,Nutrient,141,4420.0
2,Nutrient,141,5150.0
2,Nutrient,141,7050.0
2,Nutrient,141,24550.0
2,Nutrient,141,8340.0
2,Nutrient,141,8340.0
2,Nutrient,141,15247.7
2,Nutrient,141,19550.0
2,Nutrient,141,15742.1
2,Nutrient,142,1300.0
2,Nutrient,142,1490.0
2,Nutrient,142,1490.0
2,Nutrient,142,13650.0
2,Nutrient,143,500.0
2,Nutrient,143,100.0
2,Nutrient,143,500.0
2,Nutrient,143,100.0
2,Nutrient,143,1000.0
2,Nutrient,143,200.0
2,Nutrient,143,1400.0
2,Nutrient,143,200.0
2,Nutrient,143,220.0
2,Nutrient,144,500.0
2,Nutrient,144,100.0
2,Nutrient,144,2900.0
2,Nutrient,144,500.0
2,Nutrient,144,800.0
2,Nutrient,144,100.0
2,Nutrient,144,0.0
2,Nutrient,144,1400.0
2,Nutrient,144,710.0
2,Nutrient,144,690.0
2,Nutrient,144,630.0
2,Nutrient,144,600.0
2,Nutrient,144,530.0
2,Nutrient,144,530.0
2,Nutrient,144,510.0
2,Nutrient,144,550.0
2,Nutrient,144,4900.0
2,Nutrient,144,1930.0
2,Nutrient,144,3390.0
2,Nutrient,144,1200.0
2,Nutrient,144,1170.0
2,Nutrient,144,700.0
2,Nutrient,144,370.0
2,Nutrient,144,640.0
2,Nutrient,144,370.0
2,Nutrient,144,700.0
2,Nutrient,144,6850.0
2,Nutrient,144,31500.0
2,Nutrient,145,1060.0
2,Nutrient,145,770.0
2,Nutrient,145,910.0
2,Nutrient,145,610.0
2,Nutrient,145,600.0
2,Nutrient,145,590.0
2,Nutrient,145,1150.0
2,Nutrient,145,730.0
2,Nutrient,146,1000.0
2,Nutrient,146,770.0
2,Nutrient,146,740.0
2,Nutrient,146,730.0
2,Nutrient,146,710.0
2,Nutrient,146,920.0
2,Nutrient,146,5644.5
2,Nutrient,147,500.0
2,Nutrient,147,100.0
2,Nutrient,147,2700.0
2,Nutrient,147,400.0
2,Nutrient,147,700.0
2,Nutrient,147,390.0
2,Nutrient,147,510.0
2,Nutrient,147,370.0
2,Nutrient,147,360.0
2,Nutrient,147,360.0
2,Nutrient,147,870.0
2,Nutrient,147,3700.0
2,Nutrient,147,1230.0
2,Nutrient,147,2180.0
2,Nutrient,147,960.0
2,Nutrient,147,1090.0
2,Nutrient,147,610.0
2,Nutrient,147,440.0
2,Nutrient,147,2100.0
2,Nutrient,147,430.0
2,Nutrient,147,3133.0
2,Nutrient,147,20200.0
2,Nutrient,148,20500.0
2,Nutrient,148,4000.0
2,Nutrient,148,0.0
2,Nutrient,148,21220.0
2,Nutrient,148,21400.0
2,Nutrient,148,21060.0
2,Nutrient,148,21230.0
2,Nutrient,148,9000.0
2,Nutrient,148,20960.0
2,Nutrient,148,18170.0
2,Nutrient,148,21060.0
2,Nutrient,148,21230.0
2,Nutrient,148,20960.0
2,Nutrient,148,26300.0
2,Nutrient,149,500.0
2,Nutrient,149,100.0
2,Nutrient,149,4900.0
2,Nutrient,149,800.0
2,Nutrient,149,1000.0
2,Nutrient,149,200.0
2,Nutrient,149,910.0
2,Nutrient,149,440.0
2,Nutrient,149,630.0
2,Nutrient,149,400.0
2,Nutrient,149,450.0
2,Nutrient,149,450.0
2,Nutrient,149,470.0
2,Nutrient,149,410.0
2,Nutrient,149,4890.0
2,Nutrient,149,2010.0
2,Nutrient,149,3610.0
2,Nutrient,149,1160.0
2,Nutrient,149,1060.0
2,Nutrient,149,630.0
2,Nutrient,149,270.0
2,Nutrient,149,520.0
2,Nutrient,149,270.0
2,Nutrient,149,560.0
2,Nutrient,149,3492.5
2,Nutrient,149,27550.0
2,Nutrient,150,900.0
2,Nutrient,150,100.0
2,Nutrient,150,2550.0
2,Nutrient,150,320.0
2,Nutrient,150,90.0
2,Nutrient,150,3360.0
2,Nutrient,150,15200.0
2,Nutrient,151,1000.0
2,Nutrient,151,200.0
2,Nutrient,151,1670.0
2,Nutrient,151,150.0
2,Nutrient,151,4035.0
2,Nutrient,151,2500.0
2,Nutrient,152,300.0
2,Nutrient,152,0.0
2,Nutrient,152,300.0
2,Nutrient,152,100.0
2,Nutrient,152,380.0
2,Nutrient,152,190.0
2,Nutrient,152,340.0
2,Nutrient,152,300.0
2,Nutrient,152,190.0
2,Nutrient,152,200.0
2,Nutrient,152,190.0
2,Nutrient,152,1870.0
2,Nutrient,152,910.0
2,Nutrient,152,860.0
2,Nutrient,152,110.0
2,Nutrient,152,240.0
2,Nutrient,152,110.0
2,Nutrient,152,340.0
2,Nutrient,152,280.0
2,Nutrient,152,1454.5
2,Nutrient,153,800.0
2,Nutrient,153,100.0
2,Nutrient,153,680.0
2,Nutrient,153,1100.0
2,Nutrient,153,3810.0
2,Nutrient,153,1100.0
2,Nutrient,153,13500.0
2,Nutrient,153,16000.0
2,Nutrient,153,9363.0
2,Nutrient,153,28600.0
2,Nutrient,154,900.0
2,Nutrient,154,100.0
2,Nutrient,154,900.0
2,Nutrient,154,100.0
2,Nutrient,154,900.0
2,Nutrient,154,550.0
2,Nutrient,154,390.0
2,Nutrient,154,14150.0
2,Nutrient,154,5950.0
2,Nutrient,155,600.0
2,Nutrient,155,100.0
2,Nutrient,155,500.0
2,Nutrient,155,100.0
2,Nutrient,155,500.0
2,Nutrient,155,100.0
2,Nutrient,155,1500.0
2,Nutrient,155,200.0
2,Nutrient,155,500.0
2,Nutrient,155,100.0
2,Nutrient,155,1400.0
2,Nutrient,155,5032.0
2,Nutrient,155,14170.0
2,Nutrient,156,200.0
2,Nutrient,156,0.0
2,Nutrient,156,500.0
2,Nutrient,156,100.0
2,Nutrient,156,500.0
2,Nutrient,156,100.0
2,Nutrient,156,1300.0
2,Nutrient,156,200.0
2,Nutrient,156,1400.0
2,Nutrient,156,5061.0
2,Nutrient,157,900.0
2,Nutrient,157,100.0
2,Nutrient,157,880.0
2,Nutrient,157,650.0
2,Nutrient,157,4610.65
2,Nutrient,158,1700.0
2,Nutrient,158,300.0
2,Nutrient,158,2300.0
2,Nutrient,158,24150.0
2,Nutrient,159,4880.0
2,Nutrient,159,3310.0
2,Nutrient,159,5163.4
2,Nutrient,160,1200.0
2,Nutrient,160,200.0
2,Nutrient,160,1400.0
2,Nutrient,160,200.0
2,Nutrient,160,600.0
2,Nutrient,160,100.0
2,Nutrient,160,500.0
2,Nutrient,160,100.0
2,Nutrient,160,500.0
2,Nutrient,160,100.0
2,Nutrient,160,1400.0
2,Nutrient,160,200.0
2,Nutrient,160,1400.0
2,Nutrient,160,200.0
2,Nutrient,160,1390.0
2,Nutrient,160,300.0
2,Nutrient,160,1310.0
2,Nutrient,160,1180.0
2,Nutrient,160,1200.0
2,Nutrient,160,840.0
2,Nutrient,160,1120.0
2,Nutrient,161,2400.0
2,Nutrient,162,830.0
2,Nutrient,162,700.0
2,Nutrient,162,
2,Nutrient,162,11300.0
2,Nutrient,164,2000.0
2,Nutrient,164,300.0
2,Nutrient,164,14300.0
2,Nutrient,165,10630.0
2,Nutrient,165,11500.0
2,Nutrient,165,18000.0
2,Nutrient,166,2500.0
2,Nutrient,166,26900.0
2,Nutrient,167,6730.0
2,Nutrient,167,9462.0
2,Nutrient,167,23500.0
2,Nutrient,169,8800.0
2,Nutrient,169,1500.0
2,Nutrient,169,9000.0
2,Nutrient,169,1600.0
2,Nutrient,169,6100.0
2,Nutrient,169,1100.0
2,Nutrient,169,7800.0
2,Nutrient,169,1400.0
2,Nutrient,169,9600.0
2,Nutrient,169,1700.0
2,Nutrient,169,10340.0
2,Nutrient,169,15910.0
2,Nutrient,169,10880.0
2,Nutrient,169,9820.0
2,Nutrient,169,7338.5
2,Nutrient,169,15825.0
2,Nutrient,170,0.0
2,Nutrient,170,0.0
2,Nutrient,170,21900.0
2,Nutrient,170,4100.0
2,Nutrient,170,17700.0
2,Nutrient,170,3300.0
2,Nutrient,170,0.0
2,Nutrient,170,17730.0
2,Nutrient,170,16960.0
2,Nutrient,170,16960.0
2,Nutrient,170,40320.0
2,Nutrient,170,50140.0
2,Nutrient,170,16960.0
2,Nutrient,170,17000.0
2,Nutrient,170,18080.0
2,Nutrient,170,30780.0
2,Nutrient,170,17950.0
2,Nutrient,170,17810.0
2,Nutrient,170,20450.0
2,Nutrient,170,16960.0
2,Nutrient,170,17400.0
2,Nutrient,170,23400.0
2,Nutrient,170,20951.9
2,Nutrient,171,4300.0
2,Nutrient,171,700.0
2,Nutrient,171,4400.0
2,Nutrient,171,700.0
2,Nutrient,171,700.0
2,Nutrient,171,100.0
2,Nutrient,171,14100.0
2,Nutrient,171,2300.0
2,Nutrient,171,1100.0
2,Nutrient,171,200.0
2,Nutrient,171,1200.0
2,Nutrient,171,200.0
2,Nutrient,171,700.0
2,Nutrient,171,100.0
2,Nutrient,171,800.0
2,Nutrient,171,100.0
2,Nutrient,171,0.0
2,Nutrient,171,1200.0
2,Nutrient,171,880.0
2,Nutrient,171,950.0
2,Nutrient,171,780.0
2,Nutrient,171,910.0
2,Nutrient,171,690.0
2,Nutrient,171,760.0
2,Nutrient,171,4320.0
2,Nutrient,171,1650.0
2,Nutrient,171,12910.0
2,Nutrient,171,1960.0
2,Nutrient,171,1640.0
2,Nutrient,171,1160.0
2,Nutrient,171,980.0
2,Nutrient,171,950.0
2,Nutrient,171,780.0
2,Nutrient,171,760.0
2,Nutrient,171,4320.0
2,Nutrient,171,1650.0
2,Nutrient,171,14110.0
2,Nutrient,171,5060.0
2,Nutrient,173,7886.25
2,Nutrient,174,900.0
2,Nutrient,174,200.0
2,Nutrient,174,1010.0
2,Nutrient,174,830.0
2,Nutrient,174,830.0
2,Nutrient,174,900.0
2,Nutrient,174,10500.0
2,Nutrient,174,19200.0
2,Nutrient,175,4900.0
2,Nutrient,175,800.0
2,Nutrient,175,5400.0
2,Nutrient,175,900.0
2,Nutrient,175,6100.0
2,Nutrient,175,1000.0
2,Nutrient,175,5000.0
2,Nutrient,175,800.0
2,Nutrient,175,200.0
2,Nutrient,175,0.0
2,Nutrient,175,2200.0
2,Nutrient,175,400.0
2,Nutrient,175,1400.0
2,Nutrient,175,200.0
2,Nutrient,175,1800.0
2,Nutrient,175,300.0
2,Nutrient,175,2200.0
2,Nutrient,175,400.0
2,Nutrient,175,1900.0
2,Nutrient,175,300.0
2,Nutrient,175,10900.0
2,Nutrient,175,1700.0
2,Nutrient,175,8200.0
2,Nutrient,175,1300.0
2,Nutrient,175,2020.0
2,Nutrient,175,2140.0
2,Nutrient,175,1680.0
2,Nutrient,175,1890.0
2,Nutrient,175,2630.0
2,Nutrient,175,2100.0
2,Nutrient,175,2300.0
2,Nutrient,175,2120.0
2,Nutrient,175,2510.0
2,Nutrient,175,2570.0
2,Nutrient,175,1960.0
2,Nutrient,175,4290.0
2,Nutrient,175,1870.0
2,Nutrient,175,2860.0
2,Nutrient,175,1710.0
2,Nutrient,175,2100.0
2,Nutrient,175,4390.0
2,Nutrient,175,3000.0
2,Nutrient,175,1960.0
2,Nutrient,175,1200.0
2,Nutrient,175,1410.0
2,Nutrient,175,8340.0
2,Nutrient,175,1770.0
2,Nutrient,175,8220.0
2,Nutrient,175,2050.0
2,Nutrient,175,10900.0
2,Nutrient,175,2130.0
2,Nutrient,175,2060.0
2,Nutrient,175,3160.0
2,Nutrient,175,1870.0
2,Nutrient,175,2460.0
2,Nutrient,175,2410.0
2,Nutrient,175,2900.0
2,Nutrient,175,1830.0
2,Nutrient,175,2220.0
2,Nutrient,175,2380.0
2,Nutrient,175,1980.0
2,Nutrient,175,2240.0
2,Nutrient,175,2660.0
2,Nutrient,175,2420.0
2,Nutrient,175,3440.0
2,Nutrient,175,2830.0
2,Nutrient,175,3550.0
2,Nutrient,175,2700.0
2,Nutrient,175,2190.0
2,Nutrient,175,2570.0
2,Nutrient,175,6900.0
2,Nutrient,175,1910.0
2,Nutrient,175,2350.0
2,Nutrient,175,2500.0
2,Nutrient,175,2440.0
2,Nutrient,175,2500.0
2,Nutrient,175,1960.0
2,Nutrient,175,4290.0
2,Nutrient,175,1870.0
2,Nutrient,175,2860.0
2,Nutrient,175,1710.0
2,Nutrient,175,2440.0
2,Nutrient,175,2100.0
2,Nutrient,175,4390.0
2,Nutrient,175,1980.0
2,Nutrient,175,3440.0
2,Nutrient,175,2660.0
2,Nutrient,175,2240.0
2,Nutrient,175,2050.0
2,Nutrient,175,1900.0
2,Nutrient,175,1860.0
2,Nutrient,175,2610.0
2,Nutrient,175,3760.0
2,Nutrient,175,1650.0
2,Nutrient,175,3810.0
2,Nutrient,175,3500.0
2,Nutrient,175,2260.0
2,Nutrient,175,2870.0
2,Nutrient,175,4030.0
2,Nutrient,175,4050.0
2,Nutrient,175,3390.0
2,Nutrient,175,4080.0
2,Nutrient,175,3650.0
2,Nutrient,175,3250.0
2,Nutrient,175,3470.0
2,Nutrient,175,1400.0
2,Nutrient,175,6850.0
2,Nutrient,177,11300.0
2,Nutrient,177,7870.0
2,Nutrient,178,2100.0
2,Nutrient,178,300.0
2,Nutrient,178,2600.0
2,Nutrient,178,400.0
2,Nutrient,178,2860.0
2,Nutrient,178,2970.0
2,Nutrient,178,2110.0
2,Nutrient,178,2810.0
2,Nutrient,178,3630.0
2,Nutrient,178,4010.0
2,Nutrient,178,2970.0
2,Nutrient,178,2110.0
2,Nutrient,178,4010.0
2,Nutrient,178,19021.7
2,Nutrient,179,5970.0
2,Nutrient,179,6100.0
2,Nutrient,180,2800.0
2,Nutrient,180,400.0
2,Nutrient,180,2800.0
2,Nutrient,180,90.0
2,Nutrient,180,12500.0
2,Nutrient,180,7250.0
2,Nutrient,180,18250.0
2,Nutrient,180,18600.0
2,Nutrient,180,
2,Nutrient,181,3000.0
2,Nutrient,181,500.0
2,Nutrient,181,2700.0
2,Nutrient,181,2000.0
2,Nutrient,181,2000.0
2,Nutrient,181,10725.0
2,Nutrient,181,10050.0
2,Nutrient,182,2028.5
2,Nutrient,182,15000.0
2,Nutrient,183,9110.0
2,Nutrient,183,5560.0
2,Nutrient,183,
2,Nutrient,183,9900.0
2,Nutrient,184,7450.0
2,Nutrient,184,17300.0
2,Nutrient,186,23000.0
2,Nutrient,186,31250.0
2,Nutrient,187,15400.0
2,Nutrient,187,12610.0
2,Nutrient,187,10350.0
2,Nutrient,187,11310.0
2,Nutrient,187,10690.0
2,Nutrient,187,6600.0
2,Nutrient,187,23000.0
2,Nutrient,188,400.0
2,Nutrient,188,100.0
2,Nutrient,188,400.0
2,Nutrient,188,100.0
2,Nutrient,188,740.0
2,Nutrient,188,650.0
2,Nutrient,188,0.0
2,Nutrient,188,420.0
2,Nutrient,188,400.0
2,Nutrient,188,1040.0
2,Nutrient,188,560.0
2,Nutrient,188,0.0
2,Nutrient,188,20.0
2,Nutrient,188,50.0
2,Nutrient,188,10.0
2,Nutrient,191,2562.0
2,Nutrient,192,390.0
2,Nutrient,192,70.0
2,Nutrient,192,200.0
2,Nutrient,192,390.0
2,Nutrient,192,1845.0
2,Nutrient,193,700.0
2,Nutrient,193,100.0
2,Nutrient,193,12900.0
2,Nutrient,194,200.0
2,Nutrient,194,0.0
2,Nutrient,194,800.0
2,Nutrient,194,100.0
2,Nutrient,194,400.0
2,Nutrient,195,60.0
2,Nutrient,197,5600.0
2,Nutrient,197,4800.0
2,Nutrient,197,4800.0
2,Nutrient,197,7920.0
2,Nutrient,197,26120.0
2,Nutrient,197,7600.0
2,Nutrient,197,5470.0
2,Nutrient,197,7600.0
2,Nutrient,197,17660.0
2,Nutrient,197,17536.75
2,Nutrient,198,10000.0
2,Nutrient,198,1600.0
2,Nutrient,198,19870.0
2,Nutrient,198,7520.0
2,Nutrient,198,3800.0
2,Nutrient,198,3290.0
2,Nutrient,198,7520.0
2,Nutrient,198,21412.6
2,Nutrient,199,25210.0
2,Nutrient,199,7540.0
2,Nutrient,199,7540.0
2,Nutrient,199,9000.0
2,Nutrient,199,8900.0
2,Nutrient,199,14500.0
2,Nutrient,200,3000.0
2,Nutrient,200,500.0
2,Nutrient,200,23900.0
2,Nutrient,200,3800.0
2,Nutrient,200,3040.0
2,Nutrient,200,2030.0
2,Nutrient,200,4300.0
2,Nutrient,200,1400.0
2,Nutrient,200,2030.0
2,Nutrient,200,23860.0
2,Nutrient,200,7020.0
2,Nutrient,200,7020.0
2,Nutrient,200,25071.55
2,Nutrient,200,19693.5
2,Nutrient,202,3300.0
2,Nutrient,202,2600.0
2,Nutrient,202,4100.0
2,Nutrient,202,4670.0
2,Nutrient,202,2600.0
2,Nutrient,202,4670.0
2,Nutrient,203,810.0
2,Nutrient,204,4080.0
2,Nutrient,204,720.0
2,Nutrient,204,3390.0
2,Nutrient,204,3070.0
2,Nutrient,204,2520.0
2,Nutrient,204,5600.0
2,Nutrient,204,2079.3
2,Nutrient,204,8500.0
2,Nutrient,204,8900.0
2,Nutrient,205,6800.0
2,Nutrient,205,1100.0
2,Nutrient,205,0.0
2,Nutrient,205,0.0
2,Nutrient,205,400.0
2,Nutrient,205,100.0
2,Nutrient,205,9600.0
2,Nutrient,205,1500.0
2,Nutrient,205,9600.0
2,Nutrient,205,1500.0
2,Nutrient,205,9600.0
2,Nutrient,205,1500.0
2,Nutrient,205,3100.0
2,Nutrient,205,500.0
2,Nutrient,205,3300.0
2,Nutrient,205,500.0
2,Nutrient,205,3700.0
2,Nutrient,205,600.0
2,Nutrient,205,0.0
2,Nutrient,205,3270.0
2,Nutrient,205,3410.0
2,Nutrient,205,1950.0
2,Nutrient,205,2460.0
2,Nutrient,205,1740.0
2,Nutrient,205,2410.0
2,Nutrient,205,2180.0
2,Nutrient,205,3020.0
2,Nutrient,205,2550.0
2,Nutrient,205,3280.0
2,Nutrient,205,3110.0
2,Nutrient,205,3620.0
2,Nutrient,205,3410.0
2,Nutrient,205,1950.0
2,Nutrient,205,1740.0
2,Nutrient,205,2410.0
2,Nutrient,205,2550.0
2,Nutrient,205,3110.0
2,Nutrient,205,3220.0
2,Nutrient,205,3340.0
2,Nutrient,205,3340.0
2,Nutrient,205,1950.0
2,Nutrient,205,1950.0
2,Nutrient,205,2620.0
2,Nutrient,205,1740.0
2,Nutrient,205,1740.0
2,Nutrient,205,2410.0
2,Nutrient,205,2410.0
2,Nutrient,205,3020.0
2,Nutrient,205,2750.0
2,Nutrient,205,2750.0
2,Nutrient,205,3280.0
2,Nutrient,205,3110.0
2,Nutrient,205,3110.0
2,Nutrient,205,9420.0
2,Nutrient,205,8360.0
2,Nutrient,205,6930.0
2,Nutrient,205,9280.0
2,Nutrient,205,5590.0
2,Nutrient,205,9280.0
2,Nutrient,205,8120.0
2,Nutrient,205,7110.0
2,Nutrient,205,8280.0
2,Nutrient,205,8410.0
2,Nutrient,205,8410.0
2,Nutrient,205,260.0
2,Nutrient,205,1480.0
2,Nutrient,205,9420.0
2,Nutrient,205,8750.0
2,Nutrient,205,6930.0
2,Nutrient,205,9280.0
2,Nutrient,205,8120.0
2,Nutrient,205,7110.0
2,Nutrient,205,8280.0
2,Nutrient,205,8410.0
2,Nutrient,205,8410.0
2,Nutrient,205,1480.0
2,Nutrient,205,7110.0
2,Nutrient,205,7110.0
2,Nutrient,205,3060.0
2,Nutrient,205,660.0
2,Nutrient,205,10400.0
2,Nutrient,205,9880.0
2,Nutrient,205,9720.0
2,Nutrient,205,10990.0
2,Nutrient,205,9850.0
2,Nutrient,205,14480.0
2,Nutrient,205,7726.0
2,Nutrient,205,9900.0
2,Nutrient,206,1800.0
2,Nutrient,206,300.0
2,Nutrient,206,8980.0
2,Nutrient,206,1820.0
2,Nutrient,206,7150.0
2,Nutrient,208,1300.0
2,Nutrient,208,200.0
2,Nutrient,208,1090.0
2,Nutrient,208,3890.0
2,Nutrient,214,1800.0
2,Nutrient,214,300.0
2,Nutrient,224,1310.0
2,Nutrient,224,4900.0
2,Nutrient,229,1100.0
2,Nutrient,229,200.0
2,Nutrient,229,1060.0
2,Nutrient,234,650.0
2,Nutrient,237,1800.0
2,Nutrient,237,300.0
2,Nutrient,237,1800.0
2,Nutrient,237,1880.0
2,Nutrient,237,1880.0
2,Nutrient,241,1900.0
2,Nutrient,242,13680.0
2,Nutrient,243,12300.0
2,Nutrient,243,2500.0
2,Nutrient,246,13050.0
2,Nutrient,246,13180.0
2,Nutrient,247,2450.0
2,Nutrient,247,2110.0
2,Nutrient,247,2690.0
2,Nutrient,247,2970.0
2,Nutrient,247,2110.0
2,Nutrient,247,2970.0
2,Nutrient,249,1800.0
2,Nutrient,249,300.0
2,Nutrient,252,1500.0
2,Nutrient,252,200.0
2,Nutrient,252,1500.0
2,Nutrient,252,1560.0
2,Nutrient,252,1560.0
2,Nutrient,253,1200.0
2,Nutrient,253,1500.0
2,Nutrient,253,1500.0
2,Nutrient,256,900.0
2,Nutrient,256,100.0
2,Nutrient,256,300.0
2,Nutrient,256,0.0
2,Nutrient,256,630.0
2,Nutrient,256,770.0
2,Nutrient,256,500.0
2,Nutrient,256,550.0
2,Nutrient,256,690.0
2,Nutrient,256,880.0
2,Nutrient,256,630.0
2,Nutrient,256,580.0
2,Nutrient,256,700.0
2,Nutrient,256,560.0
2,Nutrient,256,520.0
2,Nutrient,256,580.0
2,Nutrient,256,1970.0
2,Nutrient,256,550.0
2,Nutrient,256,500.0
2,Nutrient,256,500.0
2,Nutrient,261,1000.0
2,Nutrient,261,200.0
2,Nutrient,261,600.0
2,Nutrient,261,100.0
2,Nutrient,261,600.0
2,Nutrient,261,670.0
2,Nutrient,261,7900.0
2,Nutrient,261,670.0
2,Nutrient,264,1000.0
2,Nutrient,264,200.0
2,Nutrient,264,900.0
2,Nutrient,264,100.0
2,Nutrient,264,1700.0
2,Nutrient,264,300.0
2,Nutrient,264,14300.0
2,Nutrient,264,7792.5
2,Nutrient,264,13000.0
2,Nutrient,268,300.0
2,Nutrient,268,0.0
2,Nutrient,268,300.0
2,Nutrient,268,0.0
2,Nutrient,268,400.0
2,Nutrient,268,100.0
2,Nutrient,268,200.0
2,Nutrient,268,0.0
2,Nutrient,268,300.0
2,Nutrient,268,0.0
2,Nutrient,268,400.0
2,Nutrient,268,100.0
2,Nutrient,268,460.0
2,Nutrient,268,360.0
2,Nutrient,268,200.0
2,Nutrient,268,240.0
2,Nutrient,268,250.0
2,Nutrient,268,170.0
2,Nutrient,269,8700.0
2,Nutrient,269,1500.0
2,Nutrient,269,7900.0
2,Nutrient,269,1400.0
2,Nutrient,269,7000.0
2,Nutrient,269,1200.0
2,Nutrient,269,9300.0
2,Nutrient,269,1600.0
2,Nutrient,269,8300.0
2,Nutrient,269,1400.0
2,Nutrient,269,8300.0
2,Nutrient,269,1400.0
2,Nutrient,269,8300.0
2,Nutrient,269,1400.0
2,Nutrient,269,9300.0
2,Nutrient,269,1600.0
2,Nutrient,269,8400.0
2,Nutrient,269,1400.0
2,Nutrient,269,5200.0
2,Nutrient,269,9500.0
2,Nutrient,269,10500.0
2,Nutrient,269,6600.0
2,Nutrient,269,8800.0
2,Nutrient,269,12100.0
2,Nutrient,269,12000.0
2,Nutrient,269,10860.0
2,Nutrient,269,9500.0
2,Nutrient,269,8600.0
2,Nutrient,269,9870.0
2,Nutrient,269,9600.0
2,Nutrient,269,8300.0
2,Nutrient,269,9900.0
2,Nutrient,269,13200.0
2,Nutrient,269,8500.0
2,Nutrient,269,8070.0
2,Nutrient,269,7060.0
2,Nutrient,269,8360.0
2,Nutrient,269,4720.0
2,Nutrient,269,10420.0
2,Nutrient,269,8200.0
2,Nutrient,269,4290.0
2,Nutrient,269,8200.0
2,Nutrient,270,12000.0
2,Nutrient,270,2100.0
2,Nutrient,270,12000.0
2,Nutrient,270,2100.0
2,Nutrient,270,12000.0
2,Nutrient,270,2100.0
2,Nutrient,270,7300.0
2,Nutrient,270,1200.0
2,Nutrient,270,5600.0
2,Nutrient,270,900.0
2,Nutrient,270,13140.0
2,Nutrient,270,8100.0
2,Nutrient,270,5000.0
2,Nutrient,270,7000.0
2,Nutrient,270,4390.0
2,Nutrient,270,4450.0
2,Nutrient,270,7100.0
2,Nutrient,270,11330.0
2,Nutrient,270,5220.0
2,Nutrient,270,4700.0
2,Nutrient,270,3850.0
2,Nutrient,270,6370.0
2,Nutrient,270,6450.0
2,Nutrient,270,6610.0
2,Nutrient,270,7700.0
2,Nutrient,270,8000.0
2,Nutrient,270,6690.0
2,Nutrient,270,10000.0
2,Nutrient,270,9400.0
2,Nutrient,270,5000.0
2,Nutrient,270,9000.0
2,Nutrient,270,4300.0
2,Nutrient,270,4300.0
2,Nutrient,270,6450.0
2,Nutrient,270,14850.0
2,Nutrient,270,12480.0
2,Nutrient,270,9500.0
2,Nutrient,270,7140.0
2,Nutrient,270,6200.0
2,Nutrient,270,6410.0
2,Nutrient,270,7690.0
2,Nutrient,270,9970.0
2,Nutrient,270,7410.0
2,Nutrient,270,12700.0
2,Nutrient,270,10550.0
2,Nutrient,270,6250.0
2,Nutrient,270,7700.0
2,Nutrient,270,4510.0
2,Nutrient,270,8590.0
2,Nutrient,270,8000.0
2,Nutrient,270,7410.0
2,Nutrient,270,6840.0
2,Nutrient,270,7010.0
2,Nutrient,270,18300.0
2,Nutrient,270,4600.0
2,Nutrient,270,4340.0
2,Nutrient,270,6400.0
2,Nutrient,270,5800.0
2,Nutrient,270,11830.0
2,Nutrient,270,6700.0
2,Nutrient,270,6670.0
2,Nutrient,270,3130.0
2,Nutrient,270,5600.0
2,Nutrient,270,8400.0
2,Nutrient,270,10640.0
2,Nutrient,270,4000.0
2,Nutrient,270,29100.0
2,Nutrient,270,26550.0
2,Nutrient,270,6250.0
2,Nutrient,270,6900.0
2,Nutrient,270,9400.0
2,Nutrient,270,6300.0
2,Nutrient,270,900.0
2,Nutrient,270,10500.0
2,Nutrient,270,1440.0
2,Nutrient,270,11600.0
2,Nutrient,270,1820.0
2,Nutrient,270,10600.0
2,Nutrient,270,1840.0
2,Nutrient,270,9700.0
2,Nutrient,270,1900.0
2,Nutrient,270,6900.0
2,Nutrient,270,1600.0
2,Nutrient,270,1820.0
2,Nutrient,270,11200.0
2,Nutrient,270,2290.0
2,Nutrient,270,11800.0
2,Nutrient,270,13200.0
2,Nutrient,270,2400.0
2,Nutrient,270,13150.0
2,Nutrient,270,2540.0
2,Nutrient,270,12720.0
2,Nutrient,270,2370.0
2,Nutrient,270,8930.0
2,Nutrient,270,8590.0
2,Nutrient,270,2400.0
2,Nutrient,270,9920.0
2,Nutrient,270,7760.0
2,Nutrient,270,2070.0
2,Nutrient,270,14100.0
2,Nutrient,270,2200.0
2,Nutrient,270,14400.0
2,Nutrient,270,2700.0
2,Nutrient,270,7200.0
2,Nutrient,270,4800.0
2,Nutrient,270,13100.0
2,Nutrient,270,2000.0
2,Nutrient,270,11200.0
2,Nutrient,270,2000.0
2,Nutrient,270,16260.0
2,Nutrient,270,11370.0
2,Nutrient,270,11800.0
2,Nutrient,270,3000.0
2,Nutrient,270,6300.0
2,Nutrient,270,14700.0
2,Nutrient,270,900.0
2,Nutrient,270,1460.0
2,Nutrient,270,1840.0
2,Nutrient,270,10600.0
2,Nutrient,270,1820.0
2,Nutrient,270,2290.0
2,Nutrient,270,10600.0
2,Nutrient,270,2430.0
2,Nutrient,270,2540.0
2,Nutrient,270,2700.0
2,Nutrient,270,2030.0
2,Nutrient,270,2000.0
2,Nutrient,270,3000.0
2,Nutrient,270,2200.0
2,Nutrient,270,8000.0
2,Nutrient,270,7270.0
2,Nutrient,270,7800.0
2,Nutrient,270,6400.0
2,Nutrient,270,6900.0
2,Nutrient,270,11300.0
2,Nutrient,270,9800.0
2,Nutrient,270,3340.0
2,Nutrient,270,3700.0
2,Nutrient,270,9010.0
2,Nutrient,270,4010.0
2,Nutrient,270,11770.0
2,Nutrient,270,11380.0
2,Nutrient,270,11220.0
2,Nutrient,270,12380.0
2,Nutrient,270,6130.0
2,Nutrient,270,9660.0
2,Nutrient,270,9010.0
2,Nutrient,270,8420.0
2,Nutrient,270,3330.0
2,Nutrient,270,8300.0
2,Nutrient,270,8820.0
2,Nutrient,270,10820.0
2,Nutrient,270,17030.0
2,Nutrient,270,10740.0
2,Nutrient,270,2030.0
2,Nutrient,270,1530.0
2,Nutrient,270,7410.0
2,Nutrient,270,2030.0
2,Nutrient,270,1530.0
2,Nutrient,270,7700.0
2,Nutrient,270,7020.0
2,Nutrient,270,6670.0
2,Nutrient,270,8060.0
2,Nutrient,270,6050.0
2,Nutrient,270,5660.0
2,Nutrient,270,2080.0
2,Nutrient,270,2070.0
2,Nutrient,270,11300.0
2,Nutrient,270,7200.0
2,Nutrient,270,11000.0
2,Nutrient,270,6700.0
2,Nutrient,270,6120.0
2,Nutrient,270,7270.0
2,Nutrient,270,6670.0
2,Nutrient,270,7140.0
2,Nutrient,270,6060.0
2,Nutrient,270,3700.0
2,Nutrient,270,3700.0
2,Nutrient,270,5270.0
2,Nutrient,270,6060.0
2,Nutrient,270,6060.0
2,Nutrient,270,8000.0
2,Nutrient,270,3330.0
2,Nutrient,270,7000.0
2,Nutrient,270,8700.0
2,Nutrient,270,9100.0
2,Nutrient,270,4800.0
2,Nutrient,270,14440.0
2,Nutrient,270,3680.0
2,Nutrient,270,3670.0
2,Nutrient,270,4870.0
2,Nutrient,270,5790.0
2,Nutrient,270,6760.0
2,Nutrient,270,6000.0
2,Nutrient,270,6800.0
2,Nutrient,270,12110.0
2,Nutrient,270,7000.0
2,Nutrient,270,9550.0
2,Nutrient,270,8510.0
2,Nutrient,270,4200.0
2,Nutrient,270,4890.0
2,Nutrient,270,6300.0
2,Nutrient,270,5000.0
2,Nutrient,270,13100.0
2,Nutrient,270,8280.0
2,Nutrient,270,11900.0
2,Nutrient,270,10490.0
2,Nutrient,270,5440.0
2,Nutrient,270,5080.0
2,Nutrient,270,8780.0
2,Nutrient,270,5600.0
2,Nutrient,270,9230.0
2,Nutrient,270,17560.0
2,Nutrient,270,11240.0
2,Nutrient,270,31430.0
2,Nutrient,270,4760.0
2,Nutrient,270,4500.0
2,Nutrient,270,6100.0
2,Nutrient,270,6200.0
2,Nutrient,270,11000.0
2,Nutrient,270,18300.0
2,Nutrient,270,12000.0
2,Nutrient,270,13000.0
2,Nutrient,270,10000.0
2,Nutrient,270,9400.0
2,Nutrient,270,26100.0
2,Nutrient,270,5440.0
2,Nutrient,270,6040.0
2,Nutrient,270,6640.0
2,Nutrient,270,13700.0
2,Nutrient,270,5000.0
2,Nutrient,270,10030.0
2,Nutrient,270,7670.0
2,Nutrient,270,8500.0
2,Nutrient,270,8850.0
2,Nutrient,270,8080.0
2,Nutrient,270,8840.0
2,Nutrient,270,15980.0
2,Nutrient,270,8290.0
2,Nutrient,270,13700.0
2,Nutrient,270,11800.0
2,Nutrient,270,6000.0
2,Nutrient,270,8000.0
2,Nutrient,270,7600.0
2,Nutrient,270,12000.0
2,Nutrient,270,7800.0
2,Nutrient,270,6000.0
2,Nutrient,270,33700.0
2,Nutrient,270,6300.0
2,Nutrient,270,5770.0
2,Nutrient,270,3330.0
2,Nutrient,270,15600.0
2,Nutrient,270,9000.0
2,Nutrient,270,4900.0
2,Nutrient,270,13300.0
2,Nutrient,270,8000.0
2,Nutrient,270,9630.0
2,Nutrient,270,7800.0
2,Nutrient,270,5400.0
2,Nutrient,270,5800.0
2,Nutrient,270,4100.0
2,Nutrient,270,9400.0
2,Nutrient,270,3900.0
2,Nutrient,270,14550.0
2,Nutrient,270,16360.0
2,Nutrient,270,10210.0
2,Nutrient,270,5830.0
2,Nutrient,270,5900.0
2,Nutrient,270,5940.0
2,Nutrient,270,6060.0
2,Nutrient,270,6450.0
2,Nutrient,270,1360.0
2,Nutrient,270,1220.0
2,Nutrient,270,5300.0
2,Nutrient,270,3650.0
2,Nutrient,270,5500.0
2,Nutrient,270,5700.0
2,Nutrient,270,6600.0
2,Nutrient,270,10000.0
2,Nutrient,270,4900.0
2,Nutrient,270,7000.0
2,Nutrient,270,11000.0
2,Nutrient,270,10500.0
2,Nutrient,270,11000.0
2,Nutrient,270,8300.0
2,Nutrient,270,7700.0
2,Nutrient,270,7300.0
2,Nutrient,270,9070.0
2,Nutrient,270,9380.0
2,Nutrient,270,9330.0
2,Nutrient,270,4440.0
2,Nutrient,270,6670.0
2,Nutrient,270,8300.0
2,Nutrient,270,5400.0
2,Nutrient,270,16600.0
2,Nutrient,270,22000.0
2,Nutrient,270,19000.0
2,Nutrient,270,10400.0
2,Nutrient,270,11200.0
2,Nutrient,270,9900.0
2,Nutrient,270,11800.0
2,Nutrient,270,10700.0
2,Nutrient,270,10900.0
2,Nutrient,270,11610.0
2,Nutrient,270,1440.0
2,Nutrient,270,1880.0
2,Nutrient,270,11770.0
2,Nutrient,270,1650.0
2,Nutrient,270,1950.0
2,Nutrient,270,3570.0
2,Nutrient,270,6120.0
2,Nutrient,270,5400.0
2,Nutrient,270,3700.0
2,Nutrient,270,6500.0
2,Nutrient,270,6900.0
2,Nutrient,270,4760.0
2,Nutrient,270,13100.0
2,Nutrient,270,5700.0
2,Nutrient,270,18100.0
2,Nutrient,270,12900.0
2,Nutrient,270,10700.0
2,Nutrient,270,5400.0
2,Nutrient,270,5600.0
2,Nutrient,270,5300.0
2,Nutrient,270,5000.0
2,Nutrient,270,5800.0
2,Nutrient,270,8400.0
2,Nutrient,270,6500.0
2,Nutrient,270,5200.0
2,Nutrient,270,9300.0
2,Nutrient,270,6000.0
2,Nutrient,270,7500.0
2,Nutrient,270,6800.0
2,Nutrient,270,10000.0
2,Nutrient,270,10000.0
2,Nutrient,270,8800.0
2,Nutrient,270,9100.0
2,Nutrient,270,7500.0
2,Nutrient,270,10800.0
2,Nutrient,270,7500.0
2,Nutrient,270,9400.0
2,Nutrient,270,6600.0
2,Nutrient,270,7800.0
2,Nutrient,270,5800.0
2,Nutrient,270,6600.0
2,Nutrient,270,8000.0
2,Nutrient,270,8500.0
2,Nutrient,270,5400.0
2,Nutrient,270,6500.0
2,Nutrient,270,8600.0
2,Nutrient,270,8900.0
2,Nutrient,270,9830.0
2,Nutrient,270,10060.0
2,Nutrient,270,4450.0
2,Nutrient,270,4410.0
2,Nutrient,270,4450.0
2,Nutrient,270,9170.0
2,Nutrient,270,5300.0
2,Nutrient,270,8500.0
2,Nutrient,270,11290.0
2,Nutrient,270,7140.0
2,Nutrient,270,6200.0
2,Nutrient,270,4600.0
2,Nutrient,270,8500.0
2,Nutrient,270,11700.0
2,Nutrient,270,11300.0
2,Nutrient,270,16000.0
2,Nutrient,270,10160.0
2,Nutrient,270,10400.0
2,Nutrient,270,6400.0
2,Nutrient,270,4200.0
2,Nutrient,270,5900.0
2,Nutrient,270,9700.0
2,Nutrient,270,7100.0
2,Nutrient,270,11500.0
2,Nutrient,270,7700.0
2,Nutrient,270,9300.0
2,Nutrient,270,8200.0
2,Nutrient,270,8500.0
2,Nutrient,270,11200.0
2,Nutrient,270,9500.0
2,Nutrient,270,7100.0
2,Nutrient,270,1410.0
2,Nutrient,270,10900.0
2,Nutrient,270,10000.0
2,Nutrient,270,7100.0
2,Nutrient,270,7100.0
2,Nutrient,270,15540.0
2,Nutrient,272,10250.0
2,Nutrient,272,10880.0
2,Nutrient,272,18540.0
2,Nutrient,272,58130.0
2,Nutrient,272,80690.0
2,Nutrient,272,3220.0
2,Nutrient,272,18190.0
2,Nutrient,272,87750.0
2,Nutrient,272,86000.0
2,Nutrient,272,8000.0
2,Nutrient,272,58130.0
2,Nutrient,272,63630.0
2,Nutrient,272,80690.0
2,Nutrient,272,88320.0
2,Nutrient,272,12500.0
2,Nutrient,273,75160.0
2,Nutrient,274,5000.0
2,Nutrient,274,900.0
2,Nutrient,274,12300.0
2,Nutrient,274,2200.0
2,Nutrient,274,13100.0
2,Nutrient,274,2300.0
2,Nutrient,274,160.0
2,Nutrient,274,7460.0
2,Nutrient,274,2630.0
2,Nutrient,274,11310.0
2,Nutrient,274,5150.0
2,Nutrient,274,11260.0
2,Nutrient,274,5060.0
2,Nutrient,274,5280.0
2,Nutrient,274,4370.0
2,Nutrient,274,13040.0
2,Nutrient,274,5800.0
2,Nutrient,274,19860.0
2,Nutrient,274,8080.0
2,Nutrient,274,13140.0
2,Nutrient,274,4530.0
2,Nutrient,274,14630.0
2,Nutrient,274,5330.0
2,Nutrient,274,14160.0
2,Nutrient,274,4540.0
2,Nutrient,274,14610.0
2,Nutrient,274,5040.0
2,Nutrient,274,8380.0
2,Nutrient,274,14380.0
2,Nutrient,274,5060.0
2,Nutrient,274,11350.0
2,Nutrient,274,4000.0
2,Nutrient,274,10330.0
2,Nutrient,274,13040.0
2,Nutrient,274,5800.0
2,Nutrient,274,19860.0
2,Nutrient,274,8080.0
2,Nutrient,274,14630.0
2,Nutrient,274,5330.0
2,Nutrient,274,13350.0
2,Nutrient,274,4580.0
2,Nutrient,274,3440.0
2,Nutrient,274,910.0
2,Nutrient,274,21780.0
2,Nutrient,274,8860.0
2,Nutrient,274,4540.0
2,Nutrient,274,5800.0
2,Nutrient,274,5800.0
2,Nutrient,274,14160.0
2,Nutrient,274,4540.0
2,Nutrient,274,13040.0
2,Nutrient,274,5800.0
2,Nutrient,274,13040.0
2,Nutrient,274,4540.0
2,Nutrient,274,5800.0
2,Nutrient,274,8860.0
2,Nutrient,274,21780.0
2,Nutrient,274,100.0
2,Nutrient,275,7400.0
2,Nutrient,275,1300.0
2,Nutrient,275,8300.0
2,Nutrient,275,1500.0
2,Nutrient,275,5600.0
2,Nutrient,275,1000.0
2,Nutrient,275,4700.0
2,Nutrient,275,800.0
2,Nutrient,275,6200.0
2,Nutrient,275,1100.0
2,Nutrient,275,5300.0
2,Nutrient,275,900.0
2,Nutrient,275,6200.0
2,Nutrient,275,8000.0
2,Nutrient,275,7300.0
2,Nutrient,275,6700.0
2,Nutrient,275,7800.0
2,Nutrient,275,6660.0
2,Nutrient,275,7380.0
2,Nutrient,275,7000.0
2,Nutrient,275,6100.0
2,Nutrient,275,6900.0
2,Nutrient,275,4800.0
2,Nutrient,275,4000.0
2,Nutrient,275,6200.0
2,Nutrient,275,6100.0
2,Nutrient,275,5000.0
2,Nutrient,275,6600.0
2,Nutrient,275,5800.0
2,Nutrient,275,5120.0
2,Nutrient,275,4900.0
2,Nutrient,275,4600.0
2,Nutrient,275,4400.0
2,Nutrient,275,4900.0
2,Nutrient,275,5700.0
2,Nutrient,275,5610.0
2,Nutrient,275,3600.0
2,Nutrient,275,4330.0
2,Nutrient,275,3600.0
2,Nutrient,275,3700.0
2,Nutrient,275,4200.0
2,Nutrient,275,5600.0
2,Nutrient,275,6900.0
2,Nutrient,275,5800.0
2,Nutrient,275,10600.0
2,Nutrient,275,4000.0
2,Nutrient,275,5600.0
2,Nutrient,275,6200.0
2,Nutrient,275,6100.0
2,Nutrient,275,6500.0
2,Nutrient,275,5400.0
2,Nutrient,275,6000.0
2,Nutrient,275,6500.0
2,Nutrient,275,9600.0
2,Nutrient,275,5300.0
2,Nutrient,275,8200.0
2,Nutrient,275,9100.0
2,Nutrient,275,9000.0
2,Nutrient,275,8800.0
2,Nutrient,275,4100.0
2,Nutrient,275,6100.0
2,Nutrient,275,4900.0
2,Nutrient,275,2900.0
2,Nutrient,275,3800.0
2,Nutrient,275,3900.0
2,Nutrient,275,4500.0
2,Nutrient,275,4800.0
2,Nutrient,275,10000.0
2,Nutrient,275,3100.0
2,Nutrient,275,4100.0
2,Nutrient,275,5100.0
2,Nutrient,275,4200.0
2,Nutrient,275,4700.0
2,Nutrient,275,5900.0
2,Nutrient,275,3840.0
2,Nutrient,275,4500.0
2,Nutrient,275,5000.0
2,Nutrient,275,4300.0
2,Nutrient,275,6800.0
2,Nutrient,275,5700.0
2,Nutrient,275,6100.0
2,Nutrient,275,5400.0
2,Nutrient,275,10600.0
2,Nutrient,275,5900.0
2,Nutrient,275,5540.0
2,Nutrient,275,4280.0
2,Nutrient,275,3020.0
2,Nutrient,275,4670.0
2,Nutrient,275,4500.0
2,Nutrient,275,4410.0
2,Nutrient,275,3500.0
2,Nutrient,275,4890.0
2,Nutrient,275,4250.0
2,Nutrient,275,5480.0
2,Nutrient,275,5170.0
2,Nutrient,275,4270.0
2,Nutrient,275,5170.0
2,Nutrient,275,9000.0
2,Nutrient,275,4350.0
2,Nutrient,275,4350.0
2,Nutrient,275,4670.0
2,Nutrient,275,7100.0
2,Nutrient,275,5200.0
2,Nutrient,275,8000.0
2,Nutrient,275,4420.0
2,Nutrient,275,7810.0
2,Nutrient,275,6250.0
2,Nutrient,275,3570.0
2,Nutrient,275,6900.0
2,Nutrient,275,5880.0
2,Nutrient,275,5000.0
2,Nutrient,275,8810.0
2,Nutrient,275,6180.0
2,Nutrient,275,5250.0
2,Nutrient,275,6160.0
2,Nutrient,275,5560.0
2,Nutrient,275,6560.0
2,Nutrient,275,5840.0
2,Nutrient,275,7250.0
2,Nutrient,275,6160.0
2,Nutrient,277,0.0
2,Nutrient,277,0.0
2,Nutrient,277,0.0
2,Nutrient,277,0.0
2,Nutrient,277,0.0
2,Nutrient,277,0.0
2,Nutrient,277,0.0
2,Nutrient,277,0.0
2,Nutrient,279,0.0
2,Nutrient,279,0.0
2,Nutrient,279,0.0
2,Nutrient,279,0.0
2,Nutrient,279,0.0
2,Nutrient,280,17100.0
2,Nutrient,280,19630.0
2,Nutrient,281,1500.0
2,Nutrient,282,400.0
2,Nutrient,282,400.0
2,Nutrient,283,6150.0
2,Nutrient,283,8100.0
2,Nutrient,283,7490.0
2,Nutrient,284,800.0
2,Nutrient,284,1120.0
2,Nutrient,284,670.0
2,Nutrient,284,2000.0
2,Nutrient,284,2480.0
2,Nutrient,284,1480.0
2,Nutrient,284,1120.0
2,Nutrient,284,670.0
2,Nutrient,284,2480.0
2,Nutrient,284,1480.0
2,Nutrient,284,18530.0
2,Nutrient,285,540.0
2,Nutrient,285,6210.0
2,Nutrient,286,18290.0
2,Nutrient,286,19350.0
2,Nutrient,287,35100.0
2,Nutrient,287,5600.0
2,Nutrient,287,4000.0
2,Nutrient,287,600.0
2,Nutrient,287,3990.0
2,Nutrient,288,6090.0
2,Nutrient,288,12550.0
2,Nutrient,289,2460.0
2,Nutrient,289,2110.0
2,Nutrient,289,2110.0
2,Nutrient,289,13560.0
2,Nutrient,289,3800.0
2,Nutrient,289,18242.5
2,Nutrient,290,5330.0
2,Nutrient,290,4490.0
2,Nutrient,290,4490.0
2,Nutrient,291,4240.0
2,Nutrient,291,300.0
2,Nutrient,291,3600.0
2,Nutrient,292,500.0
2,Nutrient,293,17960.0
2,Nutrient,293,23030.0
2,Nutrient,293,14190.0
2,Nutrient,293,24580.0
2,Nutrient,293,24620.0
2,Nutrient,294,18600.0
2,Nutrient,294,23850.0
2,Nutrient,295,15310.0
2,Nutrient,295,18510.0
2,Nutrient,296,19440.0
2,Nutrient,296,24920.0
2,Nutrient,297,16100.0
2,Nutrient,297,2600.0
2,Nutrient,297,17500.0
2,Nutrient,297,22440.0
2,Nutrient,298,2600.0
2,Nutrient,298,400.0
2,Nutrient,298,2600.0
2,Nutrient,298,400.0
2,Nutrient,298,3600.0
2,Nutrient,298,600.0
2,Nutrient,298,2600.0
2,Nutrient,298,1530.0
2,Nutrient,298,1720.0
2,Nutrient,298,1530.0
2,Nutrient,299,17730.0
2,Nutrient,299,22730.0
2,Nutrient,301,6200.0
2,Nutrient,302,69860.0
2,Nutrient,302,19600.0
2,Nutrient,302,26500.0
2,Nutrient,302,19000.0
2,Nutrient,302,18400.0
2,Nutrient,302,0.0
2,Nutrient,305,15500.0
2,Nutrient,306,18060.0
2,Nutrient,306,17880.0
2,Nutrient,306,17880.0
2,Nutrient,306,20210.0
2,Nutrient,307,11900.0
2,Nutrient,307,23800.0
2,Nutrient,308,23330.0
2,Nutrient,308,29910.0
2,Nutrient,309,20040.0
2,Nutrient,309,25690.0
2,Nutrient,311,400.0
2,Nutrient,311,12600.0
2,Nutrient,311,0.0
2,Nutrient,312,1070.0
2,Nutrient,312,7400.0
2,Nutrient,312,5300.0
2,Nutrient,312,6200.0
2,Nutrient,312,3362.0
2,Nutrient,312,12605.0
2,Nutrient,313,5970.0
2,Nutrient,313,8620.0
2,Nutrient,313,9062.5
2,Nutrient,314,3170.0
2,Nutrient,314,3830.0
2,Nutrient,317,16400.0
2,Nutrient,317,2600.0
2,Nutrient,317,19310.0
2,Nutrient,317,24760.0
2,Nutrient,318,390.0
2,Nutrient,318,230.0
2,Nutrient,318,110.0
2,Nutrient,318,230.0
2,Nutrient,318,3740.0
2,Nutrient,319,17280.0
2,Nutrient,319,22150.0
2,Nutrient,320,24900.0
2,Nutrient,320,25352.85
2,Nutrient,321,1000.0
2,Nutrient,321,900.0
2,Nutrient,321,1760.0
2,Nutrient,321,1230.0
2,Nutrient,321,900.0
2,Nutrient,321,1230.0
2,Nutrient,322,620.0
2,Nutrient,322,600.0
2,Nutrient,322,8580.0
2,Nutrient,322,600.0
2,Nutrient,322,7050.0
2,Nutrient,322,30720.0
2,Nutrient,323,700.0
2,Nutrient,323,760.0
2,Nutrient,323,760.0
2,Nutrient,325,500.0
2,Nutrient,326,4620.0
2,Nutrient,326,52000.0
2,Nutrient,327,17830.0
2,Nutrient,327,22860.0
2,Nutrient,328,1400.0
2,Nutrient,328,200.0
2,Nutrient,328,1360.0
2,Nutrient,328,17550.0
2,Nutrient,328,5122.25
2,Nutrient,329,16380.0
2,Nutrient,329,18090.0
2,Nutrient,329,18470.0
2,Nutrient,329,15230.0
2,Nutrient,329,18440.0
2,Nutrient,330,800.0
2,Nutrient,330,100.0
2,Nutrient,330,820.0
2,Nutrient,330,620.0
2,Nutrient,330,620.0
2,Nutrient,330,6778.5
2,Nutrient,330,8945.0
2,Nutrient,331,1700.0
2,Nutrient,331,300.0
2,Nutrient,331,1570.0
2,Nutrient,331,3000.0
2,Nutrient,331,12250.0
2,Nutrient,332,2200.0
2,Nutrient,332,400.0
2,Nutrient,332,4100.0
2,Nutrient,332,700.0
2,Nutrient,332,23200.0
2,Nutrient,332,24105.0
2,Nutrient,332,
2,Nutrient,333,16540.0
2,Nutrient,335,1140.0
2,Nutrient,336,4200.0
2,Nutrient,336,6820.0
2,Nutrient,336,2880.0
2,Nutrient,336,4480.0
2,Nutrient,337,1400.0
2,Nutrient,337,880.0
2,Nutrient,337,4950.0
2,Nutrient,338,3360.0
2,Nutrient,338,1640.0
2,Nutrient,338,3360.0
2,Nutrient,338,1640.0
2,Nutrient,338,11264.0
2,Nutrient,338,14746.25
2,Nutrient,339,18990.0
2,Nutrient,339,16360.0
2,Nutrient,340,13500.0
2,Nutrient,341,6400.0
2,Nutrient,341,1200.0
2,Nutrient,341,0.0
2,Nutrient,341,0.0
2,Nutrient,341,4400.0
2,Nutrient,341,800.0
2,Nutrient,341,0.0
2,Nutrient,341,0.0
2,Nutrient,341,0.0
2,Nutrient,341,0.0
2,Nutrient,341,0.0
2,Nutrient,341,0.0
2,Nutrient,341,3330.0
2,Nutrient,341,6880.0
2,Nutrient,341,3130.0
2,Nutrient,341,3350.0
2,Nutrient,341,5300.0
2,Nutrient,341,3630.0
2,Nutrient,341,1170.0
2,Nutrient,341,2290.0
2,Nutrient,341,2020.0
2,Nutrient,341,720.0
2,Nutrient,341,1610.0
2,Nutrient,341,5300.0
2,Nutrient,341,2880.0
2,Nutrient,341,5450.0
2,Nutrient,342,15270.0
2,Nutrient,342,18730.0
2,Nutrient,343,17810.0
2,Nutrient,343,22830.0
2,Nutrient,343,22760.0
2,Nutrient,343,62820.0
2,Nutrient,344,16400.0
2,Nutrient,344,2600.0
2,Nutrient,344,14910.0
2,Nutrient,344,29820.0
2,Nutrient,345,2000.0
2,Nutrient,345,14888.75
2,Nutrient,346,0.0
2,Nutrient,346,0.0
2,Nutrient,346,0.0
2,Nutrient,346,0.0
2,Nutrient,346,40960.0
2,Nutrient,346,49830.0
2,Nutrient,346,49100.0
2,Nutrient,346,32590.0
2,Nutrient,346,17110.0
2,Nutrient,347,23850.0
2,Nutrient,347,8130.0
2,Nutrient,347,8130.0
2,Nutrient,348,400.0
2,Nutrient,348,100.0
2,Nutrient,348,400.0
2,Nutrient,349,1100.0
2,Nutrient,350,17780.0
2,Nutrient,350,18200.0
2,Nutrient,351,18990.0
2,Nutrient,351,24350.0
2,Nutrient,352,16240.0
2,Nutrient,352,32480.0
2,Nutrient,354,11700.0
2,Nutrient,355,2000.0
2,Nutrient,355,1830.0
2,Nutrient,355,1830.0
2,Nutrient,356,18500.0
2,Nutrient,356,23720.0
2,Nutrient,357,17540.0
2,Nutrient,357,22490.0
2,Nutrient,359,17410.0
2,Nutrient,359,22320.0
2,Nutrient,360,1470.0
2,Nutrient,360,6900.0
2,Nutrient,361,5710.0
2,Nutrient,361,11420.0
2,Nutrient,361,7060.0
2,Nutrient,361,8870.0
2,Nutrient,361,5220.0
2,Nutrient,361,7000.0
2,Nutrient,362,18440.0
2,Nutrient,362,23650.0
2,Nutrient,363,500.0
2,Nutrient,363,100.0
2,Nutrient,363,500.0
2,Nutrient,363,100.0
2,Nutrient,363,700.0
2,Nutrient,363,100.0
2,Nutrient,363,660.0
2,Nutrient,366,4600.0
2,Nutrient,367,20350.0
2,Nutrient,367,28890.0
2,Nutrient,368,2420.0
2,Nutrient,368,1630.0
2,Nutrient,368,6390.0
2,Nutrient,368,5010.0
2,Nutrient,368,2000.0
2,Nutrient,368,3170.0
2,Nutrient,368,8000.0
2,Nutrient,368,6440.0
2,Nutrient,369,16400.0
2,Nutrient,369,2600.0
2,Nutrient,369,16050.0
2,Nutrient,369,20580.0
2,Nutrient,370,4710.0
2,Nutrient,370,3000.0
2,Nutrient,371,18480.0
2,Nutrient,371,23690.0
2,Nutrient,372,4320.0
2,Nutrient,372,10350.0
2,Nutrient,372,2290.0
2,Nutrient,372,
2,Nutrient,372,8710.0
2,Nutrient,374,600.0
2,Nutrient,374,100.0
2,Nutrient,374,500.0
2,Nutrient,374,100.0
2,Nutrient,374,0.0
2,Nutrient,374,0.0
2,Nutrient,374,3500.0
2,Nutrient,374,600.0
2,Nutrient,374,0.0
2,Nutrient,374,370.0
2,Nutrient,374,630.0
2,Nutrient,374,500.0
2,Nutrient,374,480.0
2,Nutrient,374,370.0
2,Nutrient,374,650.0
2,Nutrient,374,190.0
2,Nutrient,374,4270.0
2,Nutrient,374,0.0
2,Nutrient,374,0.0
2,Nutrient,375,12400.0
2,Nutrient,375,2000.0
2,Nutrient,375,12400.0
2,Nutrient,375,2000.0
2,Nutrient,375,14900.0
2,Nutrient,375,2400.0
2,Nutrient,375,14370.0
2,Nutrient,375,18420.0
2,Nutrient,376,900.0
2,Nutrient,376,100.0
2,Nutrient,376,1900.0
2,Nutrient,377,19380.0
2,Nutrient,377,24840.0
2,Nutrient,379,25000.0
2,Nutrient,379,4000.0
2,Nutrient,379,0.0
2,Nutrient,379,0.0
2,Nutrient,379,18900.0
2,Nutrient,379,3000.0
2,Nutrient,379,16320.0
2,Nutrient,379,19990.0
2,Nutrient,379,25230.0
2,Nutrient,380,18560.0
2,Nutrient,380,22540.0
2,Nutrient,380,20530.0
2,Nutrient,380,22130.0
2,Nutrient,381,14900.0
2,Nutrient,381,2800.0
2,Nutrient,381,0.0
2,Nutrient,381,14950.0
2,Nutrient,381,13700.0
2,Nutrient,381,15030.0
2,Nutrient,381,14890.0
2,Nutrient,382,12720.0
2,Nutrient,384,9400.0
2,Nutrient,384,5270.0
2,Nutrient,384,2100.0
2,Nutrient,384,2090.0
2,Nutrient,384,5270.0
2,Nutrient,384,2090.0
2,Nutrient,384,9948.25
2,Nutrient,384,16750.0
2,Nutrient,384,39200.0
2,Nutrient,384,26724.25
2,Nutrient,385,700.0
2,Nutrient,385,400.0
2,Nutrient,385,1220.0
2,Nutrient,386,2100.0
2,Nutrient,386,2950.0
2,Nutrient,386,2950.0
2,Nutrient,386,23900.0
2,Nutrient,386,8140.0
2,Nutrient,386,8140.0
2,Nutrient,386,15034.1
2,Nutrient,386,9706.25
2,Nutrient,387,1510.0
2,Nutrient,387,12300.0
2,Nutrient,388,23190.0
2,Nutrient,389,1720.0
2,Nutrient,389,360.0
2,Nutrient,389,4775.5
2,Nutrient,389,10118.0
2,Nutrient,390,5250.0
2,Nutrient,390,2250.0
2,Nutrient,390,820.0
2,Nutrient,390,2970.0
2,Nutrient,391,720.0
2,Nutrient,391,3150.0
2,Nutrient,392,2100.0
2,Nutrient,392,300.0
2,Nutrient,392,2000.0
2,Nutrient,392,7500.0
2,Nutrient,393,1200.0
2,Nutrient,393,3700.0
2,Nutrient,394,4650.0
2,Nutrient,394,3680.0
2,Nutrient,394,3680.0
2,Nutrient,394,21175.0
2,Nutrient,395,2200.0
2,Nutrient,395,400.0
2,Nutrient,395,2100.0
2,Nutrient,395,300.0
2,Nutrient,395,4700.0
2,Nutrient,395,700.0
2,Nutrient,395,1900.0
2,Nutrient,395,2660.0
2,Nutrient,395,2840.0
2,Nutrient,395,2800.0
2,Nutrient,395,1900.0
2,Nutrient,395,1900.0
2,Nutrient,395,2840.0
2,Nutrient,395,1900.0
2,Nutrient,396,1680.0
2,Nutrient,397,20280.0
2,Nutrient,397,26000.0
2,Nutrient,398,1100.0
2,Nutrient,398,200.0
2,Nutrient,398,1880.0
2,Nutrient,399,4200.0
2,Nutrient,399,3200.0
2,Nutrient,399,3200.0
2,Nutrient,399,4210.0
2,Nutrient,399,4060.0
2,Nutrient,399,17450.0
2,Nutrient,399,14550.0
2,Nutrient,400,17100.0
2,Nutrient,401,1500.0
2,Nutrient,401,810.0
2,Nutrient,401,15200.0
2,Nutrient,401,810.0
2,Nutrient,401,19000.0
2,Nutrient,401,11950.0
2,Nutrient,401,9150.0
2,Nutrient,402,19800.0
2,Nutrient,402,3200.0
2,Nutrient,402,18990.0
2,Nutrient,402,24350.0
2,Nutrient,403,17660.0
2,Nutrient,403,22640.0
2,Nutrient,403,17900.0
2,Nutrient,403,5600.0
2,Nutrient,404,16520.0
2,Nutrient,404,19000.0
2,Nutrient,405,1500.0
2,Nutrient,405,200.0
2,Nutrient,405,1520.0
2,Nutrient,406,15410.0
2,Nutrient,406,4130.0
2,Nutrient,407,2600.0
2,Nutrient,407,1580.0
2,Nutrient,407,1580.0
2,Nutrient,407,18155.55
2,Nutrient,407,9650.0
2,Nutrient,407,14165.0
2,Nutrient,408,36170.0
2,Nutrient,408,15570.0
2,Nutrient,408,15570.0
2,Nutrient,408,38255.0
2,Nutrient,409,1800.0
2,Nutrient,409,2980.0
2,Nutrient,409,13943.5
2,Nutrient,410,500.0
2,Nutrient,410,2351.5
2,Nutrient,411,410.0
2,Nutrient,411,1964.25
2,Nutrient,412,5800.0
2,Nutrient,413,20530.0
2,Nutrient,413,26320.0
2,Nutrient,414,14480.0
2,Nutrient,414,18560.0
2,Nutrient,416,22940.0
2,Nutrient,416,7810.0
2,Nutrient,416,7810.0
2,Nutrient,416,9600.0
2,Nutrient,416,10600.0
2,Nutrient,416,13050.0
2,Nutrient,416,26164.0
2,Nutrient,417,1340.0
2,Nutrient,417,1730.0
2,Nutrient,417,1730.0
2,Nutrient,417,4280.0
2,Nutrient,418,19350.0
2,Nutrient,418,24810.0
2,Nutrient,420,26080.0
2,Nutrient,420,4370.0
2,Nutrient,420,0.0
2,Nutrient,420,26054.75
2,Nutrient,421,2200.0
2,Nutrient,421,1700.0
2,Nutrient,421,1700.0
2,Nutrient,422,1500.0
2,Nutrient,422,1300.0
2,Nutrient,422,1300.0
2,Nutrient,422,13250.0
2,Nutrient,423,1320.0
2,Nutrient,423,1350.0
2,Nutrient,424,16640.0
2,Nutrient,424,21330.0
2,Nutrient,425,12300.0
2,Nutrient,426,380.0
2,Nutrient,427,2000.0
2,Nutrient,427,300.0
2,Nutrient,427,2000.0
2,Nutrient,427,1870.0
2,Nutrient,427,1690.0
2,Nutrient,427,1630.0
2,Nutrient,427,1870.0
2,Nutrient,427,1630.0
2,Nutrient,427,
2,Nutrient,427,
2,Nutrient,428,11700.0
2,Nutrient,431,0.0
2,Nutrient,432,16390.0
2,Nutrient,432,21010.0
2,Nutrient,432,60400.0
2,Nutrient,432,9600.0
2,Nutrient,432,44500.0
2,Nutrient,433,9450.0
2,Nutrient,433,18900.0
2,Nutrient,434,18360.0
2,Nutrient,434,22230.0
2,Nutrient,436,8710.0
2,Nutrient,437,800.0
2,Nutrient,437,1523.5
2,Nutrient,437,10000.0
2,Nutrient,439,19000.0
2,Nutrient,439,3000.0
2,Nutrient,439,19260.0
2,Nutrient,439,24690.0
2,Nutrient,439,16600.0
2,Nutrient,440,10800.0
2,Nutrient,441,11570.0
2,Nutrient,442,800.0
2,Nutrient,442,3709.0
2,Nutrient,442,5600.0
2,Nutrient,443,120.0
2,Nutrient,443,390.0
2,Nutrient,444,1300.0
2,Nutrient,444,200.0
2,Nutrient,444,1300.0
2,Nutrient,444,790.0
2,Nutrient,444,1500.0
2,Nutrient,444,1420.0
2,Nutrient,444,
2,Nutrient,444,
2,Nutrient,444,
2,Nutrient,444,
2,Nutrient,444,
2,Nutrient,444,
2,Nutrient,445,2600.0
2,Nutrient,445,2300.0
2,Nutrient,445,2300.0
2,Nutrient,445,16850.0
2,Nutrient,447,17990.0
2,Nutrient,447,18689.4
2,Nutrient,448,2620.0
2,Nutrient,448,1640.0
2,Nutrient,448,24600.0
2,Nutrient,449,700.0
2,Nutrient,449,100.0
2,Nutrient,449,730.0
2,Nutrient,450,14120.0
2,Nutrient,450,4400.0
2,Nutrient,450,
2,Nutrient,453,17630.0
2,Nutrient,453,22600.0
2,Nutrient,454,18400.0
2,Nutrient,454,2900.0
2,Nutrient,454,20480.0
2,Nutrient,454,22920.0
2,Nutrient,454,19940.0
2,Nutrient,454,23800.0
2,Nutrient,454,77270.0
2,Nutrient,454,21110.0
2,Nutrient,455,600.0
2,Nutrient,455,2508.0
2,Nutrient,456,0.0
2,Nutrient,456,0.0
2,Nutrient,456,4500.0
2,Nutrient,456,700.0
2,Nutrient,456,600.0
2,Nutrient,456,100.0
2,Nutrient,456,1600.0
2,Nutrient,457,960.0
2,Nutrient,457,9000.0
2,Nutrient,458,16410.0
2,Nutrient,458,22640.0
2,Nutrient,459,13410.0
2,Nutrient,459,17650.0
2,Nutrient,459,17190.0
2,Nutrient,460,20500.0
2,Nutrient,460,19680.0
2,Nutrient,460,19780.0
2,Nutrient,460,24580.0
2,Nutrient,460,23100.0
2,Nutrient,460,24620.0
2,Nutrient,461,20140.0
2,Nutrient,461,21430.0
2,Nutrient,461,21430.0
2,Nutrient,461,25820.0
2,Nutrient,461,20690.0
2,Nutrient,461,62090.0
2,Nutrient,462,21620.0
2,Nutrient,462,27360.0
2,Nutrient,462,21270.0
2,Nutrient,462,24300.0
2,Nutrient,462,23450.0
2,Nutrient,462,22560.0
2,Nutrient,463,21310.0
2,Nutrient,463,25400.0
2,Nutrient,463,23590.0
2,Nutrient,463,20470.0
2,Nutrient,463,20630.0
2,Nutrient,463,26330.0
2,Nutrient,463,21940.0
2,Nutrient,463,27310.0
2,Nutrient,463,35190.0
2,Nutrient,463,24500.0
2,Nutrient,463,60620.0
2,Nutrient,464,18280.0
2,Nutrient,464,19930.0
2,Nutrient,464,18280.0
2,Nutrient,464,25720.0
2,Nutrient,464,30700.0
2,Nutrient,464,23200.0
2,Nutrient,464,39900.0
2,Nutrient,464,16600.0
2,Nutrient,464,20250.0
2,Nutrient,464,23190.0
2,Nutrient,465,19840.0
2,Nutrient,465,25440.0
2,Nutrient,465,20420.0
2,Nutrient,465,22100.0
2,Nutrient,466,850.0
2,Nutrient,467,3300.0
2,Nutrient,467,2730.0
2,Nutrient,467,2730.0
2,Nutrient,467,7877.5
2,Nutrient,467,17700.0
2,Nutrient,468,440.0
2,Nutrient,468,1200.0
2,Nutrient,469,1450.0
2,Nutrient,470,19290.0
2,Nutrient,470,23590.0
2,Nutrient,471,20860.0
2,Nutrient,472,12060.0
2,Nutrient,472,18070.0
2,Nutrient,472,10940.0
2,Nutrient,472,20540.0
2,Nutrient,473,18880.0
2,Nutrient,473,24210.0
2,Nutrient,474,13000.0
2,Nutrient,475,22900.0
2,Nutrient,475,18100.0
2,Nutrient,475,17000.0
2,Nutrient,475,25850.0
2,Nutrient,475,22100.0
2,Nutrient,475,900.0
2,Nutrient,476,82600.0
2,Nutrient,476,26700.0
2,Nutrient,476,560.0
2,Nutrient,476,35310.0
2,Nutrient,476,23630.0
2,Nutrient,476,62380.0
2,Nutrient,477,28400.0
2,Nutrient,477,18600.0
2,Nutrient,478,16740.0
2,Nutrient,478,21460.0
2,Nutrient,479,1280.0
2,Nutrient,479,1140.0
2,Nutrient,479,1140.0
2,Nutrient,480,16930.0
2,Nutrient,480,21710.0
2,Nutrient,481,20980.0
2,Nutrient,481,18620.0
2,Nutrient,482,22250.0
2,Nutrient,484,20210.0
2,Nutrient,484,26020.0
2,Nutrient,485,12140.0
2,Nutrient,486,22000.0
2,Nutrient,486,28210.0
2,Nutrient,487,20510.0
2,Nutrient,487,26300.0
2,Nutrient,488,1000.0
2,Nutrient,488,110.0
2,Nutrient,488,3500.0
2,Nutrient,488,21430.0
2,Nutrient,489,14570.0
2,Nutrient,489,5500.0
2,Nutrient,490,5920.0
2,Nutrient,490,57470.0
2,Nutrient,490,
2,Nutrient,493,580.0
2,Nutrient,493,2950.0
2,Nutrient,494,16140.0
2,Nutrient,494,20700.0
2,Nutrient,494,31200.0
2,Nutrient,495,16760.0
2,Nutrient,495,21490.0
2,Nutrient,496,2060.0
2,Nutrient,496,5029.5
2,Nutrient,497,19400.0
2,Nutrient,497,24870.0
2,Nutrient,498,19660.0
2,Nutrient,498,23450.0
2,Nutrient,499,380.0
2,Nutrient,499,1500.0
2,Nutrient,499,520.0
2,Nutrient,499,4980.0
2,Nutrient,499,2720.0
2,Nutrient,499,920.0
2,Nutrient,499,730.0
2,Nutrient,499,2790.0
2,Nutrient,499,4160.0
2,Nutrient,499,520.0
2,Nutrient,499,2720.0
2,Nutrient,499,730.0
2,Nutrient,499,4160.0
2,Nutrient,499,18564.0
2,Nutrient,499,6100.0
2,Nutrient,500,13300.0
2,Nutrient,500,3870.0
2,Nutrient,501,17500.0
2,Nutrient,501,24490.0
2,Nutrient,502,960.0
2,Nutrient,502,8135.0
2,Nutrient,503,1200.0
2,Nutrient,503,660.0
2,Nutrient,503,660.0
2,Nutrient,503,12600.0
2,Nutrient,503,26550.0
2,Nutrient,504,20300.0
2,Nutrient,504,3200.0
2,Nutrient,504,21200.0
2,Nutrient,504,3400.0
2,Nutrient,504,19900.0
2,Nutrient,504,3200.0
2,Nutrient,504,31100.0
2,Nutrient,504,4980.0
2,Nutrient,504,21400.0
2,Nutrient,504,3400.0
2,Nutrient,504,20000.0
2,Nutrient,504,3200.0
2,Nutrient,504,0.0
2,Nutrient,504,20770.0
2,Nutrient,504,26630.0
2,Nutrient,504,12690.0
2,Nutrient,504,11970.0
2,Nutrient,506,21000.0
2,Nutrient,506,3400.0
2,Nutrient,506,17600.0
2,Nutrient,506,2800.0
2,Nutrient,506,15900.0
2,Nutrient,506,2500.0
2,Nutrient,506,17000.0
2,Nutrient,506,2700.0
2,Nutrient,506,19500.0
2,Nutrient,506,3100.0
2,Nutrient,506,18200.0
2,Nutrient,506,2900.0
2,Nutrient,506,21500.0
2,Nutrient,506,3400.0
2,Nutrient,506,20000.0
2,Nutrient,506,3200.0
2,Nutrient,506,16100.0
2,Nutrient,506,2600.0
2,Nutrient,506,16600.0
2,Nutrient,506,2700.0
2,Nutrient,506,20500.0
2,Nutrient,506,3300.0
2,Nutrient,506,21100.0
2,Nutrient,506,3400.0
2,Nutrient,506,19700.0
2,Nutrient,506,3200.0
2,Nutrient,506,16400.0
2,Nutrient,506,2600.0
2,Nutrient,506,21700.0
2,Nutrient,506,3500.0
2,Nutrient,506,19300.0
2,Nutrient,506,3100.0
2,Nutrient,506,20800.0
2,Nutrient,506,3300.0
2,Nutrient,506,21400.0
2,Nutrient,506,3400.0
2,Nutrient,506,19400.0
2,Nutrient,506,3100.0
2,Nutrient,506,21800.0
2,Nutrient,506,3500.0
2,Nutrient,506,20400.0
2,Nutrient,506,3300.0
2,Nutrient,506,21400.0
2,Nutrient,506,3400.0
2,Nutrient,506,19200.0
2,Nutrient,506,3100.0
2,Nutrient,506,19900.0
2,Nutrient,506,3200.0
2,Nutrient,506,20300.0
2,Nutrient,506,3200.0
2,Nutrient,506,22400.0
2,Nutrient,506,3600.0
2,Nutrient,506,19500.0
2,Nutrient,506,3100.0
2,Nutrient,506,20300.0
2,Nutrient,506,3200.0
2,Nutrient,506,21200.0
2,Nutrient,506,3400.0
2,Nutrient,506,22300.0
2,Nutrient,506,3600.0
2,Nutrient,506,21100.0
2,Nutrient,506,3400.0
2,Nutrient,506,17700.0
2,Nutrient,506,2800.0
2,Nutrient,506,14900.0
2,Nutrient,506,2400.0
2,Nutrient,506,16400.0
2,Nutrient,506,2600.0
2,Nutrient,506,15600.0
2,Nutrient,506,2500.0
2,Nutrient,506,19000.0
2,Nutrient,506,3000.0
2,Nutrient,506,20300.0
2,Nutrient,506,3200.0
2,Nutrient,506,21700.0
2,Nutrient,506,3500.0
2,Nutrient,506,17800.0
2,Nutrient,506,2800.0
2,Nutrient,506,16900.0
2,Nutrient,506,2700.0
2,Nutrient,506,16900.0
2,Nutrient,506,2700.0
2,Nutrient,506,16200.0
2,Nutrient,506,2600.0
2,Nutrient,506,18500.0
2,Nutrient,506,3000.0
2,Nutrient,506,18500.0
2,Nutrient,506,3000.0
2,Nutrient,506,21600.0
2,Nutrient,506,3500.0
2,Nutrient,506,20000.0
2,Nutrient,506,3200.0
2,Nutrient,506,21000.0
2,Nutrient,506,3400.0
2,Nutrient,506,19300.0
2,Nutrient,506,19300.0
2,Nutrient,506,19600.0
2,Nutrient,506,19600.0
2,Nutrient,506,23070.0
2,Nutrient,506,17320.0
2,Nutrient,506,17480.0
2,Nutrient,506,8210.0
2,Nutrient,506,10650.0
2,Nutrient,506,20720.0
2,Nutrient,506,19420.0
2,Nutrient,506,28970.0
2,Nutrient,506,21220.0
2,Nutrient,506,26980.0
2,Nutrient,506,27550.0
2,Nutrient,506,21720.0
2,Nutrient,506,28020.0
2,Nutrient,506,27820.0
2,Nutrient,506,17510.0
2,Nutrient,506,26580.0
2,Nutrient,506,20130.0
2,Nutrient,506,28880.0
2,Nutrient,506,14400.0
2,Nutrient,506,21570.0
2,Nutrient,506,19050.0
2,Nutrient,506,30760.0
2,Nutrient,506,29210.0
2,Nutrient,506,29250.0
2,Nutrient,506,32210.0
2,Nutrient,506,20520.0
2,Nutrient,506,21750.0
2,Nutrient,506,33680.0
2,Nutrient,506,21170.0
2,Nutrient,506,30540.0
2,Nutrient,506,21130.0
2,Nutrient,506,21190.0
2,Nutrient,506,23050.0
2,Nutrient,506,10860.0
2,Nutrient,506,12570.0
2,Nutrient,506,11670.0
2,Nutrient,506,17720.0
2,Nutrient,506,28480.0
2,Nutrient,506,17400.0
2,Nutrient,506,27270.0
2,Nutrient,506,20360.0
2,Nutrient,506,29080.0
2,Nutrient,506,26520.0
2,Nutrient,506,16200.0
2,Nutrient,506,20400.0
2,Nutrient,506,14970.0
2,Nutrient,506,15700.0
2,Nutrient,506,27100.0
2,Nutrient,506,18300.0
2,Nutrient,506,25100.0
2,Nutrient,506,1500.0
2,Nutrient,506,12180.0
2,Nutrient,506,21850.0
2,Nutrient,506,14900.0
2,Nutrient,506,19290.0
2,Nutrient,506,12070.0
2,Nutrient,506,16500.0
2,Nutrient,506,32620.0
2,Nutrient,506,12500.0
2,Nutrient,506,31300.0
2,Nutrient,506,14680.0
2,Nutrient,506,18170.0
2,Nutrient,506,27100.0
2,Nutrient,506,21030.0
2,Nutrient,506,31100.0
2,Nutrient,506,26500.0
2,Nutrient,506,26490.0
2,Nutrient,506,26530.0
2,Nutrient,506,21800.0
2,Nutrient,506,19420.0
2,Nutrient,506,20190.0
2,Nutrient,506,19230.0
2,Nutrient,506,28110.0
2,Nutrient,506,27330.0
2,Nutrient,506,27210.0
2,Nutrient,506,27470.0
2,Nutrient,506,29880.0
2,Nutrient,506,29880.0
2,Nutrient,506,29890.0
2,Nutrient,506,26790.0
2,Nutrient,506,29750.0
2,Nutrient,506,32900.0
2,Nutrient,506,33260.0
2,Nutrient,506,23530.0
2,Nutrient,506,28050.0
2,Nutrient,506,28940.0
2,Nutrient,506,29230.0
2,Nutrient,506,33360.0
2,Nutrient,506,33370.0
2,Nutrient,506,26390.0
2,Nutrient,506,27170.0
2,Nutrient,506,31060.0
2,Nutrient,506,30450.0
2,Nutrient,506,30680.0
2,Nutrient,506,22800.0
2,Nutrient,506,23480.0
2,Nutrient,506,27530.0
2,Nutrient,506,27530.0
2,Nutrient,506,27530.0
2,Nutrient,506,27270.0
2,Nutrient,506,24730.0
2,Nutrient,506,24910.0
2,Nutrient,506,29410.0
2,Nutrient,506,28040.0
2,Nutrient,506,28040.0
2,Nutrient,506,33560.0
2,Nutrient,506,27420.0
2,Nutrient,506,32730.0
2,Nutrient,506,26760.0
2,Nutrient,506,34390.0
2,Nutrient,506,28080.0
2,Nutrient,506,34000.0
2,Nutrient,506,27760.0
2,Nutrient,506,33080.0
2,Nutrient,506,27230.0
2,Nutrient,506,34930.0
2,Nutrient,506,28290.0
2,Nutrient,506,29130.0
2,Nutrient,506,28580.0
2,Nutrient,506,29670.0
2,Nutrient,506,29330.0
2,Nutrient,506,28740.0
2,Nutrient,506,29920.0
2,Nutrient,506,26790.0
2,Nutrient,506,27010.0
2,Nutrient,506,26570.0
2,Nutrient,506,27530.0
2,Nutrient,506,27680.0
2,Nutrient,506,27370.0
2,Nutrient,506,35620.0
2,Nutrient,506,35620.0
2,Nutrient,506,35620.0
2,Nutrient,506,36120.0
2,Nutrient,506,36120.0
2,Nutrient,506,36120.0
2,Nutrient,506,27580.0
2,Nutrient,506,27970.0
2,Nutrient,506,27180.0
2,Nutrient,506,28510.0
2,Nutrient,506,28950.0
2,Nutrient,506,28080.0
2,Nutrient,506,28870.0
2,Nutrient,506,28450.0
2,Nutrient,506,29290.0
2,Nutrient,506,29250.0
2,Nutrient,506,28910.0
2,Nutrient,506,29590.0
2,Nutrient,506,29330.0
2,Nutrient,506,29020.0
2,Nutrient,506,29650.0
2,Nutrient,506,30550.0
2,Nutrient,506,30290.0
2,Nutrient,506,30800.0
2,Nutrient,506,23960.0
2,Nutrient,506,23610.0
2,Nutrient,506,24470.0
2,Nutrient,506,26070.0
2,Nutrient,506,25510.0
2,Nutrient,506,26890.0
2,Nutrient,506,24180.0
2,Nutrient,506,24050.0
2,Nutrient,506,24380.0
2,Nutrient,506,27010.0
2,Nutrient,506,25990.0
2,Nutrient,506,25980.0
2,Nutrient,506,26000.0
2,Nutrient,506,33900.0
2,Nutrient,506,20480.0
2,Nutrient,506,20160.0
2,Nutrient,506,20800.0
2,Nutrient,506,29930.0
2,Nutrient,506,31700.0
2,Nutrient,506,31700.0
2,Nutrient,506,31700.0
2,Nutrient,506,25560.0
2,Nutrient,506,23870.0
2,Nutrient,506,22860.0
2,Nutrient,506,25380.0
2,Nutrient,506,14350.0
2,Nutrient,506,19710.0
2,Nutrient,506,28150.0
2,Nutrient,506,28280.0
2,Nutrient,506,27960.0
2,Nutrient,506,20360.0
2,Nutrient,506,20350.0
2,Nutrient,506,20390.0
2,Nutrient,506,21470.0
2,Nutrient,506,21280.0
2,Nutrient,506,21740.0
2,Nutrient,506,27590.0
2,Nutrient,506,21640.0
2,Nutrient,506,21450.0
2,Nutrient,506,21930.0
2,Nutrient,506,27510.0
2,Nutrient,506,19180.0
2,Nutrient,506,19140.0
2,Nutrient,506,19250.0
2,Nutrient,506,18680.0
2,Nutrient,506,26420.0
2,Nutrient,506,18570.0
2,Nutrient,506,26210.0
2,Nutrient,506,18870.0
2,Nutrient,506,26630.0
2,Nutrient,506,18720.0
2,Nutrient,506,26220.0
2,Nutrient,506,18420.0
2,Nutrient,506,25850.0
2,Nutrient,506,17940.0
2,Nutrient,506,28820.0
2,Nutrient,506,17650.0
2,Nutrient,506,24400.0
2,Nutrient,506,19230.0
2,Nutrient,506,30120.0
2,Nutrient,506,19140.0
2,Nutrient,506,30200.0
2,Nutrient,506,19330.0
2,Nutrient,506,30050.0
2,Nutrient,506,17160.0
2,Nutrient,506,26780.0
2,Nutrient,506,16980.0
2,Nutrient,506,26370.0
2,Nutrient,506,17370.0
2,Nutrient,506,27330.0
2,Nutrient,506,26650.0
2,Nutrient,506,26410.0
2,Nutrient,506,27020.0
2,Nutrient,506,16530.0
2,Nutrient,506,22420.0
2,Nutrient,506,22770.0
2,Nutrient,506,16340.0
2,Nutrient,506,22260.0
2,Nutrient,506,22600.0
2,Nutrient,506,16750.0
2,Nutrient,506,22730.0
2,Nutrient,506,23100.0
2,Nutrient,506,16150.0
2,Nutrient,506,21950.0
2,Nutrient,506,22570.0
2,Nutrient,506,16260.0
2,Nutrient,506,21550.0
2,Nutrient,506,23010.0
2,Nutrient,506,16030.0
2,Nutrient,506,20860.0
2,Nutrient,506,22500.0
2,Nutrient,506,16520.0
2,Nutrient,506,21550.0
2,Nutrient,506,23400.0
2,Nutrient,506,15770.0
2,Nutrient,506,20650.0
2,Nutrient,506,22860.0
2,Nutrient,506,19330.0
2,Nutrient,506,25850.0
2,Nutrient,506,22540.0
2,Nutrient,506,19090.0
2,Nutrient,506,24530.0
2,Nutrient,506,22280.0
2,Nutrient,506,19560.0
2,Nutrient,506,27170.0
2,Nutrient,506,22760.0
2,Nutrient,506,16740.0
2,Nutrient,506,24130.0
2,Nutrient,506,22150.0
2,Nutrient,506,27700.0
2,Nutrient,506,20160.0
2,Nutrient,506,20560.0
2,Nutrient,506,27540.0
2,Nutrient,506,20560.0
2,Nutrient,506,27580.0
2,Nutrient,506,20700.0
2,Nutrient,506,32760.0
2,Nutrient,506,26410.0
2,Nutrient,506,20710.0
2,Nutrient,506,32850.0
2,Nutrient,506,26050.0
2,Nutrient,506,20680.0
2,Nutrient,506,32670.0
2,Nutrient,506,26770.0
2,Nutrient,506,21490.0
2,Nutrient,506,28310.0
2,Nutrient,506,21680.0
2,Nutrient,506,28480.0
2,Nutrient,506,21300.0
2,Nutrient,506,28130.0
2,Nutrient,506,19600.0
2,Nutrient,506,27450.0
2,Nutrient,506,19480.0
2,Nutrient,506,27270.0
2,Nutrient,506,19740.0
2,Nutrient,506,27630.0
2,Nutrient,506,20070.0
2,Nutrient,506,33930.0
2,Nutrient,506,22060.0
2,Nutrient,506,34340.0
2,Nutrient,506,30670.0
2,Nutrient,506,21940.0
2,Nutrient,506,34090.0
2,Nutrient,506,30700.0
2,Nutrient,506,32990.0
2,Nutrient,506,22180.0
2,Nutrient,506,34600.0
2,Nutrient,506,30630.0
2,Nutrient,506,22240.0
2,Nutrient,506,31270.0
2,Nutrient,506,20280.0
2,Nutrient,506,20320.0
2,Nutrient,506,17980.0
2,Nutrient,506,23270.0
2,Nutrient,506,18900.0
2,Nutrient,506,24040.0
2,Nutrient,506,20610.0
2,Nutrient,506,26440.0
2,Nutrient,506,20630.0
2,Nutrient,506,26160.0
2,Nutrient,506,20590.0
2,Nutrient,506,26720.0
2,Nutrient,506,19000.0
2,Nutrient,506,25920.0
2,Nutrient,506,19610.0
2,Nutrient,506,26460.0
2,Nutrient,506,23900.0
2,Nutrient,506,19820.0
2,Nutrient,506,26430.0
2,Nutrient,506,23900.0
2,Nutrient,506,19370.0
2,Nutrient,506,26480.0
2,Nutrient,506,23900.0
2,Nutrient,506,18150.0
2,Nutrient,506,25260.0
2,Nutrient,506,24040.0
2,Nutrient,506,20300.0
2,Nutrient,506,26960.0
2,Nutrient,506,19920.0
2,Nutrient,506,26800.0
2,Nutrient,506,28770.0
2,Nutrient,506,20680.0
2,Nutrient,506,27120.0
2,Nutrient,506,25950.0
2,Nutrient,506,28090.0
2,Nutrient,506,28540.0
2,Nutrient,506,28710.0
2,Nutrient,506,27660.0
2,Nutrient,506,27780.0
2,Nutrient,506,33590.0
2,Nutrient,506,27950.0
2,Nutrient,506,27270.0
2,Nutrient,506,26050.0
2,Nutrient,506,20640.0
2,Nutrient,506,25660.0
2,Nutrient,506,20640.0
2,Nutrient,506,26440.0
2,Nutrient,506,20640.0
2,Nutrient,506,31610.0
2,Nutrient,506,25740.0
2,Nutrient,506,26130.0
2,Nutrient,506,26110.0
2,Nutrient,506,26160.0
2,Nutrient,506,31570.0
2,Nutrient,506,31650.0
2,Nutrient,506,21220.0
2,Nutrient,506,21220.0
2,Nutrient,506,20610.0
2,Nutrient,506,20670.0
2,Nutrient,506,20520.0
2,Nutrient,506,20150.0
2,Nutrient,506,21080.0
2,Nutrient,506,26660.0
2,Nutrient,506,19620.0
2,Nutrient,506,24180.0
2,Nutrient,506,28840.0
2,Nutrient,506,28790.0
2,Nutrient,506,28820.0
2,Nutrient,506,20570.0
2,Nutrient,506,26750.0
2,Nutrient,506,30680.0
2,Nutrient,506,19350.0
2,Nutrient,506,30100.0
2,Nutrient,506,20200.0
2,Nutrient,506,31900.0
2,Nutrient,506,6020.0
2,Nutrient,506,9420.0
2,Nutrient,506,20980.0
2,Nutrient,506,36160.0
2,Nutrient,506,27290.0
2,Nutrient,506,31750.0
2,Nutrient,506,27700.0
2,Nutrient,506,21280.0
2,Nutrient,506,36710.0
2,Nutrient,506,28410.0
2,Nutrient,506,33170.0
2,Nutrient,506,28070.0
2,Nutrient,506,18890.0
2,Nutrient,506,30190.0
2,Nutrient,506,24800.0
2,Nutrient,506,20170.0
2,Nutrient,506,33570.0
2,Nutrient,506,26320.0
2,Nutrient,506,18860.0
2,Nutrient,506,32430.0
2,Nutrient,506,23960.0
2,Nutrient,506,19970.0
2,Nutrient,506,34440.0
2,Nutrient,506,25760.0
2,Nutrient,506,19270.0
2,Nutrient,506,32060.0
2,Nutrient,506,25320.0
2,Nutrient,506,19790.0
2,Nutrient,506,33680.0
2,Nutrient,506,25810.0
2,Nutrient,506,19340.0
2,Nutrient,506,33630.0
2,Nutrient,506,25460.0
2,Nutrient,506,20040.0
2,Nutrient,506,35730.0
2,Nutrient,506,26130.0
2,Nutrient,506,19230.0
2,Nutrient,506,31260.0
2,Nutrient,506,25150.0
2,Nutrient,506,19640.0
2,Nutrient,506,32660.0
2,Nutrient,506,25640.0
2,Nutrient,506,19070.0
2,Nutrient,506,31260.0
2,Nutrient,506,25140.0
2,Nutrient,506,20200.0
2,Nutrient,506,33960.0
2,Nutrient,506,26320.0
2,Nutrient,506,20270.0
2,Nutrient,506,34940.0
2,Nutrient,506,19350.0
2,Nutrient,506,24380.0
2,Nutrient,506,10320.0
2,Nutrient,506,11480.0
2,Nutrient,506,14480.0
2,Nutrient,506,17180.0
2,Nutrient,506,29120.0
2,Nutrient,506,15760.0
2,Nutrient,506,26320.0
2,Nutrient,506,19930.0
2,Nutrient,506,28420.0
2,Nutrient,506,27370.0
2,Nutrient,506,16300.0
2,Nutrient,506,18740.0
2,Nutrient,506,15000.0
2,Nutrient,506,29100.0
2,Nutrient,506,18300.0
2,Nutrient,506,24080.0
2,Nutrient,506,17210.0
2,Nutrient,506,22670.0
2,Nutrient,506,17180.0
2,Nutrient,506,25850.0
2,Nutrient,506,9400.0
2,Nutrient,506,17470.0
2,Nutrient,506,26970.0
2,Nutrient,506,25930.0
2,Nutrient,506,28230.0
2,Nutrient,506,30320.0
2,Nutrient,506,19150.0
2,Nutrient,506,31540.0
2,Nutrient,506,19280.0
2,Nutrient,506,32220.0
2,Nutrient,506,33200.0
2,Nutrient,506,21500.0
2,Nutrient,506,21390.0
2,Nutrient,506,18800.0
2,Nutrient,506,23510.0
2,Nutrient,506,20720.0
2,Nutrient,506,24050.0
2,Nutrient,506,19190.0
2,Nutrient,506,24330.0
2,Nutrient,506,19890.0
2,Nutrient,506,25010.0
2,Nutrient,506,21410.0
2,Nutrient,506,28790.0
2,Nutrient,506,21960.0
2,Nutrient,506,29240.0
2,Nutrient,506,20510.0
2,Nutrient,506,26070.0
2,Nutrient,506,20930.0
2,Nutrient,506,20390.0
2,Nutrient,506,26070.0
2,Nutrient,506,21130.0
2,Nutrient,506,26660.0
2,Nutrient,506,18750.0
2,Nutrient,506,24700.0
2,Nutrient,506,19380.0
2,Nutrient,506,25290.0
2,Nutrient,506,20740.0
2,Nutrient,506,26880.0
2,Nutrient,506,20980.0
2,Nutrient,506,26610.0
2,Nutrient,506,21240.0
2,Nutrient,506,27220.0
2,Nutrient,506,22150.0
2,Nutrient,506,28010.0
2,Nutrient,506,20540.0
2,Nutrient,506,26220.0
2,Nutrient,506,21690.0
2,Nutrient,506,29080.0
2,Nutrient,506,20670.0
2,Nutrient,506,26300.0
2,Nutrient,506,18990.0
2,Nutrient,506,24930.0
2,Nutrient,506,20930.0
2,Nutrient,506,27120.0
2,Nutrient,506,21590.0
2,Nutrient,506,27520.0
2,Nutrient,506,26450.0
2,Nutrient,506,19380.0
2,Nutrient,506,20140.0
2,Nutrient,506,19680.0
2,Nutrient,506,30950.0
2,Nutrient,506,32100.0
2,Nutrient,506,31410.0
2,Nutrient,506,20870.0
2,Nutrient,506,21100.0
2,Nutrient,506,20960.0
2,Nutrient,506,27970.0
2,Nutrient,506,27880.0
2,Nutrient,506,27940.0
2,Nutrient,506,21310.0
2,Nutrient,506,21280.0
2,Nutrient,506,21290.0
2,Nutrient,506,31320.0
2,Nutrient,506,31710.0
2,Nutrient,506,31480.0
2,Nutrient,506,33550.0
2,Nutrient,506,32960.0
2,Nutrient,506,33310.0
2,Nutrient,506,21360.0
2,Nutrient,506,21220.0
2,Nutrient,506,21300.0
2,Nutrient,506,32410.0
2,Nutrient,506,32290.0
2,Nutrient,506,32490.0
2,Nutrient,506,21750.0
2,Nutrient,506,21900.0
2,Nutrient,506,21640.0
2,Nutrient,506,30910.0
2,Nutrient,506,32010.0
2,Nutrient,506,31350.0
2,Nutrient,506,26700.0
2,Nutrient,506,27970.0
2,Nutrient,506,27180.0
2,Nutrient,506,19170.0
2,Nutrient,506,19150.0
2,Nutrient,506,19200.0
2,Nutrient,506,26180.0
2,Nutrient,506,26100.0
2,Nutrient,506,26300.0
2,Nutrient,506,18990.0
2,Nutrient,506,18850.0
2,Nutrient,506,19200.0
2,Nutrient,506,21170.0
2,Nutrient,506,21720.0
2,Nutrient,506,24630.0
2,Nutrient,506,24470.0
2,Nutrient,506,24860.0
2,Nutrient,506,28230.0
2,Nutrient,506,27600.0
2,Nutrient,506,29180.0
2,Nutrient,506,32070.0
2,Nutrient,506,32210.0
2,Nutrient,506,31860.0
2,Nutrient,506,21130.0
2,Nutrient,506,21190.0
2,Nutrient,506,21050.0
2,Nutrient,506,25480.0
2,Nutrient,506,25260.0
2,Nutrient,506,25810.0
2,Nutrient,506,17480.0
2,Nutrient,506,17220.0
2,Nutrient,506,17870.0
2,Nutrient,506,31030.0
2,Nutrient,506,30930.0
2,Nutrient,506,31180.0
2,Nutrient,506,27690.0
2,Nutrient,506,27160.0
2,Nutrient,506,28470.0
2,Nutrient,506,18970.0
2,Nutrient,506,18870.0
2,Nutrient,506,19100.0
2,Nutrient,506,24980.0
2,Nutrient,506,24950.0
2,Nutrient,506,25030.0
2,Nutrient,506,18860.0
2,Nutrient,506,18860.0
2,Nutrient,506,18860.0
2,Nutrient,506,27120.0
2,Nutrient,506,27030.0
2,Nutrient,506,27300.0
2,Nutrient,506,28980.0
2,Nutrient,506,21220.0
2,Nutrient,506,20930.0
2,Nutrient,506,21650.0
2,Nutrient,506,21990.0
2,Nutrient,506,21620.0
2,Nutrient,506,22550.0
2,Nutrient,506,27400.0
2,Nutrient,506,27030.0
2,Nutrient,506,27960.0
2,Nutrient,506,28210.0
2,Nutrient,506,27870.0
2,Nutrient,506,28720.0
2,Nutrient,506,29990.0
2,Nutrient,506,21170.0
2,Nutrient,506,29560.0
2,Nutrient,506,20890.0
2,Nutrient,506,30640.0
2,Nutrient,506,21610.0
2,Nutrient,506,27680.0
2,Nutrient,506,18740.0
2,Nutrient,506,27030.0
2,Nutrient,506,18470.0
2,Nutrient,506,28650.0
2,Nutrient,506,19140.0
2,Nutrient,506,28110.0
2,Nutrient,506,21850.0
2,Nutrient,506,27390.0
2,Nutrient,506,21440.0
2,Nutrient,506,29180.0
2,Nutrient,506,22460.0
2,Nutrient,506,28360.0
2,Nutrient,506,19110.0
2,Nutrient,506,27750.0
2,Nutrient,506,18720.0
2,Nutrient,506,29280.0
2,Nutrient,506,19710.0
2,Nutrient,506,22710.0
2,Nutrient,506,23190.0
2,Nutrient,506,22900.0
2,Nutrient,506,23530.0
2,Nutrient,506,23360.0
2,Nutrient,506,23470.0
2,Nutrient,506,18130.0
2,Nutrient,506,17920.0
2,Nutrient,506,18440.0
2,Nutrient,506,22920.0
2,Nutrient,506,24830.0
2,Nutrient,506,23690.0
2,Nutrient,506,24300.0
2,Nutrient,506,23920.0
2,Nutrient,506,24850.0
2,Nutrient,506,18850.0
2,Nutrient,506,18390.0
2,Nutrient,506,19550.0
2,Nutrient,506,29360.0
2,Nutrient,506,28900.0
2,Nutrient,506,30060.0
2,Nutrient,506,20380.0
2,Nutrient,506,20060.0
2,Nutrient,506,20870.0
2,Nutrient,506,25070.0
2,Nutrient,506,27060.0
2,Nutrient,506,26460.0
2,Nutrient,506,27950.0
2,Nutrient,506,17980.0
2,Nutrient,506,17690.0
2,Nutrient,506,18430.0
2,Nutrient,506,24850.0
2,Nutrient,506,23890.0
2,Nutrient,506,26290.0
2,Nutrient,506,19260.0
2,Nutrient,506,18690.0
2,Nutrient,506,20120.0
2,Nutrient,506,24230.0
2,Nutrient,506,23340.0
2,Nutrient,506,25560.0
2,Nutrient,506,16150.0
2,Nutrient,506,15750.0
2,Nutrient,506,16750.0
2,Nutrient,506,28970.0
2,Nutrient,506,23030.0
2,Nutrient,506,28260.0
2,Nutrient,506,28190.0
2,Nutrient,506,28360.0
2,Nutrient,506,21380.0
2,Nutrient,506,21340.0
2,Nutrient,506,21440.0
2,Nutrient,506,29330.0
2,Nutrient,506,28990.0
2,Nutrient,506,29850.0
2,Nutrient,506,28330.0
2,Nutrient,506,28240.0
2,Nutrient,506,28480.0
2,Nutrient,506,22610.0
2,Nutrient,506,22500.0
2,Nutrient,506,22770.0
2,Nutrient,506,30580.0
2,Nutrient,506,30450.0
2,Nutrient,506,30780.0
2,Nutrient,506,29120.0
2,Nutrient,506,29350.0
2,Nutrient,506,23040.0
2,Nutrient,506,23050.0
2,Nutrient,506,22660.0
2,Nutrient,506,22520.0
2,Nutrient,506,22890.0
2,Nutrient,506,24660.0
2,Nutrient,506,24240.0
2,Nutrient,506,25280.0
2,Nutrient,506,19700.0
2,Nutrient,506,19460.0
2,Nutrient,506,20050.0
2,Nutrient,506,28770.0
2,Nutrient,506,28350.0
2,Nutrient,506,29390.0
2,Nutrient,506,28150.0
2,Nutrient,506,28000.0
2,Nutrient,506,28370.0
2,Nutrient,506,26000.0
2,Nutrient,506,26300.0
2,Nutrient,506,25500.0
2,Nutrient,506,19900.0
2,Nutrient,506,19700.0
2,Nutrient,506,20100.0
2,Nutrient,506,27400.0
2,Nutrient,506,26800.0
2,Nutrient,506,28300.0
2,Nutrient,506,27000.0
2,Nutrient,506,26800.0
2,Nutrient,506,27100.0
2,Nutrient,506,21100.0
2,Nutrient,506,20800.0
2,Nutrient,506,21600.0
2,Nutrient,506,15640.0
2,Nutrient,506,26060.0
2,Nutrient,506,22980.0
2,Nutrient,506,15210.0
2,Nutrient,506,14630.0
2,Nutrient,506,17370.0
2,Nutrient,506,25900.0
2,Nutrient,506,26130.0
2,Nutrient,506,19630.0
2,Nutrient,506,26820.0
2,Nutrient,506,26360.0
2,Nutrient,506,28600.0
2,Nutrient,506,29340.0
2,Nutrient,506,25730.0
2,Nutrient,506,26080.0
2,Nutrient,506,25770.0
2,Nutrient,506,25670.0
2,Nutrient,506,24610.0
2,Nutrient,506,27300.0
2,Nutrient,506,28220.0
2,Nutrient,506,28410.0
2,Nutrient,506,26130.0
2,Nutrient,506,23510.0
2,Nutrient,506,29970.0
2,Nutrient,506,25870.0
2,Nutrient,506,25730.0
2,Nutrient,506,25700.0
2,Nutrient,506,28290.0
2,Nutrient,506,21410.0
2,Nutrient,506,26290.0
2,Nutrient,506,25800.0
2,Nutrient,506,29170.0
2,Nutrient,506,27310.0
2,Nutrient,506,20000.0
2,Nutrient,506,26110.0
2,Nutrient,506,25210.0
2,Nutrient,506,28450.0
2,Nutrient,506,26620.0
2,Nutrient,506,18590.0
2,Nutrient,506,25930.0
2,Nutrient,506,24620.0
2,Nutrient,506,27730.0
2,Nutrient,506,25930.0
2,Nutrient,506,17170.0
2,Nutrient,506,25750.0
2,Nutrient,506,24040.0
2,Nutrient,506,27000.0
2,Nutrient,506,25250.0
2,Nutrient,506,15760.0
2,Nutrient,506,25560.0
2,Nutrient,506,23450.0
2,Nutrient,506,26280.0
2,Nutrient,506,24560.0
2,Nutrient,506,22530.0
2,Nutrient,506,22060.0
2,Nutrient,506,22270.0
2,Nutrient,506,23070.0
2,Nutrient,506,30870.0
2,Nutrient,506,29070.0
2,Nutrient,506,29340.0
2,Nutrient,506,29440.0
2,Nutrient,506,28450.0
2,Nutrient,506,29590.0
2,Nutrient,506,31610.0
2,Nutrient,506,34460.0
2,Nutrient,506,22190.0
2,Nutrient,506,33150.0
2,Nutrient,506,21570.0
2,Nutrient,506,22600.0
2,Nutrient,506,29730.0
2,Nutrient,506,22330.0
2,Nutrient,506,29040.0
2,Nutrient,506,22120.0
2,Nutrient,506,34660.0
2,Nutrient,506,22110.0
2,Nutrient,506,28000.0
2,Nutrient,506,34340.0
2,Nutrient,506,29300.0
2,Nutrient,506,22930.0
2,Nutrient,506,31820.0
2,Nutrient,506,22910.0
2,Nutrient,506,29420.0
2,Nutrient,506,22090.0
2,Nutrient,506,21960.0
2,Nutrient,506,21690.0
2,Nutrient,506,34720.0
2,Nutrient,506,33130.0
2,Nutrient,506,22880.0
2,Nutrient,506,22690.0
2,Nutrient,506,22220.0
2,Nutrient,506,27560.0
2,Nutrient,506,29870.0
2,Nutrient,506,32040.0
2,Nutrient,506,34220.0
2,Nutrient,506,22120.0
2,Nutrient,506,22170.0
2,Nutrient,506,21910.0
2,Nutrient,506,28290.0
2,Nutrient,506,22780.0
2,Nutrient,506,29010.0
2,Nutrient,506,29510.0
2,Nutrient,506,29160.0
2,Nutrient,506,22260.0
2,Nutrient,506,21450.0
2,Nutrient,506,34600.0
2,Nutrient,506,33180.0
2,Nutrient,506,22310.0
2,Nutrient,506,23130.0
2,Nutrient,506,22180.0
2,Nutrient,506,29580.0
2,Nutrient,506,11710.0
2,Nutrient,506,21260.0
2,Nutrient,506,26340.0
2,Nutrient,506,21170.0
2,Nutrient,506,27170.0
2,Nutrient,506,21340.0
2,Nutrient,506,21070.0
2,Nutrient,506,20760.0
2,Nutrient,506,21380.0
2,Nutrient,506,27890.0
2,Nutrient,506,27960.0
2,Nutrient,506,21570.0
2,Nutrient,506,21430.0
2,Nutrient,506,18120.0
2,Nutrient,506,17770.0
2,Nutrient,506,28660.0
2,Nutrient,506,25630.0
2,Nutrient,506,30610.0
2,Nutrient,506,28780.0
2,Nutrient,506,29990.0
2,Nutrient,506,28900.0
2,Nutrient,507,19140.0
2,Nutrient,507,24540.0
2,Nutrient,508,12190.0
2,Nutrient,508,23480.0
2,Nutrient,509,4800.0
2,Nutrient,510,400.0
2,Nutrient,510,400.0
2,Nutrient,510,400.0
2,Nutrient,510,6450.0
2,Nutrient,511,23840.0
2,Nutrient,511,47680.0
2,Nutrient,513,11000.0
2,Nutrient,513,18600.0
2,Nutrient,514,21700.0
2,Nutrient,514,3500.0
2,Nutrient,514,19090.0
2,Nutrient,514,23400.0
2,Nutrient,514,24470.0
2,Nutrient,514,18900.0
2,Nutrient,514,14660.0
2,Nutrient,514,62440.0
2,Nutrient,515,18300.0
2,Nutrient,515,2900.0
2,Nutrient,515,18310.0
2,Nutrient,515,23480.0
2,Nutrient,516,14730.0
2,Nutrient,516,3990.0
2,Nutrient,517,2600.0
2,Nutrient,517,6100.0
2,Nutrient,518,6950.0
2,Nutrient,518,5850.0
2,Nutrient,518,11600.0
2,Nutrient,518,29650.0
2,Nutrient,518,15644.0
2,Nutrient,518,40274.9
2,Nutrient,518,19415.0
2,Nutrient,519,1500.0
2,Nutrient,519,200.0
2,Nutrient,519,1530.0
2,Nutrient,519,1490.0
2,Nutrient,519,1490.0
2,Nutrient,519,6100.0
2,Nutrient,520,720.0
2,Nutrient,520,720.0
2,Nutrient,520,720.0
2,Nutrient,520,7151.5
2,Nutrient,521,1460.0
2,Nutrient,521,13650.0
2,Nutrient,521,3350.0
2,Nutrient,522,24400.0
2,Nutrient,522,29150.0
2,Nutrient,523,23140.0
2,Nutrient,523,29670.0
2,Nutrient,524,19100.0
2,Nutrient,524,3100.0
2,Nutrient,524,20500.0
2,Nutrient,524,3300.0
2,Nutrient,524,19300.0
2,Nutrient,524,3100.0
2,Nutrient,525,26530.0
2,Nutrient,525,23620.0
2,Nutrient,525,26530.0
2,Nutrient,525,23620.0
2,Nutrient,526,0.0
2,Nutrient,526,0.0
2,Nutrient,526,18700.0
2,Nutrient,526,3000.0
2,Nutrient,526,15700.0
2,Nutrient,526,2500.0
2,Nutrient,526,18700.0
2,Nutrient,526,3000.0
2,Nutrient,526,18700.0
2,Nutrient,526,3000.0
2,Nutrient,526,19000.0
2,Nutrient,526,3000.0
2,Nutrient,526,4600.0
2,Nutrient,526,700.0
2,Nutrient,526,5100.0
2,Nutrient,526,800.0
2,Nutrient,526,5100.0
2,Nutrient,526,800.0
2,Nutrient,526,13700.0
2,Nutrient,526,2200.0
2,Nutrient,526,21800.0
2,Nutrient,526,3500.0
2,Nutrient,526,26800.0
2,Nutrient,526,4300.0
2,Nutrient,526,24500.0
2,Nutrient,526,3900.0
2,Nutrient,526,19000.0
2,Nutrient,526,3000.0
2,Nutrient,526,0.0
2,Nutrient,527,20600.0
2,Nutrient,527,3300.0
2,Nutrient,527,20600.0
2,Nutrient,527,3300.0
2,Nutrient,529,15900.0
2,Nutrient,530,56190.0
2,Nutrient,531,11100.0
2,Nutrient,531,1800.0
2,Nutrient,531,19300.0
2,Nutrient,531,3100.0
2,Nutrient,531,12000.0
2,Nutrient,531,1920.0
2,Nutrient,531,11900.0
2,Nutrient,531,1900.0
2,Nutrient,531,12300.0
2,Nutrient,531,2000.0
2,Nutrient,531,7600.0
2,Nutrient,531,1200.0
2,Nutrient,531,14000.0
2,Nutrient,531,2200.0
2,Nutrient,531,12400.0
2,Nutrient,531,2000.0
2,Nutrient,531,18100.0
2,Nutrient,531,2900.0
2,Nutrient,531,11300.0
2,Nutrient,531,1800.0
2,Nutrient,531,20600.0
2,Nutrient,531,3300.0
2,Nutrient,531,20500.0
2,Nutrient,531,3300.0
2,Nutrient,531,24600.0
2,Nutrient,531,3900.0
2,Nutrient,531,16400.0
2,Nutrient,531,2600.0
2,Nutrient,531,24600.0
2,Nutrient,531,3900.0
2,Nutrient,531,15100.0
2,Nutrient,531,2400.0
2,Nutrient,531,13400.0
2,Nutrient,531,2100.0
2,Nutrient,531,16800.0
2,Nutrient,531,2700.0
2,Nutrient,531,0.0
2,Nutrient,531,0.0
2,Nutrient,532,20600.0
2,Nutrient,532,26410.0
2,Nutrient,533,18500.0
2,Nutrient,533,23720.0
2,Nutrient,534,2950.0
2,Nutrient,534,3170.0
2,Nutrient,534,8980.0
2,Nutrient,534,8490.0
2,Nutrient,534,3170.0
2,Nutrient,534,8490.0
2,Nutrient,534,23520.0
2,Nutrient,534,7730.0
2,Nutrient,534,4740.0
2,Nutrient,534,2740.0
2,Nutrient,534,7730.0
2,Nutrient,534,
2,Nutrient,534,
2,Nutrient,535,22960.0
2,Nutrient,535,30210.0
2,Nutrient,535,21780.0
2,Nutrient,535,26450.0
2,Nutrient,535,30200.0
2,Nutrient,535,36280.0
2,Nutrient,535,29900.0
2,Nutrient,535,31470.0
2,Nutrient,535,21500.0
2,Nutrient,536,7910.0
2,Nutrient,536,7790.0
2,Nutrient,536,7790.0
2,Nutrient,536,8375.0
2,Nutrient,537,18860.0
2,Nutrient,537,19390.0
2,Nutrient,537,24860.0
2,Nutrient,537,18430.0
2,Nutrient,537,23630.0
2,Nutrient,537,24180.0
2,Nutrient,538,18100.0
2,Nutrient,538,2900.0
2,Nutrient,538,20070.0
2,Nutrient,538,25730.0
2,Nutrient,538,18500.0
2,Nutrient,539,19300.0
2,Nutrient,540,22200.0
2,Nutrient,540,3600.0
2,Nutrient,540,21790.0
2,Nutrient,540,33020.0
2,Nutrient,541,20600.0
2,Nutrient,541,27100.0
2,Nutrient,542,23300.0
2,Nutrient,542,30660.0
2,Nutrient,544,14670.0
2,Nutrient,544,14240.0
2,Nutrient,544,25550.0
2,Nutrient,544,24250.0
2,Nutrient,544,400.0
2,Nutrient,544,8770.0
2,Nutrient,544,11150.0
2,Nutrient,544,9020.0
2,Nutrient,545,15580.0
2,Nutrient,545,17940.0
2,Nutrient,546,16800.0
2,Nutrient,546,2700.0
2,Nutrient,546,16500.0
2,Nutrient,546,2600.0
2,Nutrient,546,24000.0
2,Nutrient,546,3800.0
2,Nutrient,546,13610.0
2,Nutrient,546,21390.0
2,Nutrient,546,22780.0
2,Nutrient,546,20420.0
2,Nutrient,546,7840.0
2,Nutrient,546,14180.0
2,Nutrient,546,13750.0
2,Nutrient,546,12850.0
2,Nutrient,546,11960.0
2,Nutrient,546,11510.0
2,Nutrient,547,14600.0
2,Nutrient,547,2300.0
2,Nutrient,547,15970.0
2,Nutrient,547,16770.0
2,Nutrient,547,14850.0
2,Nutrient,547,17520.0
2,Nutrient,548,18100.0
2,Nutrient,548,2900.0
2,Nutrient,548,12410.0
2,Nutrient,548,15240.0
2,Nutrient,549,58000.0
2,Nutrient,549,9300.0
2,Nutrient,549,15900.0
2,Nutrient,549,2500.0
2,Nutrient,549,15900.0
2,Nutrient,549,2540.0
2,Nutrient,549,17000.0
2,Nutrient,549,2700.0
2,Nutrient,549,16000.0
2,Nutrient,549,2600.0
2,Nutrient,549,21100.0
2,Nutrient,549,3400.0
2,Nutrient,549,15900.0
2,Nutrient,549,2080.0
2,Nutrient,549,15000.0
2,Nutrient,549,2400.0
2,Nutrient,549,13000.0
2,Nutrient,549,2100.0
2,Nutrient,549,21500.0
2,Nutrient,549,3430.0
2,Nutrient,549,11000.0
2,Nutrient,549,1800.0
2,Nutrient,549,20700.0
2,Nutrient,549,3320.0
2,Nutrient,549,16500.0
2,Nutrient,549,2640.0
2,Nutrient,549,16500.0
2,Nutrient,549,2600.0
2,Nutrient,549,18000.0
2,Nutrient,549,2900.0
2,Nutrient,549,18200.0
2,Nutrient,549,2900.0
2,Nutrient,549,18200.0
2,Nutrient,549,2910.0
2,Nutrient,549,15300.0
2,Nutrient,549,2400.0
2,Nutrient,549,20800.0
2,Nutrient,549,3300.0
2,Nutrient,549,17900.0
2,Nutrient,549,2900.0
2,Nutrient,549,20700.0
2,Nutrient,549,3310.0
2,Nutrient,549,15700.0
2,Nutrient,549,2500.0
2,Nutrient,549,20500.0
2,Nutrient,549,3280.0
2,Nutrient,549,20500.0
2,Nutrient,549,3280.0
2,Nutrient,549,21600.0
2,Nutrient,549,3460.0
2,Nutrient,549,19200.0
2,Nutrient,549,3100.0
2,Nutrient,549,20500.0
2,Nutrient,549,3300.0
2,Nutrient,549,19900.0
2,Nutrient,549,3180.0
2,Nutrient,549,19900.0
2,Nutrient,549,3200.0
2,Nutrient,549,19100.0
2,Nutrient,549,3100.0
2,Nutrient,549,19200.0
2,Nutrient,549,3100.0
2,Nutrient,549,28400.0
2,Nutrient,549,4500.0
2,Nutrient,549,18300.0
2,Nutrient,549,2900.0
2,Nutrient,549,20300.0
2,Nutrient,549,3200.0
2,Nutrient,549,21600.0
2,Nutrient,549,3500.0
2,Nutrient,549,19900.0
2,Nutrient,549,3180.0
2,Nutrient,549,22200.0
2,Nutrient,549,3550.0
2,Nutrient,549,18800.0
2,Nutrient,549,3000.0
2,Nutrient,549,18000.0
2,Nutrient,549,2900.0
2,Nutrient,549,20200.0
2,Nutrient,549,3230.0
2,Nutrient,549,20200.0
2,Nutrient,549,3200.0
2,Nutrient,549,19500.0
2,Nutrient,549,3100.0
2,Nutrient,549,17000.0
2,Nutrient,549,2700.0
2,Nutrient,549,20700.0
2,Nutrient,549,3310.0
2,Nutrient,549,11000.0
2,Nutrient,549,1800.0
2,Nutrient,549,10000.0
2,Nutrient,549,1600.0
2,Nutrient,549,22300.0
2,Nutrient,549,3580.0
2,Nutrient,549,22300.0
2,Nutrient,549,3570.0
2,Nutrient,549,22400.0
2,Nutrient,549,3580.0
2,Nutrient,549,19400.0
2,Nutrient,549,3100.0
2,Nutrient,549,19300.0
2,Nutrient,549,3090.0
2,Nutrient,549,19300.0
2,Nutrient,549,3090.0
2,Nutrient,549,19300.0
2,Nutrient,549,3100.0
2,Nutrient,549,20000.0
2,Nutrient,549,3200.0
2,Nutrient,549,20000.0
2,Nutrient,549,3200.0
2,Nutrient,549,22200.0
2,Nutrient,549,3600.0
2,Nutrient,549,20000.0
2,Nutrient,549,3200.0
2,Nutrient,549,18000.0
2,Nutrient,549,2900.0
2,Nutrient,549,15000.0
2,Nutrient,549,2400.0
2,Nutrient,549,22000.0
2,Nutrient,549,3500.0
2,Nutrient,549,21200.0
2,Nutrient,549,3380.0
2,Nutrient,549,18300.0
2,Nutrient,549,2900.0
2,Nutrient,549,19500.0
2,Nutrient,549,3100.0
2,Nutrient,549,19500.0
2,Nutrient,549,3100.0
2,Nutrient,549,21700.0
2,Nutrient,549,3500.0
2,Nutrient,549,17700.0
2,Nutrient,549,2830.0
2,Nutrient,549,18400.0
2,Nutrient,549,2900.0
2,Nutrient,549,18400.0
2,Nutrient,549,2900.0
2,Nutrient,549,19900.0
2,Nutrient,549,3180.0
2,Nutrient,549,20000.0
2,Nutrient,549,3200.0
2,Nutrient,549,14700.0
2,Nutrient,549,2350.0
2,Nutrient,549,16800.0
2,Nutrient,549,2690.0
2,Nutrient,549,17200.0
2,Nutrient,549,2750.0
2,Nutrient,549,22300.0
2,Nutrient,549,3560.0
2,Nutrient,549,21100.0
2,Nutrient,549,3400.0
2,Nutrient,549,16000.0
2,Nutrient,549,2600.0
2,Nutrient,549,15800.0
2,Nutrient,549,2500.0
2,Nutrient,549,17600.0
2,Nutrient,549,2800.0
2,Nutrient,549,17700.0
2,Nutrient,549,2800.0
2,Nutrient,549,17000.0
2,Nutrient,549,2700.0
2,Nutrient,549,17000.0
2,Nutrient,549,2700.0
2,Nutrient,549,16060.0
2,Nutrient,549,16500.0
2,Nutrient,549,16470.0
2,Nutrient,549,16600.0
2,Nutrient,549,16280.0
2,Nutrient,549,16300.0
2,Nutrient,549,16300.0
2,Nutrient,549,16600.0
2,Nutrient,549,16700.0
2,Nutrient,549,16600.0
2,Nutrient,549,14600.0
2,Nutrient,549,18500.0
2,Nutrient,549,17930.0
2,Nutrient,549,10060.0
2,Nutrient,549,13910.0
2,Nutrient,549,21200.0
2,Nutrient,549,18220.0
2,Nutrient,549,2920.0
2,Nutrient,549,9340.0
2,Nutrient,549,9250.0
2,Nutrient,549,7060.0
2,Nutrient,549,17430.0
2,Nutrient,549,26830.0
2,Nutrient,549,20480.0
2,Nutrient,549,29410.0
2,Nutrient,549,20270.0
2,Nutrient,549,27030.0
2,Nutrient,549,21810.0
2,Nutrient,549,28860.0
2,Nutrient,549,19870.0
2,Nutrient,549,25960.0
2,Nutrient,549,21660.0
2,Nutrient,549,28690.0
2,Nutrient,549,19740.0
2,Nutrient,549,27230.0
2,Nutrient,549,27320.0
2,Nutrient,549,27090.0
2,Nutrient,549,21430.0
2,Nutrient,549,28570.0
2,Nutrient,549,28570.0
2,Nutrient,549,28620.0
2,Nutrient,549,19560.0
2,Nutrient,549,26540.0
2,Nutrient,549,23720.0
2,Nutrient,549,24290.0
2,Nutrient,549,21220.0
2,Nutrient,549,28020.0
2,Nutrient,549,24990.0
2,Nutrient,549,25700.0
2,Nutrient,549,20710.0
2,Nutrient,549,28210.0
2,Nutrient,549,25610.0
2,Nutrient,549,27010.0
2,Nutrient,549,21990.0
2,Nutrient,549,30200.0
2,Nutrient,549,26760.0
2,Nutrient,549,28580.0
2,Nutrient,549,20280.0
2,Nutrient,549,26660.0
2,Nutrient,549,24420.0
2,Nutrient,549,26990.0
2,Nutrient,549,21790.0
2,Nutrient,549,29030.0
2,Nutrient,549,25790.0
2,Nutrient,549,28820.0
2,Nutrient,549,20480.0
2,Nutrient,549,28810.0
2,Nutrient,549,26960.0
2,Nutrient,549,26640.0
2,Nutrient,549,21650.0
2,Nutrient,549,31000.0
2,Nutrient,549,29290.0
2,Nutrient,549,27780.0
2,Nutrient,549,20950.0
2,Nutrient,549,26170.0
2,Nutrient,549,21550.0
2,Nutrient,549,29200.0
2,Nutrient,549,26620.0
2,Nutrient,549,26450.0
2,Nutrient,549,22410.0
2,Nutrient,549,30540.0
2,Nutrient,549,27580.0
2,Nutrient,549,27230.0
2,Nutrient,549,17180.0
2,Nutrient,549,23280.0
2,Nutrient,549,19550.0
2,Nutrient,549,25330.0
2,Nutrient,549,18710.0
2,Nutrient,549,24880.0
2,Nutrient,549,23470.0
2,Nutrient,549,20260.0
2,Nutrient,549,26760.0
2,Nutrient,549,26680.0
2,Nutrient,549,17420.0
2,Nutrient,549,25070.0
2,Nutrient,549,25580.0
2,Nutrient,549,23110.0
2,Nutrient,549,18730.0
2,Nutrient,549,26570.0
2,Nutrient,549,26740.0
2,Nutrient,549,24210.0
2,Nutrient,549,15470.0
2,Nutrient,549,29060.0
2,Nutrient,549,27510.0
2,Nutrient,549,10280.0
2,Nutrient,549,12140.0
2,Nutrient,549,7640.0
2,Nutrient,549,12490.0
2,Nutrient,549,22450.0
2,Nutrient,549,15950.0
2,Nutrient,549,23160.0
2,Nutrient,549,17270.0
2,Nutrient,549,23600.0
2,Nutrient,549,6380.0
2,Nutrient,549,16460.0
2,Nutrient,549,25400.0
2,Nutrient,549,1760.0
2,Nutrient,549,21390.0
2,Nutrient,549,26020.0
2,Nutrient,549,14080.0
2,Nutrient,549,16600.0
2,Nutrient,549,15030.0
2,Nutrient,549,18560.0
2,Nutrient,549,28500.0
2,Nutrient,549,17860.0
2,Nutrient,549,28200.0
2,Nutrient,549,16850.0
2,Nutrient,549,26380.0
2,Nutrient,549,16300.0
2,Nutrient,549,24100.0
2,Nutrient,549,11600.0
2,Nutrient,549,37040.0
2,Nutrient,549,11740.0
2,Nutrient,549,28950.0
2,Nutrient,549,20640.0
2,Nutrient,549,24240.0
2,Nutrient,549,11630.0
2,Nutrient,549,20930.0
2,Nutrient,549,22620.0
2,Nutrient,549,18490.0
2,Nutrient,549,21160.0
2,Nutrient,549,16970.0
2,Nutrient,549,20530.0
2,Nutrient,549,27800.0
2,Nutrient,549,20170.0
2,Nutrient,549,12780.0
2,Nutrient,549,13300.0
2,Nutrient,549,19560.0
2,Nutrient,549,18490.0
2,Nutrient,549,21570.0
2,Nutrient,549,22320.0
2,Nutrient,549,25050.0
2,Nutrient,549,19400.0
2,Nutrient,549,5050.0
2,Nutrient,549,5680.0
2,Nutrient,549,7640.0
2,Nutrient,549,20430.0
2,Nutrient,549,24940.0
2,Nutrient,549,16470.0
2,Nutrient,549,17280.0
2,Nutrient,549,21940.0
2,Nutrient,549,17750.0
2,Nutrient,549,17000.0
2,Nutrient,549,29560.0
2,Nutrient,549,28840.0
2,Nutrient,549,25020.0
2,Nutrient,549,27630.0
2,Nutrient,549,26810.0
2,Nutrient,549,30460.0
2,Nutrient,549,18260.0
2,Nutrient,549,21970.0
2,Nutrient,549,17970.0
2,Nutrient,549,20940.0
2,Nutrient,549,29360.0
2,Nutrient,549,18950.0
2,Nutrient,549,26360.0
2,Nutrient,549,19070.0
2,Nutrient,549,23010.0
2,Nutrient,549,19900.0
2,Nutrient,549,26290.0
2,Nutrient,549,27630.0
2,Nutrient,549,25820.0
2,Nutrient,549,26990.0
2,Nutrient,549,21800.0
2,Nutrient,549,27950.0
2,Nutrient,549,29460.0
2,Nutrient,549,27680.0
2,Nutrient,549,28810.0
2,Nutrient,549,19340.0
2,Nutrient,549,26490.0
2,Nutrient,549,21750.0
2,Nutrient,549,20760.0
2,Nutrient,549,27740.0
2,Nutrient,549,29200.0
2,Nutrient,549,22490.0
2,Nutrient,549,28410.0
2,Nutrient,549,28190.0
2,Nutrient,549,29620.0
2,Nutrient,549,22810.0
2,Nutrient,549,28750.0
2,Nutrient,549,28600.0
2,Nutrient,549,30390.0
2,Nutrient,549,20650.0
2,Nutrient,549,16880.0
2,Nutrient,549,25690.0
2,Nutrient,549,29860.0
2,Nutrient,549,26040.0
2,Nutrient,549,30420.0
2,Nutrient,549,21340.0
2,Nutrient,549,22390.0
2,Nutrient,549,20080.0
2,Nutrient,549,26070.0
2,Nutrient,549,21230.0
2,Nutrient,549,29470.0
2,Nutrient,549,18840.0
2,Nutrient,549,23550.0
2,Nutrient,549,17440.0
2,Nutrient,549,15410.0
2,Nutrient,549,18430.0
2,Nutrient,549,18200.0
2,Nutrient,549,17210.0
2,Nutrient,549,17830.0
2,Nutrient,549,18740.0
2,Nutrient,549,19020.0
2,Nutrient,549,16880.0
2,Nutrient,549,28950.0
2,Nutrient,549,28350.0
2,Nutrient,549,35730.0
2,Nutrient,549,38620.0
2,Nutrient,549,38340.0
2,Nutrient,549,21400.0
2,Nutrient,549,70.0
2,Nutrient,549,21410.0
2,Nutrient,549,15430.0
2,Nutrient,549,20920.0
2,Nutrient,549,22040.0
2,Nutrient,549,20900.0
2,Nutrient,549,15090.0
2,Nutrient,549,13880.0
2,Nutrient,549,14070.0
2,Nutrient,549,24140.0
2,Nutrient,549,24950.0
2,Nutrient,549,27750.0
2,Nutrient,549,22560.0
2,Nutrient,549,21280.0
2,Nutrient,549,18820.0
2,Nutrient,549,17990.0
2,Nutrient,549,17340.0
2,Nutrient,549,21690.0
2,Nutrient,549,20950.0
2,Nutrient,549,20570.0
2,Nutrient,549,19440.0
2,Nutrient,549,18650.0
2,Nutrient,549,17380.0
2,Nutrient,549,17930.0
2,Nutrient,549,14470.0
2,Nutrient,549,17530.0
2,Nutrient,549,22710.0
2,Nutrient,549,25110.0
2,Nutrient,549,24340.0
2,Nutrient,549,19250.0
2,Nutrient,549,8770.0
2,Nutrient,549,7500.0
2,Nutrient,549,19110.0
2,Nutrient,549,27180.0
2,Nutrient,549,19380.0
2,Nutrient,549,18660.0
2,Nutrient,549,22820.0
2,Nutrient,549,22350.0
2,Nutrient,549,19700.0
2,Nutrient,549,14050.0
2,Nutrient,549,13690.0
2,Nutrient,549,14280.0
2,Nutrient,549,16090.0
2,Nutrient,549,17060.0
2,Nutrient,549,15730.0
2,Nutrient,549,16650.0
2,Nutrient,549,13990.0
2,Nutrient,549,20100.0
2,Nutrient,549,18620.0
2,Nutrient,549,20800.0
2,Nutrient,549,18620.0
2,Nutrient,549,17770.0
2,Nutrient,549,19460.0
2,Nutrient,549,18170.0
2,Nutrient,549,19850.0
2,Nutrient,549,15080.0
2,Nutrient,549,13880.0
2,Nutrient,549,22470.0
2,Nutrient,549,22880.0
2,Nutrient,549,26180.0
2,Nutrient,549,20890.0
2,Nutrient,549,22180.0
2,Nutrient,549,20540.0
2,Nutrient,549,23950.0
2,Nutrient,549,26020.0
2,Nutrient,549,24460.0
2,Nutrient,549,26490.0
2,Nutrient,549,23790.0
2,Nutrient,549,24390.0
2,Nutrient,549,21610.0
2,Nutrient,549,25480.0
2,Nutrient,549,24360.0
2,Nutrient,549,22450.0
2,Nutrient,549,20890.0
2,Nutrient,549,9270.0
2,Nutrient,549,21610.0
2,Nutrient,549,20390.0
2,Nutrient,549,27580.0
2,Nutrient,549,18290.0
2,Nutrient,549,24810.0
2,Nutrient,549,21780.0
2,Nutrient,549,21350.0
2,Nutrient,549,24460.0
2,Nutrient,549,20160.0
2,Nutrient,549,21500.0
2,Nutrient,549,17190.0
2,Nutrient,549,25840.0
2,Nutrient,549,22270.0
2,Nutrient,549,27570.0
2,Nutrient,549,21640.0
2,Nutrient,549,22540.0
2,Nutrient,549,28470.0
2,Nutrient,549,27470.0
2,Nutrient,549,21650.0
2,Nutrient,549,31110.0
2,Nutrient,549,22880.0
2,Nutrient,549,14870.0
2,Nutrient,549,17990.0
2,Nutrient,549,21100.0
2,Nutrient,549,22830.0
2,Nutrient,549,26690.0
2,Nutrient,549,30550.0
2,Nutrient,549,22590.0
2,Nutrient,549,27140.0
2,Nutrient,549,31690.0
2,Nutrient,549,21350.0
2,Nutrient,549,27580.0
2,Nutrient,549,26140.0
2,Nutrient,549,27830.0
2,Nutrient,549,27830.0
2,Nutrient,549,29200.0
2,Nutrient,549,24730.0
2,Nutrient,549,20540.0
2,Nutrient,549,26480.0
2,Nutrient,549,26280.0
2,Nutrient,549,25580.0
2,Nutrient,549,26400.0
2,Nutrient,549,61300.0
2,Nutrient,549,57900.0
2,Nutrient,549,13190.0
2,Nutrient,549,8910.0
2,Nutrient,549,11800.0
2,Nutrient,549,22000.0
2,Nutrient,549,22300.0
2,Nutrient,549,20900.0
2,Nutrient,549,37040.0
2,Nutrient,550,57000.0
2,Nutrient,550,19200.0
2,Nutrient,550,16300.0
2,Nutrient,550,21000.0
2,Nutrient,550,0.0
2,Nutrient,551,4200.0
2,Nutrient,552,14700.0
2,Nutrient,552,6450.0
2,Nutrient,553,2800.0
2,Nutrient,553,2530.0
2,Nutrient,553,2530.0
2,Nutrient,553,24330.0
2,Nutrient,553,8290.0
2,Nutrient,553,8290.0
2,Nutrient,553,12922.65
2,Nutrient,553,25469.9
2,Nutrient,554,22700.0
2,Nutrient,555,19630.0
2,Nutrient,555,21760.0
2,Nutrient,555,22590.0
2,Nutrient,555,25100.0
2,Nutrient,556,990.0
2,Nutrient,556,1100.0
2,Nutrient,557,700.0
2,Nutrient,557,420.0
2,Nutrient,557,250.0
2,Nutrient,558,980.0
2,Nutrient,558,3262.5
2,Nutrient,559,2300.0
2,Nutrient,560,480.0
2,Nutrient,560,4820.0
2,Nutrient,561,2500.0
2,Nutrient,561,400.0
2,Nutrient,561,2900.0
2,Nutrient,561,500.0
2,Nutrient,561,3280.0
2,Nutrient,561,3090.0
2,Nutrient,561,2180.0
2,Nutrient,561,2170.0
2,Nutrient,561,3580.0
2,Nutrient,561,1870.0
2,Nutrient,561,2110.0
2,Nutrient,561,2500.0
2,Nutrient,561,2170.0
2,Nutrient,561,3280.0
2,Nutrient,561,3830.0
2,Nutrient,561,3910.0
2,Nutrient,561,2110.0
2,Nutrient,562,2240.0
2,Nutrient,562,3450.0
2,Nutrient,562,9580.0
2,Nutrient,562,1560.0
2,Nutrient,562,1560.0
2,Nutrient,563,5810.0
2,Nutrient,564,3030.0
2,Nutrient,565,2660.0
2,Nutrient,566,330.0
2,Nutrient,567,3310.0
2,Nutrient,568,9250.0
2,Nutrient,569,1940.0
2,Nutrient,570,4550.0
2,Nutrient,570,4310.0
2,Nutrient,571,18510.0
2,Nutrient,571,23730.0
2,Nutrient,572,2300.0
2,Nutrient,573,520.0
2,Nutrient,573,310.0
2,Nutrient,574,0.0
2,Nutrient,574,0.0
2,Nutrient,575,16200.0
2,Nutrient,575,2600.0
2,Nutrient,575,9600.0
2,Nutrient,575,1700.0
2,Nutrient,575,0.0
2,Nutrient,575,0.0
2,Nutrient,575,28100.0
2,Nutrient,575,4800.0
2,Nutrient,575,9300.0
2,Nutrient,575,1600.0
2,Nutrient,575,9300.0
2,Nutrient,575,1600.0
2,Nutrient,575,10800.0
2,Nutrient,575,1900.0
2,Nutrient,575,10700.0
2,Nutrient,575,1800.0
2,Nutrient,575,10700.0
2,Nutrient,575,1800.0
2,Nutrient,575,0.0
2,Nutrient,575,15550.0
2,Nutrient,575,23150.0
2,Nutrient,575,13210.0
2,Nutrient,575,10330.0
2,Nutrient,575,9890.0
2,Nutrient,575,11980.0
2,Nutrient,575,8200.0
2,Nutrient,575,9660.0
2,Nutrient,575,7490.0
2,Nutrient,575,11980.0
2,Nutrient,575,10330.0
2,Nutrient,575,10330.0
2,Nutrient,575,10330.0
2,Nutrient,575,8890.0
2,Nutrient,575,8890.0
2,Nutrient,575,9710.0
2,Nutrient,575,9710.0
2,Nutrient,575,9710.0
2,Nutrient,575,11500.0
2,Nutrient,575,11500.0
2,Nutrient,575,11500.0
2,Nutrient,575,13070.0
2,Nutrient,575,13070.0
2,Nutrient,575,15330.0
2,Nutrient,575,15330.0
2,Nutrient,575,9610.0
2,Nutrient,576,2890.0
2,Nutrient,576,3040.0
2,Nutrient,577,520.0
2,Nutrient,577,990.0
2,Nutrient,577,1710.0
2,Nutrient,578,1180.0
2,Nutrient,579,5500.0
2,Nutrient,580,13400.0
2,Nutrient,580,2100.0
2,Nutrient,581,18100.0
2,Nutrient,581,2900.0
2,Nutrient,582,16700.0
2,Nutrient,582,2700.0
2,Nutrient,583,2900.0
2,Nutrient,583,500.0
2,Nutrient,583,1490.0
2,Nutrient,584,12900.0
2,Nutrient,584,2100.0
2,Nutrient,584,9100.0
2,Nutrient,584,1500.0
2,Nutrient,585,29600.0
2,Nutrient,585,4700.0
2,Nutrient,585,20500.0
2,Nutrient,585,3300.0
2,Nutrient,586,4000.0
2,Nutrient,586,600.0
2,Nutrient,587,22900.0
2,Nutrient,587,3700.0
2,Nutrient,587,22900.0
2,Nutrient,587,3700.0
2,Nutrient,587,20100.0
2,Nutrient,587,3200.0
2,Nutrient,588,18000.0
2,Nutrient,588,2900.0
2,Nutrient,589,19100.0
2,Nutrient,589,3100.0
2,Nutrient,590,19900.0
2,Nutrient,590,3200.0
2,Nutrient,590,11500.0
2,Nutrient,590,1800.0
2,Nutrient,590,18300.0
2,Nutrient,590,2900.0
2,Nutrient,590,18700.0
2,Nutrient,590,3000.0
2,Nutrient,591,18000.0
2,Nutrient,591,2900.0
2,Nutrient,591,19400.0
2,Nutrient,591,3100.0
2,Nutrient,592,16400.0
2,Nutrient,592,2600.0
2,Nutrient,592,16400.0
2,Nutrient,593,21400.0
2,Nutrient,593,3400.0
2,Nutrient,594,16500.0
2,Nutrient,594,2600.0
2,Nutrient,595,21600.0
2,Nutrient,595,3500.0
2,Nutrient,596,19100.0
2,Nutrient,596,3100.0
2,Nutrient,597,17100.0
2,Nutrient,597,2700.0
2,Nutrient,598,18700.0
2,Nutrient,598,3000.0
2,Nutrient,598,18700.0
2,Nutrient,598,3000.0
2,Nutrient,598,19600.0
2,Nutrient,598,3100.0
2,Nutrient,599,9800.0
2,Nutrient,599,1600.0
2,Nutrient,599,17700.0
2,Nutrient,599,2800.0
2,Nutrient,600,19800.0
2,Nutrient,600,3200.0
2,Nutrient,600,14400.0
2,Nutrient,600,2300.0
2,Nutrient,600,18100.0
2,Nutrient,600,2900.0
2,Nutrient,600,18900.0
2,Nutrient,600,3000.0
2,Nutrient,601,11900.0
2,Nutrient,601,1900.0
2,Nutrient,601,23800.0
2,Nutrient,601,3800.0
2,Nutrient,601,17000.0
2,Nutrient,601,2700.0
2,Nutrient,602,19700.0
2,Nutrient,602,3200.0
2,Nutrient,603,19600.0
2,Nutrient,603,3100.0
2,Nutrient,604,18500.0
2,Nutrient,604,3000.0
2,Nutrient,605,0.0
2,Nutrient,605,0.0
2,Nutrient,605,0.0
2,Nutrient,605,0.0
2,Nutrient,605,0.0
2,Nutrient,605,0.0
2,Nutrient,605,0.0
2,Nutrient,605,0.0
2,Nutrient,605,0.0
2,Nutrient,605,0.0
2,Nutrient,605,0.0
2,Nutrient,605,0.0
2,Nutrient,606,7800.0
2,Nutrient,606,1200.0
2,Nutrient,608,700.0
2,Nutrient,608,100.0
2,Nutrient,609,19200.0
2,Nutrient,609,3100.0
2,Nutrient,610,15200.0
2,Nutrient,610,2400.0
2,Nutrient,610,11900.0
2,Nutrient,610,1900.0
2,Nutrient,610,18200.0
2,Nutrient,610,2900.0
2,Nutrient,611,23500.0
2,Nutrient,611,3800.0
2,Nutrient,612,19400.0
2,Nutrient,612,3100.0
2,Nutrient,613,3300.0
2,Nutrient,613,500.0
2,Nutrient,614,23400.0
2,Nutrient,614,3700.0
2,Nutrient,615,2300.0
2,Nutrient,615,400.0
2,Nutrient,616,7900.0
2,Nutrient,616,1300.0
2,Nutrient,617,16000.0
2,Nutrient,617,2600.0
2,Nutrient,617,16100.0
2,Nutrient,618,18700.0
2,Nutrient,618,3000.0
2,Nutrient,619,16000.0
2,Nutrient,619,2600.0
2,Nutrient,619,22940.0
2,Nutrient,620,0.0
2,Nutrient,620,0.0
2,Nutrient,621,24900.0
2,Nutrient,621,4000.0
2,Nutrient,621,17200.0
2,Nutrient,621,2800.0
2,Nutrient,621,25300.0
2,Nutrient,621,4000.0
2,Nutrient,621,27500.0
2,Nutrient,621,4400.0
2,Nutrient,621,29130.0
2,Nutrient,621,25510.0
2,Nutrient,621,16040.0
2,Nutrient,621,29130.0
2,Nutrient,621,25510.0
2,Nutrient,622,0.0
2,Nutrient,622,0.0
2,Nutrient,622,14300.0
2,Nutrient,622,2700.0
2,Nutrient,622,0.0
2,Nutrient,623,23500.0
2,Nutrient,623,3800.0
2,Nutrient,624,23900.0
2,Nutrient,625,26300.0
2,Nutrient,626,200.0
2,Nutrient,626,0.0
2,Nutrient,626,200.0
2,Nutrient,626,0.0
2,Nutrient,626,200.0
2,Nutrient,626,0.0
2,Nutrient,626,100.0
2,Nutrient,626,0.0
2,Nutrient,626,100.0
2,Nutrient,626,0.0
2,Nutrient,626,100.0
2,Nutrient,626,0.0
2,Nutrient,626,200.0
2,Nutrient,626,0.0
2,Nutrient,626,100.0
2,Nutrient,626,0.0
2,Nutrient,626,300.0
2,Nutrient,626,0.0
2,Nutrient,626,200.0
2,Nutrient,626,0.0
2,Nutrient,626,200.0
2,Nutrient,626,70.0
2,Nutrient,626,70.0
2,Nutrient,626,70.0
2,Nutrient,626,70.0
2,Nutrient,626,70.0
2,Nutrient,626,70.0
2,Nutrient,626,70.0
2,Nutrient,626,70.0
2,Nutrient,626,70.0
2,Nutrient,626,70.0
2,Nutrient,626,70.0
2,Nutrient,626,70.0
2,Nutrient,626,70.0
2,Nutrient,626,70.0
2,Nutrient,626,70.0
2,Nutrient,626,70.0
2,Nutrient,626,70.0
2,Nutrient,626,70.0
2,Nutrient,626,70.0
2,Nutrient,626,70.0
2,Nutrient,626,70.0
2,Nutrient,626,70.0
2,Nutrient,626,70.0
2,Nutrient,626,70.0
2,Nutrient,626,70.0
2,Nutrient,626,70.0
2,Nutrient,626,70.0
2,Nutrient,626,70.0
2,Nutrient,626,70.0
2,Nutrient,626,70.0
2,Nutrient,626,200.0
2,Nutrient,626,500.0
2,Nutrient,626,70.0
2,Nutrient,626,500.0
2,Nutrient,626,70.0
2,Nutrient,630,4300.0
2,Nutrient,630,700.0
2,Nutrient,630,0.0
2,Nutrient,630,0.0
2,Nutrient,630,0.0
2,Nutrient,630,0.0
2,Nutrient,630,0.0
2,Nutrient,630,0.0
2,Nutrient,630,100.0
2,Nutrient,630,0.0
2,Nutrient,630,2800.0
2,Nutrient,630,400.0
2,Nutrient,630,0.0
2,Nutrient,630,0.0
2,Nutrient,630,0.0
2,Nutrient,630,0.0
2,Nutrient,630,0.0
2,Nutrient,630,100.0
2,Nutrient,630,2800.0
2,Nutrient,630,100.0
2,Nutrient,631,12400.0
2,Nutrient,631,1900.0
2,Nutrient,631,20800.0
2,Nutrient,631,3300.0
2,Nutrient,631,19800.0
2,Nutrient,631,3100.0
2,Nutrient,631,17400.0
2,Nutrient,631,2700.0
2,Nutrient,631,25000.0
2,Nutrient,631,3900.0
2,Nutrient,631,21400.0
2,Nutrient,631,3400.0
2,Nutrient,631,19500.0
2,Nutrient,631,3100.0
2,Nutrient,631,12200.0
2,Nutrient,631,1900.0
2,Nutrient,631,10200.0
2,Nutrient,631,1600.0
2,Nutrient,631,9600.0
2,Nutrient,631,1500.0
2,Nutrient,631,20200.0
2,Nutrient,631,3200.0
2,Nutrient,631,16500.0
2,Nutrient,631,2600.0
2,Nutrient,631,24000.0
2,Nutrient,631,3760.0
2,Nutrient,631,30200.0
2,Nutrient,631,4700.0
2,Nutrient,631,28700.0
2,Nutrient,631,4500.0
2,Nutrient,631,25700.0
2,Nutrient,631,4000.0
2,Nutrient,631,24800.0
2,Nutrient,631,3900.0
2,Nutrient,631,28400.0
2,Nutrient,631,4500.0
2,Nutrient,631,28400.0
2,Nutrient,631,4500.0
2,Nutrient,631,23700.0
2,Nutrient,631,3700.0
2,Nutrient,631,26600.0
2,Nutrient,631,4200.0
2,Nutrient,631,25900.0
2,Nutrient,631,4100.0
2,Nutrient,631,29100.0
2,Nutrient,631,4600.0
2,Nutrient,631,26600.0
2,Nutrient,631,4200.0
2,Nutrient,631,23700.0
2,Nutrient,631,3700.0
2,Nutrient,631,30100.0
2,Nutrient,631,4700.0
2,Nutrient,631,27000.0
2,Nutrient,631,4200.0
2,Nutrient,631,27600.0
2,Nutrient,631,4300.0
2,Nutrient,631,26200.0
2,Nutrient,631,4100.0
2,Nutrient,631,24000.0
2,Nutrient,631,3800.0
2,Nutrient,631,28100.0
2,Nutrient,631,4400.0
2,Nutrient,631,33600.0
2,Nutrient,631,5300.0
2,Nutrient,631,29900.0
2,Nutrient,631,4700.0
2,Nutrient,631,32800.0
2,Nutrient,631,5100.0
2,Nutrient,631,33600.0
2,Nutrient,631,5300.0
2,Nutrient,631,38500.0
2,Nutrient,631,6000.0
2,Nutrient,631,21600.0
2,Nutrient,631,3400.0
2,Nutrient,631,28400.0
2,Nutrient,631,4500.0
2,Nutrient,631,26400.0
2,Nutrient,631,4100.0
2,Nutrient,631,24200.0
2,Nutrient,631,3800.0
2,Nutrient,631,11200.0
2,Nutrient,631,1800.0
2,Nutrient,631,7900.0
2,Nutrient,631,1200.0
2,Nutrient,631,11900.0
2,Nutrient,631,1900.0
2,Nutrient,631,20100.0
2,Nutrient,631,3200.0
2,Nutrient,631,24200.0
2,Nutrient,631,3800.0
2,Nutrient,631,19400.0
2,Nutrient,631,3000.0
2,Nutrient,631,19400.0
2,Nutrient,631,3000.0
2,Nutrient,631,17800.0
2,Nutrient,631,2800.0
2,Nutrient,631,24800.0
2,Nutrient,631,3900.0
2,Nutrient,631,23800.0
2,Nutrient,631,3700.0
2,Nutrient,631,30100.0
2,Nutrient,631,4700.0
2,Nutrient,631,24500.0
2,Nutrient,631,3800.0
2,Nutrient,631,19500.0
2,Nutrient,631,3100.0
2,Nutrient,631,28900.0
2,Nutrient,631,4500.0
2,Nutrient,631,24100.0
2,Nutrient,631,3800.0
2,Nutrient,631,23500.0
2,Nutrient,631,3700.0
2,Nutrient,631,9900.0
2,Nutrient,631,1600.0
2,Nutrient,631,12400.0
2,Nutrient,631,1900.0
2,Nutrient,631,3500.0
2,Nutrient,631,500.0
2,Nutrient,631,6900.0
2,Nutrient,631,1100.0
2,Nutrient,631,21400.0
2,Nutrient,631,23240.0
2,Nutrient,631,20750.0
2,Nutrient,631,19800.0
2,Nutrient,631,25180.0
2,Nutrient,631,24900.0
2,Nutrient,631,23370.0
2,Nutrient,631,23760.0
2,Nutrient,631,11120.0
2,Nutrient,631,10690.0
2,Nutrient,631,10340.0
2,Nutrient,631,11830.0
2,Nutrient,631,12390.0
2,Nutrient,631,5930.0
2,Nutrient,631,24990.0
2,Nutrient,631,14210.0
2,Nutrient,631,25600.0
2,Nutrient,631,9650.0
2,Nutrient,631,24940.0
2,Nutrient,631,29810.0
2,Nutrient,631,20050.0
2,Nutrient,631,24480.0
2,Nutrient,631,22170.0
2,Nutrient,631,21600.0
2,Nutrient,631,24260.0
2,Nutrient,631,25960.0
2,Nutrient,631,23410.0
2,Nutrient,631,9150.0
2,Nutrient,631,38460.0
2,Nutrient,631,35750.0
2,Nutrient,631,23780.0
2,Nutrient,631,25580.0
2,Nutrient,631,11260.0
2,Nutrient,631,11390.0
2,Nutrient,631,31800.0
2,Nutrient,631,21540.0
2,Nutrient,631,26930.0
2,Nutrient,631,24410.0
2,Nutrient,631,18130.0
2,Nutrient,631,22130.0
2,Nutrient,631,24730.0
2,Nutrient,631,37860.0
2,Nutrient,631,30520.0
2,Nutrient,631,21580.0
2,Nutrient,631,18520.0
2,Nutrient,631,21440.0
2,Nutrient,631,22600.0
2,Nutrient,631,21560.0
2,Nutrient,631,24350.0
2,Nutrient,631,24350.0
2,Nutrient,631,27200.0
2,Nutrient,631,15690.0
2,Nutrient,631,20000.0
2,Nutrient,631,24700.0
2,Nutrient,631,24690.0
2,Nutrient,631,24510.0
2,Nutrient,631,18090.0
2,Nutrient,631,20380.0
2,Nutrient,631,23540.0
2,Nutrient,631,18130.0
2,Nutrient,631,28200.0
2,Nutrient,631,22500.0
2,Nutrient,631,12400.0
2,Nutrient,631,24700.0
2,Nutrient,631,31700.0
2,Nutrient,631,10900.0
2,Nutrient,631,7850.0
2,Nutrient,631,24600.0
2,Nutrient,631,41600.0
2,Nutrient,631,12400.0
2,Nutrient,631,25500.0
2,Nutrient,631,10900.0
2,Nutrient,631,22200.0
2,Nutrient,631,28400.0
2,Nutrient,631,28400.0
2,Nutrient,631,27500.0
2,Nutrient,632,3500.0
2,Nutrient,632,600.0
2,Nutrient,632,3500.0
2,Nutrient,632,600.0
2,Nutrient,632,3500.0
2,Nutrient,632,500.0
2,Nutrient,632,3500.0
2,Nutrient,632,500.0
2,Nutrient,632,3500.0
2,Nutrient,632,500.0
2,Nutrient,632,3400.0
2,Nutrient,632,500.0
2,Nutrient,632,3400.0
2,Nutrient,632,500.0
2,Nutrient,632,3400.0
2,Nutrient,632,500.0
2,Nutrient,632,3330.0
2,Nutrient,632,3330.0
2,Nutrient,632,3150.0
2,Nutrient,632,3280.0
2,Nutrient,632,3300.0
2,Nutrient,632,3480.0
2,Nutrient,632,3950.0
2,Nutrient,632,3370.0
2,Nutrient,632,3480.0
2,Nutrient,632,3930.0
2,Nutrient,632,3370.0
2,Nutrient,632,3570.0
2,Nutrient,632,3960.0
2,Nutrient,632,3100.0
2,Nutrient,632,3370.0
2,Nutrient,632,3950.0
2,Nutrient,632,3300.0
2,Nutrient,632,3370.0
2,Nutrient,632,3150.0
2,Nutrient,632,3400.0
2,Nutrient,633,81100.0
2,Nutrient,633,13000.0
2,Nutrient,633,10900.0
2,Nutrient,633,1700.0
2,Nutrient,633,47400.0
2,Nutrient,633,7600.0
2,Nutrient,633,12600.0
2,Nutrient,633,2000.0
2,Nutrient,633,34300.0
2,Nutrient,633,5500.0
2,Nutrient,633,15900.0
2,Nutrient,633,2500.0
2,Nutrient,633,12800.0
2,Nutrient,633,2100.0
2,Nutrient,633,13900.0
2,Nutrient,633,2200.0
2,Nutrient,633,10500.0
2,Nutrient,633,1700.0
2,Nutrient,633,12000.0
2,Nutrient,633,1900.0
2,Nutrient,633,12500.0
2,Nutrient,633,2000.0
2,Nutrient,633,14000.0
2,Nutrient,633,2200.0
2,Nutrient,633,14200.0
2,Nutrient,633,2300.0
2,Nutrient,633,12560.0
2,Nutrient,633,10900.0
2,Nutrient,633,15860.0
2,Nutrient,633,15500.0
2,Nutrient,633,13800.0
2,Nutrient,633,13610.0
2,Nutrient,633,12580.0
2,Nutrient,633,10570.0
2,Nutrient,633,12510.0
2,Nutrient,633,9990.0
2,Nutrient,633,47350.0
2,Nutrient,633,48170.0
2,Nutrient,633,76920.0
2,Nutrient,633,82400.0
2,Nutrient,633,34250.0
2,Nutrient,633,12810.0
2,Nutrient,633,13870.0
2,Nutrient,633,13050.0
2,Nutrient,633,13680.0
2,Nutrient,633,14000.0
2,Nutrient,633,11950.0
2,Nutrient,633,9800.0
2,Nutrient,633,81100.0
2,Nutrient,633,35600.0
2,Nutrient,633,10970.0
2,Nutrient,633,13840.0
2,Nutrient,633,15060.0
2,Nutrient,633,13100.0
2,Nutrient,634,3000.0
2,Nutrient,634,470.0
2,Nutrient,634,200.0
2,Nutrient,634,0.0
2,Nutrient,634,3800.0
2,Nutrient,634,600.0
2,Nutrient,634,3300.0
2,Nutrient,634,500.0
2,Nutrient,634,3500.0
2,Nutrient,634,500.0
2,Nutrient,634,3400.0
2,Nutrient,634,500.0
2,Nutrient,634,3300.0
2,Nutrient,634,500.0
2,Nutrient,634,3300.0
2,Nutrient,634,500.0
2,Nutrient,634,3300.0
2,Nutrient,634,500.0
2,Nutrient,634,3300.0
2,Nutrient,634,500.0
2,Nutrient,634,3470.0
2,Nutrient,634,5250.0
2,Nutrient,634,5730.0
2,Nutrient,634,4930.0
2,Nutrient,634,3980.0
2,Nutrient,634,4370.0
2,Nutrient,634,4860.0
2,Nutrient,634,3860.0
2,Nutrient,634,3530.0
2,Nutrient,634,3800.0
2,Nutrient,634,3200.0
2,Nutrient,634,3800.0
2,Nutrient,634,3400.0
2,Nutrient,634,4860.0
2,Nutrient,634,3980.0
2,Nutrient,634,4370.0
2,Nutrient,634,4400.0
2,Nutrient,634,4860.0
2,Nutrient,634,4930.0
2,Nutrient,634,3860.0
2,Nutrient,634,3530.0
2,Nutrient,634,4930.0
2,Nutrient,634,4400.0
2,Nutrient,634,2730.0
2,Nutrient,634,2470.0
2,Nutrient,634,3360.0
2,Nutrient,634,4400.0
2,Nutrient,638,1760.0
2,Nutrient,638,2800.0
2,Nutrient,639,0.0
2,Nutrient,639,0.0
2,Nutrient,639,0.0
2,Nutrient,640,0.0
2,Nutrient,640,0.0
2,Nutrient,640,600.0
2,Nutrient,640,100.0
2,Nutrient,640,0.0
2,Nutrient,640,100.0
2,Nutrient,640,60.0
2,Nutrient,640,0.0
2,Nutrient,640,100.0
2,Nutrient,640,0.0
2,Nutrient,641,3500.0
2,Nutrient,641,600.0
2,Nutrient,641,4000.0
2,Nutrient,641,600.0
2,Nutrient,641,4000.0
2,Nutrient,641,600.0
2,Nutrient,641,4000.0
2,Nutrient,641,600.0
2,Nutrient,641,4000.0
2,Nutrient,641,600.0
2,Nutrient,641,4000.0
2,Nutrient,641,600.0
2,Nutrient,641,3000.0
2,Nutrient,641,500.0
2,Nutrient,641,4000.0
2,Nutrient,641,600.0
2,Nutrient,641,3900.0
2,Nutrient,641,600.0
2,Nutrient,641,4100.0
2,Nutrient,641,4100.0
2,Nutrient,641,4410.0
2,Nutrient,641,4780.0
2,Nutrient,641,3500.0
2,Nutrient,641,4100.0
2,Nutrient,641,3500.0
2,Nutrient,641,4900.0
2,Nutrient,641,5000.0
2,Nutrient,641,3970.0
2,Nutrient,641,3540.0
2,Nutrient,641,3800.0
2,Nutrient,641,3200.0
2,Nutrient,641,4480.0
2,Nutrient,641,4840.0
2,Nutrient,641,4820.0
2,Nutrient,641,3300.0
2,Nutrient,641,4690.0
2,Nutrient,641,4690.0
2,Nutrient,641,3990.0
2,Nutrient,641,4500.0
2,Nutrient,641,3680.0
2,Nutrient,641,3530.0
2,Nutrient,641,3710.0
2,Nutrient,641,5300.0
2,Nutrient,641,3890.0
2,Nutrient,641,3540.0
2,Nutrient,641,3170.0
2,Nutrient,641,3800.0
2,Nutrient,641,4240.0
2,Nutrient,641,4710.0
2,Nutrient,641,3570.0
2,Nutrient,641,4090.0
2,Nutrient,641,4240.0
2,Nutrient,641,3190.0
2,Nutrient,641,3580.0
2,Nutrient,641,4140.0
2,Nutrient,641,4020.0
2,Nutrient,641,3970.0
2,Nutrient,641,4020.0
2,Nutrient,641,3970.0
2,Nutrient,641,4300.0
2,Nutrient,641,4720.0
2,Nutrient,642,0.0
2,Nutrient,642,0.0
2,Nutrient,642,0.0
2,Nutrient,643,300.0
2,Nutrient,643,0.0
2,Nutrient,643,300.0
2,Nutrient,643,90.0
2,Nutrient,644,2300.0
2,Nutrient,644,400.0
2,Nutrient,644,3700.0
2,Nutrient,644,600.0
2,Nutrient,644,4400.0
2,Nutrient,644,700.0
2,Nutrient,644,3600.0
2,Nutrient,644,600.0
2,Nutrient,645,400.0
2,Nutrient,645,100.0
2,Nutrient,645,0.0
2,Nutrient,645,0.0
2,Nutrient,645,40.0
2,Nutrient,645,490.0
2,Nutrient,646,0.0
2,Nutrient,646,0.0
2,Nutrient,646,0.0
2,Nutrient,647,100.0
2,Nutrient,647,0.0
2,Nutrient,648,100.0
2,Nutrient,648,0.0
2,Nutrient,648,0.0
2,Nutrient,648,0.0
2,Nutrient,649,200.0
2,Nutrient,649,0.0
2,Nutrient,649,100.0
2,Nutrient,649,0.0
2,Nutrient,649,300.0
2,Nutrient,649,0.0
2,Nutrient,650,0.0
2,Nutrient,650,0.0
2,Nutrient,651,8700.0
2,Nutrient,651,1400.0
2,Nutrient,651,3330.0
2,Nutrient,653,2100.0
2,Nutrient,653,300.0
2,Nutrient,653,2000.0
2,Nutrient,653,300.0
2,Nutrient,654,4300.0
2,Nutrient,654,5900.0
2,Nutrient,654,8900.0
2,Nutrient,654,6100.0
2,Nutrient,654,2400.0
2,Nutrient,654,5100.0
2,Nutrient,654,2400.0
2,Nutrient,654,3480.0
2,Nutrient,654,4600.0
2,Nutrient,654,5900.0
2,Nutrient,654,5300.0
2,Nutrient,654,4400.0
2,Nutrient,654,7000.0
2,Nutrient,654,6800.0
2,Nutrient,654,5000.0
2,Nutrient,654,5200.0
2,Nutrient,654,4800.0
2,Nutrient,654,5500.0
2,Nutrient,654,2900.0
2,Nutrient,654,4000.0
2,Nutrient,654,4400.0
2,Nutrient,654,3900.0
2,Nutrient,654,3400.0
2,Nutrient,654,3500.0
2,Nutrient,654,5500.0
2,Nutrient,654,5200.0
2,Nutrient,654,6100.0
2,Nutrient,654,3630.0
2,Nutrient,654,3470.0
2,Nutrient,654,3000.0
2,Nutrient,654,5400.0
2,Nutrient,654,7300.0
2,Nutrient,654,3900.0
2,Nutrient,654,4500.0
2,Nutrient,654,5400.0
2,Nutrient,654,3160.0
2,Nutrient,654,3500.0
2,Nutrient,654,4000.0
2,Nutrient,654,4400.0
2,Nutrient,654,5300.0
2,Nutrient,654,5500.0
2,Nutrient,654,5500.0
2,Nutrient,654,6800.0
2,Nutrient,654,5200.0
2,Nutrient,654,3900.0
2,Nutrient,654,4400.0
2,Nutrient,654,5400.0
2,Nutrient,654,4300.0
2,Nutrient,654,4700.0
2,Nutrient,654,3800.0
2,Nutrient,654,7120.0
2,Nutrient,654,6620.0
2,Nutrient,655,8600.0
2,Nutrient,655,1400.0
2,Nutrient,655,7200.0
2,Nutrient,655,1200.0
2,Nutrient,655,8900.0
2,Nutrient,655,1400.0
2,Nutrient,655,10360.0
2,Nutrient,655,12370.0
2,Nutrient,655,11280.0
2,Nutrient,655,12630.0
2,Nutrient,655,11930.0
2,Nutrient,655,11730.0
2,Nutrient,655,15290.0
2,Nutrient,655,12860.0
2,Nutrient,655,11970.0
2,Nutrient,655,10900.0
2,Nutrient,655,10800.0
2,Nutrient,655,10760.0
2,Nutrient,655,12330.0
2,Nutrient,655,11250.0
2,Nutrient,655,11520.0
2,Nutrient,655,10330.0
2,Nutrient,655,11530.0
2,Nutrient,655,11970.0
2,Nutrient,655,10270.0
2,Nutrient,655,12290.0
2,Nutrient,655,13390.0
2,Nutrient,655,13590.0
2,Nutrient,655,12120.0
2,Nutrient,655,12630.0
2,Nutrient,655,12930.0
2,Nutrient,655,16230.0
2,Nutrient,655,11980.0
2,Nutrient,655,10850.0
2,Nutrient,655,13370.0
2,Nutrient,655,12230.0
2,Nutrient,655,11470.0
2,Nutrient,655,11340.0
2,Nutrient,655,11390.0
2,Nutrient,655,10810.0
2,Nutrient,655,12850.0
2,Nutrient,655,11740.0
2,Nutrient,655,11490.0
2,Nutrient,655,11020.0
2,Nutrient,655,13480.0
2,Nutrient,655,12800.0
2,Nutrient,655,12960.0
2,Nutrient,655,13920.0
2,Nutrient,655,12460.0
2,Nutrient,655,13220.0
2,Nutrient,655,11740.0
2,Nutrient,655,11410.0
2,Nutrient,655,11060.0
2,Nutrient,655,13360.0
2,Nutrient,655,11500.0
2,Nutrient,655,14010.0
2,Nutrient,655,14130.0
2,Nutrient,655,13880.0
2,Nutrient,655,12770.0
2,Nutrient,655,11080.0
2,Nutrient,655,11030.0
2,Nutrient,655,13950.0
2,Nutrient,655,11920.0
2,Nutrient,655,11080.0
2,Nutrient,655,12500.0
2,Nutrient,655,12700.0
2,Nutrient,655,12800.0
2,Nutrient,655,12200.0
2,Nutrient,655,12700.0
2,Nutrient,655,11210.0
2,Nutrient,656,6100.0
2,Nutrient,656,1000.0
2,Nutrient,656,6300.0
2,Nutrient,656,1000.0
2,Nutrient,657,7400.0
2,Nutrient,657,1200.0
2,Nutrient,657,4600.0
2,Nutrient,657,700.0
2,Nutrient,657,9000.0
2,Nutrient,657,1400.0
2,Nutrient,657,29100.0
2,Nutrient,657,8500.0
2,Nutrient,657,1000.0
2,Nutrient,657,100.0
2,Nutrient,657,17310.0
2,Nutrient,657,8830.0
2,Nutrient,657,10340.0
2,Nutrient,657,7500.0
2,Nutrient,657,9340.0
2,Nutrient,657,11100.0
2,Nutrient,657,8200.0
2,Nutrient,657,9000.0
2,Nutrient,657,7600.0
2,Nutrient,657,100.0
2,Nutrient,657,4400.0
2,Nutrient,657,600.0
2,Nutrient,657,100.0
2,Nutrient,657,2300.0
2,Nutrient,657,9000.0
2,Nutrient,657,9400.0
2,Nutrient,657,8400.0
2,Nutrient,657,8500.0
2,Nutrient,657,6700.0
2,Nutrient,657,8100.0
2,Nutrient,657,10900.0
2,Nutrient,657,8100.0
2,Nutrient,657,3400.0
2,Nutrient,657,2300.0
2,Nutrient,657,8100.0
2,Nutrient,657,9100.0
2,Nutrient,657,9100.0
2,Nutrient,657,9100.0
2,Nutrient,657,8200.0
2,Nutrient,657,9000.0
2,Nutrient,657,8500.0
2,Nutrient,657,7600.0
2,Nutrient,657,10900.0
2,Nutrient,657,460.0
2,Nutrient,657,2940.0
2,Nutrient,657,7950.0
2,Nutrient,657,8680.0
2,Nutrient,657,8080.0
2,Nutrient,657,26500.0
2,Nutrient,657,2280.0
2,Nutrient,657,4130.0
2,Nutrient,657,7170.0
2,Nutrient,657,11790.0
2,Nutrient,657,5320.0
2,Nutrient,657,0.0
2,Nutrient,657,12340.0
2,Nutrient,657,1340.0
2,Nutrient,657,14710.0
2,Nutrient,657,25560.0
2,Nutrient,659,9500.0
2,Nutrient,659,1700.0
2,Nutrient,659,10700.0
2,Nutrient,659,1900.0
2,Nutrient,659,13000.0
2,Nutrient,659,2300.0
2,Nutrient,659,11100.0
2,Nutrient,659,1900.0
2,Nutrient,659,9100.0
2,Nutrient,659,1600.0
2,Nutrient,659,7900.0
2,Nutrient,660,2700.0
2,Nutrient,660,400.0
2,Nutrient,660,4500.0
2,Nutrient,660,800.0
2,Nutrient,660,4300.0
2,Nutrient,660,800.0
2,Nutrient,660,5200.0
2,Nutrient,660,900.0
2,Nutrient,660,4300.0
2,Nutrient,660,800.0
2,Nutrient,660,4700.0
2,Nutrient,660,800.0
2,Nutrient,660,7700.0
2,Nutrient,660,1400.0
2,Nutrient,660,6100.0
2,Nutrient,660,1100.0
2,Nutrient,660,5100.0
2,Nutrient,660,900.0
2,Nutrient,660,6300.0
2,Nutrient,660,1100.0
2,Nutrient,660,7900.0
2,Nutrient,660,1400.0
2,Nutrient,660,5700.0
2,Nutrient,660,1000.0
2,Nutrient,660,9200.0
2,Nutrient,660,1600.0
2,Nutrient,660,6400.0
2,Nutrient,660,1100.0
2,Nutrient,660,4900.0
2,Nutrient,660,900.0
2,Nutrient,660,5300.0
2,Nutrient,660,900.0
2,Nutrient,660,5200.0
2,Nutrient,660,900.0
2,Nutrient,660,4600.0
2,Nutrient,660,800.0
2,Nutrient,660,6100.0
2,Nutrient,660,1000.0
2,Nutrient,660,3600.0
2,Nutrient,660,600.0
2,Nutrient,660,3600.0
2,Nutrient,660,600.0
2,Nutrient,660,3600.0
2,Nutrient,660,600.0
2,Nutrient,660,7400.0
2,Nutrient,660,9000.0
2,Nutrient,660,6700.0
2,Nutrient,660,8200.0
2,Nutrient,660,7400.0
2,Nutrient,660,9200.0
2,Nutrient,660,7000.0
2,Nutrient,660,8000.0
2,Nutrient,660,5400.0
2,Nutrient,660,7100.0
2,Nutrient,660,5870.0
2,Nutrient,660,4930.0
2,Nutrient,660,5200.0
2,Nutrient,660,4500.0
2,Nutrient,660,6300.0
2,Nutrient,660,3100.0
2,Nutrient,660,6400.0
2,Nutrient,660,6210.0
2,Nutrient,660,5900.0
2,Nutrient,660,6400.0
2,Nutrient,660,8870.0
2,Nutrient,660,10320.0
2,Nutrient,660,9100.0
2,Nutrient,660,9900.0
2,Nutrient,660,7910.0
2,Nutrient,660,8870.0
2,Nutrient,660,8700.0
2,Nutrient,660,9400.0
2,Nutrient,660,8800.0
2,Nutrient,660,9600.0
2,Nutrient,660,6900.0
2,Nutrient,660,5280.0
2,Nutrient,660,4900.0
2,Nutrient,660,4600.0
2,Nutrient,660,6500.0
2,Nutrient,660,5900.0
2,Nutrient,660,7400.0
2,Nutrient,660,5300.0
2,Nutrient,660,7100.0
2,Nutrient,660,7000.0
2,Nutrient,660,7100.0
2,Nutrient,660,5200.0
2,Nutrient,660,7300.0
2,Nutrient,660,10400.0
2,Nutrient,660,3300.0
2,Nutrient,660,7100.0
2,Nutrient,660,6200.0
2,Nutrient,660,5000.0
2,Nutrient,660,5400.0
2,Nutrient,660,5100.0
2,Nutrient,660,4670.0
2,Nutrient,660,4900.0
2,Nutrient,660,5500.0
2,Nutrient,660,7000.0
2,Nutrient,660,5400.0
2,Nutrient,660,5400.0
2,Nutrient,660,5400.0
2,Nutrient,660,6400.0
2,Nutrient,660,7700.0
2,Nutrient,660,7700.0
2,Nutrient,660,7700.0
2,Nutrient,660,10400.0
2,Nutrient,660,4400.0
2,Nutrient,660,4600.0
2,Nutrient,660,4600.0
2,Nutrient,660,5400.0
2,Nutrient,660,5000.0
2,Nutrient,660,4600.0
2,Nutrient,660,4200.0
2,Nutrient,660,5100.0
2,Nutrient,660,5000.0
2,Nutrient,660,4400.0
2,Nutrient,660,4200.0
2,Nutrient,660,6200.0
2,Nutrient,660,4700.0
2,Nutrient,660,4400.0
2,Nutrient,660,4300.0
2,Nutrient,660,4700.0
2,Nutrient,660,5100.0
2,Nutrient,660,4500.0
2,Nutrient,660,4100.0
2,Nutrient,660,4800.0
2,Nutrient,660,4800.0
2,Nutrient,660,4800.0
2,Nutrient,660,4700.0
2,Nutrient,660,5600.0
2,Nutrient,660,4800.0
2,Nutrient,660,4550.0
2,Nutrient,660,8000.0
2,Nutrient,660,4400.0
2,Nutrient,660,4230.0
2,Nutrient,660,4700.0
2,Nutrient,660,4230.0
2,Nutrient,660,6810.0
2,Nutrient,660,5480.0
2,Nutrient,660,4410.0
2,Nutrient,660,1750.0
2,Nutrient,660,6410.0
2,Nutrient,660,5460.0
2,Nutrient,660,5060.0
2,Nutrient,660,7730.0
2,Nutrient,660,4570.0
2,Nutrient,660,5620.0
2,Nutrient,660,7180.0
2,Nutrient,660,3070.0
2,Nutrient,660,7020.0
2,Nutrient,660,9260.0
2,Nutrient,661,5000.0
2,Nutrient,661,800.0
2,Nutrient,661,2000.0
2,Nutrient,661,300.0
2,Nutrient,662,600.0
2,Nutrient,662,100.0
2,Nutrient,662,400.0
2,Nutrient,662,100.0
2,Nutrient,662,0.0
2,Nutrient,662,0.0
2,Nutrient,663,11000.0
2,Nutrient,663,2100.0
2,Nutrient,663,4900.0
2,Nutrient,663,800.0
2,Nutrient,664,1100.0
2,Nutrient,664,200.0
2,Nutrient,664,500.0
2,Nutrient,664,100.0
2,Nutrient,664,4800.0
2,Nutrient,664,800.0
2,Nutrient,664,800.0
2,Nutrient,664,100.0
2,Nutrient,664,400.0
2,Nutrient,664,100.0
2,Nutrient,664,1200.0
2,Nutrient,664,200.0
2,Nutrient,664,1000.0
2,Nutrient,664,200.0
2,Nutrient,664,600.0
2,Nutrient,664,100.0
2,Nutrient,664,300.0
2,Nutrient,664,0.0
2,Nutrient,664,1600.0
2,Nutrient,664,200.0
2,Nutrient,664,1300.0
2,Nutrient,664,200.0
2,Nutrient,664,1100.0
2,Nutrient,664,200.0
2,Nutrient,664,3250.0
2,Nutrient,664,600.0
2,Nutrient,664,200.0
2,Nutrient,664,200.0
2,Nutrient,664,690.0
2,Nutrient,664,3100.0
2,Nutrient,664,1090.0
2,Nutrient,664,900.0
2,Nutrient,664,580.0
2,Nutrient,664,470.0
2,Nutrient,664,500.0
2,Nutrient,664,830.0
2,Nutrient,664,900.0
2,Nutrient,664,1100.0
2,Nutrient,664,300.0
2,Nutrient,664,2100.0
2,Nutrient,664,100.0
2,Nutrient,664,380.0
2,Nutrient,664,770.0
2,Nutrient,664,100.0
2,Nutrient,664,4200.0
2,Nutrient,664,0.0
2,Nutrient,664,770.0
2,Nutrient,664,580.0
2,Nutrient,664,380.0
2,Nutrient,664,470.0
2,Nutrient,664,1100.0
2,Nutrient,664,100.0
2,Nutrient,664,200.0
2,Nutrient,664,1370.0
2,Nutrient,664,550.0
2,Nutrient,664,970.0
2,Nutrient,664,250.0
2,Nutrient,664,1030.0
2,Nutrient,664,1250.0
2,Nutrient,664,880.0
2,Nutrient,664,980.0
2,Nutrient,664,160.0
2,Nutrient,664,1530.0
2,Nutrient,664,870.0
2,Nutrient,664,920.0
2,Nutrient,664,1470.0
2,Nutrient,664,1690.0
2,Nutrient,664,3560.0
2,Nutrient,664,190.0
2,Nutrient,664,2620.0
2,Nutrient,664,1500.0
2,Nutrient,664,1200.0
2,Nutrient,664,900.0
2,Nutrient,664,300.0
2,Nutrient,664,2100.0
2,Nutrient,664,1400.0
2,Nutrient,664,1000.0
2,Nutrient,664,400.0
2,Nutrient,664,5950.0
2,Nutrient,664,1520.0
2,Nutrient,664,200.0
2,Nutrient,664,0.0
2,Nutrient,664,2170.0
2,Nutrient,664,900.0
2,Nutrient,664,1900.0
2,Nutrient,664,100.0
2,Nutrient,664,5100.0
2,Nutrient,664,300.0
2,Nutrient,664,1250.0
2,Nutrient,664,900.0
2,Nutrient,664,1800.0
2,Nutrient,664,300.0
2,Nutrient,664,0.0
2,Nutrient,664,900.0
2,Nutrient,665,1600.0
2,Nutrient,665,300.0
2,Nutrient,665,0.0
2,Nutrient,665,0.0
2,Nutrient,665,1000.0
2,Nutrient,665,200.0
2,Nutrient,665,10330.0
2,Nutrient,665,12000.0
2,Nutrient,665,22690.0
2,Nutrient,665,5930.0
2,Nutrient,665,1200.0
2,Nutrient,665,9200.0
2,Nutrient,665,3750.0
2,Nutrient,665,10740.0
2,Nutrient,665,1930.0
2,Nutrient,665,11270.0
2,Nutrient,665,1260.0
2,Nutrient,665,10000.0
2,Nutrient,665,9000.0
2,Nutrient,665,8780.0
2,Nutrient,665,2600.0
2,Nutrient,665,10420.0
2,Nutrient,665,13000.0
2,Nutrient,665,7480.0
2,Nutrient,665,12800.0
2,Nutrient,665,0.0
2,Nutrient,665,890.0
2,Nutrient,665,2180.0
2,Nutrient,665,1540.0
2,Nutrient,665,3770.0
2,Nutrient,665,3840.0
2,Nutrient,665,3990.0
2,Nutrient,665,510.0
2,Nutrient,665,1290.0
2,Nutrient,665,3310.0
2,Nutrient,665,1350.0
2,Nutrient,665,1500.0
2,Nutrient,665,5060.0
2,Nutrient,665,5930.0
2,Nutrient,665,3950.0
2,Nutrient,665,1840.0
2,Nutrient,665,7680.0
2,Nutrient,665,6710.0
2,Nutrient,665,1410.0
2,Nutrient,665,8530.0
2,Nutrient,665,9800.0
2,Nutrient,665,11720.0
2,Nutrient,665,15320.0
2,Nutrient,665,900.0
2,Nutrient,665,700.0
2,Nutrient,665,0.0
2,Nutrient,665,2500.0
2,Nutrient,665,2500.0
2,Nutrient,665,0.0
2,Nutrient,665,1410.0
2,Nutrient,665,3800.0
2,Nutrient,665,1090.0
2,Nutrient,665,1320.0
2,Nutrient,665,1450.0
2,Nutrient,665,1560.0
2,Nutrient,665,2130.0
2,Nutrient,665,940.0
2,Nutrient,665,1320.0
2,Nutrient,665,1440.0
2,Nutrient,665,1550.0
2,Nutrient,665,1110.0
2,Nutrient,665,2600.0
2,Nutrient,665,540.0
2,Nutrient,665,660.0
2,Nutrient,665,1320.0
2,Nutrient,665,360.0
2,Nutrient,665,1130.0
2,Nutrient,665,1250.0
2,Nutrient,665,1000.0
2,Nutrient,665,270.0
2,Nutrient,665,1360.0
2,Nutrient,665,3640.0
2,Nutrient,665,1320.0
2,Nutrient,666,0.0
2,Nutrient,666,0.0
2,Nutrient,666,0.0
2,Nutrient,666,0.0
2,Nutrient,666,0.0
2,Nutrient,666,0.0
2,Nutrient,666,0.0
2,Nutrient,667,500.0
2,Nutrient,667,100.0
2,Nutrient,667,500.0
2,Nutrient,667,100.0
2,Nutrient,667,850.0
2,Nutrient,667,850.0
2,Nutrient,667,850.0
2,Nutrient,667,3300.0
2,Nutrient,667,3300.0
2,Nutrient,668,2000.0
2,Nutrient,669,2900.0
2,Nutrient,669,500.0
2,Nutrient,669,2800.0
2,Nutrient,669,400.0
2,Nutrient,669,2700.0
2,Nutrient,669,400.0
2,Nutrient,669,3100.0
2,Nutrient,669,500.0
2,Nutrient,669,2800.0
2,Nutrient,669,400.0
2,Nutrient,669,2100.0
2,Nutrient,669,300.0
2,Nutrient,669,3100.0
2,Nutrient,669,500.0
2,Nutrient,669,3400.0
2,Nutrient,669,500.0
2,Nutrient,669,2100.0
2,Nutrient,669,300.0
2,Nutrient,669,2960.0
2,Nutrient,669,2700.0
2,Nutrient,669,2170.0
2,Nutrient,669,2050.0
2,Nutrient,669,3200.0
2,Nutrient,669,2940.0
2,Nutrient,669,2070.0
2,Nutrient,669,7000.0
2,Nutrient,669,3500.0
2,Nutrient,669,3100.0
2,Nutrient,669,4500.0
2,Nutrient,669,4700.0
2,Nutrient,669,2600.0
2,Nutrient,670,0.0
2,Nutrient,670,0.0
2,Nutrient,670,0.0
2,Nutrient,670,0.0
2,Nutrient,670,500.0
2,Nutrient,670,100.0
2,Nutrient,670,0.0
2,Nutrient,670,0.0
2,Nutrient,670,120.0
2,Nutrient,670,0.0
2,Nutrient,670,0.0
2,Nutrient,670,100.0
2,Nutrient,670,0.0
2,Nutrient,671,10700.0
2,Nutrient,671,1700.0
2,Nutrient,671,12800.0
2,Nutrient,671,2000.0
2,Nutrient,671,13000.0
2,Nutrient,671,2100.0
2,Nutrient,671,10500.0
2,Nutrient,671,1700.0
2,Nutrient,671,10000.0
2,Nutrient,671,1600.0
2,Nutrient,671,13400.0
2,Nutrient,671,2150.0
2,Nutrient,671,11300.0
2,Nutrient,671,1800.0
2,Nutrient,671,12300.0
2,Nutrient,671,2000.0
2,Nutrient,671,13400.0
2,Nutrient,671,2100.0
2,Nutrient,671,10600.0
2,Nutrient,671,1700.0
2,Nutrient,671,11200.0
2,Nutrient,671,1800.0
2,Nutrient,671,20100.0
2,Nutrient,671,3200.0
2,Nutrient,671,12700.0
2,Nutrient,671,2000.0
2,Nutrient,671,14400.0
2,Nutrient,671,2300.0
2,Nutrient,671,13400.0
2,Nutrient,671,2100.0
2,Nutrient,671,16300.0
2,Nutrient,671,2600.0
2,Nutrient,671,13900.0
2,Nutrient,671,2200.0
2,Nutrient,671,14000.0
2,Nutrient,671,14240.0
2,Nutrient,671,15270.0
2,Nutrient,671,14600.0
2,Nutrient,671,14030.0
2,Nutrient,671,10270.0
2,Nutrient,671,15200.0
2,Nutrient,671,15300.0
2,Nutrient,671,11420.0
2,Nutrient,671,13720.0
2,Nutrient,671,14500.0
2,Nutrient,671,14300.0
2,Nutrient,671,14100.0
2,Nutrient,671,24100.0
2,Nutrient,671,11180.0
2,Nutrient,671,11530.0
2,Nutrient,671,15510.0
2,Nutrient,671,12230.0
2,Nutrient,671,14250.0
2,Nutrient,671,12230.0
2,Nutrient,671,11100.0
2,Nutrient,671,19030.0
2,Nutrient,671,15200.0
2,Nutrient,671,14100.0
2,Nutrient,671,16370.0
2,Nutrient,671,22680.0
2,Nutrient,671,14100.0
2,Nutrient,671,15090.0
2,Nutrient,671,19430.0
2,Nutrient,671,13800.0
2,Nutrient,671,17000.0
2,Nutrient,671,12600.0
2,Nutrient,671,21850.0
2,Nutrient,671,19300.0
2,Nutrient,671,22580.0
2,Nutrient,671,23200.0
2,Nutrient,671,11980.0
2,Nutrient,671,12000.0
2,Nutrient,671,13970.0
2,Nutrient,671,13280.0
2,Nutrient,671,17450.0
2,Nutrient,671,10500.0
2,Nutrient,671,18580.0
2,Nutrient,671,19120.0
2,Nutrient,671,17270.0
2,Nutrient,671,10900.0
2,Nutrient,671,11050.0
2,Nutrient,671,11750.0
2,Nutrient,671,12600.0
2,Nutrient,671,11500.0
2,Nutrient,671,11800.0
2,Nutrient,671,14250.0
2,Nutrient,671,14200.0
2,Nutrient,671,15200.0
2,Nutrient,671,16300.0
2,Nutrient,671,14200.0
2,Nutrient,671,13400.0
2,Nutrient,671,13500.0
2,Nutrient,671,20700.0
2,Nutrient,671,25900.0
2,Nutrient,671,12400.0
2,Nutrient,671,12250.0
2,Nutrient,671,12900.0
2,Nutrient,671,12400.0
2,Nutrient,671,13500.0
2,Nutrient,671,14600.0
2,Nutrient,671,14900.0
2,Nutrient,671,10950.0
2,Nutrient,671,11350.0
2,Nutrient,671,11100.0
2,Nutrient,671,13200.0
2,Nutrient,671,10700.0
2,Nutrient,671,12000.0
2,Nutrient,671,12600.0
2,Nutrient,671,12100.0
2,Nutrient,671,10900.0
2,Nutrient,671,12700.0
2,Nutrient,671,11200.0
2,Nutrient,671,11300.0
2,Nutrient,671,15300.0
2,Nutrient,671,15000.0
2,Nutrient,671,14800.0
2,Nutrient,671,13450.0
2,Nutrient,671,30990.0
2,Nutrient,671,12580.0
2,Nutrient,671,8000.0
2,Nutrient,671,19760.0
2,Nutrient,671,12500.0
2,Nutrient,671,14950.0
2,Nutrient,671,13990.0
2,Nutrient,671,12380.0
2,Nutrient,671,15010.0
2,Nutrient,671,16130.0
2,Nutrient,671,17600.0
2,Nutrient,671,12070.0
2,Nutrient,671,12890.0
2,Nutrient,671,19430.0
2,Nutrient,671,15420.0
2,Nutrient,671,12690.0
2,Nutrient,671,12200.0
2,Nutrient,671,19440.0
2,Nutrient,671,14450.0
2,Nutrient,671,21700.0
2,Nutrient,671,15050.0
2,Nutrient,671,13600.0
2,Nutrient,671,15050.0
2,Nutrient,671,14800.0
2,Nutrient,671,14000.0
2,Nutrient,671,13100.0
2,Nutrient,671,13060.0
2,Nutrient,671,11560.0
2,Nutrient,671,12810.0
2,Nutrient,671,21800.0
2,Nutrient,671,11690.0
2,Nutrient,671,9770.0
2,Nutrient,671,10260.0
2,Nutrient,671,9880.0
2,Nutrient,671,14490.0
2,Nutrient,671,15500.0
2,Nutrient,671,18790.0
2,Nutrient,671,18210.0
2,Nutrient,671,12050.0
2,Nutrient,671,23890.0
2,Nutrient,671,11330.0
2,Nutrient,671,10310.0
2,Nutrient,671,14110.0
2,Nutrient,671,15190.0
2,Nutrient,671,7930.0
2,Nutrient,671,11500.0
2,Nutrient,671,11800.0
2,Nutrient,671,22700.0
2,Nutrient,671,12000.0
2,Nutrient,671,11000.0
2,Nutrient,671,13700.0
2,Nutrient,671,18600.0
2,Nutrient,671,18500.0
2,Nutrient,671,15500.0
2,Nutrient,671,11700.0
2,Nutrient,671,12000.0
2,Nutrient,672,7100.0
2,Nutrient,672,1100.0
2,Nutrient,672,10500.0
2,Nutrient,672,1700.0
2,Nutrient,673,5000.0
2,Nutrient,673,800.0
2,Nutrient,673,5700.0
2,Nutrient,673,900.0
2,Nutrient,673,1070.0
2,Nutrient,674,13000.0
2,Nutrient,674,2100.0
2,Nutrient,674,11400.0
2,Nutrient,674,13450.0
2,Nutrient,674,11400.0
2,Nutrient,674,14200.0
2,Nutrient,674,11200.0
2,Nutrient,676,900.0
2,Nutrient,676,200.0
2,Nutrient,676,0.0
2,Nutrient,676,0.0
2,Nutrient,676,2170.0
2,Nutrient,676,0.0
2,Nutrient,676,0.0
2,Nutrient,676,0.0
2,Nutrient,676,2060.0
2,Nutrient,676,940.0
2,Nutrient,676,0.0
2,Nutrient,676,0.0
2,Nutrient,677,17000.0
2,Nutrient,677,2700.0
2,Nutrient,677,1100.0
2,Nutrient,677,200.0
2,Nutrient,677,300.0
2,Nutrient,677,0.0
2,Nutrient,677,39100.0
2,Nutrient,677,6300.0
2,Nutrient,677,16000.0
2,Nutrient,677,2600.0
2,Nutrient,678,19100.0
2,Nutrient,678,3100.0
2,Nutrient,678,18800.0
2,Nutrient,678,3000.0
2,Nutrient,678,11390.0
2,Nutrient,678,13790.0
2,Nutrient,679,15000.0
2,Nutrient,679,2400.0
2,Nutrient,679,12900.0
2,Nutrient,679,2000.0
2,Nutrient,679,900.0
2,Nutrient,679,100.0
2,Nutrient,679,760.0
2,Nutrient,679,11730.0
2,Nutrient,679,850.0
2,Nutrient,679,12930.0
2,Nutrient,680,88200.0
2,Nutrient,680,13800.0
2,Nutrient,681,600.0
2,Nutrient,681,100.0
2,Nutrient,681,500.0
2,Nutrient,681,100.0
2,Nutrient,681,100.0
2,Nutrient,681,0.0
2,Nutrient,681,370.0
2,Nutrient,681,150.0
2,Nutrient,681,300.0
2,Nutrient,681,300.0
2,Nutrient,682,5200.0
2,Nutrient,682,800.0
2,Nutrient,682,27800.0
2,Nutrient,682,4400.0
2,Nutrient,682,8400.0
2,Nutrient,682,1300.0
2,Nutrient,682,35600.0
2,Nutrient,682,5700.0
2,Nutrient,682,0.0
2,Nutrient,682,100.0
2,Nutrient,682,100.0
2,Nutrient,682,0.0
2,Nutrient,682,0.0
2,Nutrient,682,8400.0
2,Nutrient,682,40440.0
2,Nutrient,683,5200.0
2,Nutrient,683,800.0
2,Nutrient,683,1800.0
2,Nutrient,684,86900.0
2,Nutrient,684,13900.0
2,Nutrient,685,0.0
2,Nutrient,685,0.0
2,Nutrient,685,0.0
2,Nutrient,685,0.0
2,Nutrient,685,0.0
2,Nutrient,685,0.0
2,Nutrient,685,0.0
2,Nutrient,685,0.0
2,Nutrient,685,0.0
2,Nutrient,685,0.0
2,Nutrient,685,0.0
2,Nutrient,685,0.0
2,Nutrient,685,0.0
2,Nutrient,685,0.0
2,Nutrient,685,0.0
2,Nutrient,685,0.0
2,Nutrient,685,0.0
2,Nutrient,685,0.0
2,Nutrient,685,0.0
2,Nutrient,685,0.0
2,Nutrient,685,0.0
2,Nutrient,685,0.0
2,Nutrient,686,0.0
2,Nutrient,686,0.0
2,Nutrient,686,2000.0
2,Nutrient,686,11040.0
2,Nutrient,686,15180.0
2,Nutrient,686,7620.0
2,Nutrient,686,12390.0
2,Nutrient,686,12770.0
2,Nutrient,686,14660.0
2,Nutrient,687,2000.0
2,Nutrient,687,300.0
2,Nutrient,687,1300.0
2,Nutrient,687,200.0
2,Nutrient,687,1500.0
2,Nutrient,687,200.0
2,Nutrient,687,1030.0
2,Nutrient,689,4550.0
2,Nutrient,689,600.0
2,Nutrient,689,40.0
2,Nutrient,689,1800.0
2,Nutrient,689,3160.0
2,Nutrient,689,3300.0
2,Nutrient,689,3230.0
2,Nutrient,689,600.0
2,Nutrient,689,2930.0
2,Nutrient,689,210.0
2,Nutrient,689,9410.0
2,Nutrient,689,3670.0
2,Nutrient,689,14290.0
2,Nutrient,689,3860.0
2,Nutrient,689,4900.0
2,Nutrient,689,3290.0
2,Nutrient,689,5100.0
2,Nutrient,689,3370.0
2,Nutrient,689,4550.0
2,Nutrient,689,3270.0
2,Nutrient,689,0.0
2,Nutrient,689,3050.0
2,Nutrient,689,300.0
2,Nutrient,689,280.0
2,Nutrient,689,0.0
2,Nutrient,689,800.0
2,Nutrient,689,640.0
2,Nutrient,690,11300.0
2,Nutrient,690,1800.0
2,Nutrient,690,0.0
2,Nutrient,690,12030.0
2,Nutrient,690,12030.0
2,Nutrient,690,13120.0
2,Nutrient,690,14000.0
2,Nutrient,690,11300.0
2,Nutrient,690,11300.0
2,Nutrient,690,14070.0
2,Nutrient,690,15200.0
2,Nutrient,690,13700.0
2,Nutrient,690,14000.0
2,Nutrient,690,14600.0
2,Nutrient,690,11500.0
2,Nutrient,690,11500.0
2,Nutrient,690,13700.0
2,Nutrient,690,820.0
2,Nutrient,690,13400.0
2,Nutrient,690,2000.0
2,Nutrient,690,2100.0
2,Nutrient,690,4200.0
2,Nutrient,690,2360.0
2,Nutrient,690,2500.0
2,Nutrient,690,3600.0
2,Nutrient,690,2440.0
2,Nutrient,690,3500.0
2,Nutrient,690,5000.0
2,Nutrient,690,2570.0
2,Nutrient,690,5300.0
2,Nutrient,690,5100.0
2,Nutrient,690,2210.0
2,Nutrient,690,2210.0
2,Nutrient,690,2030.0
2,Nutrient,690,1920.0
2,Nutrient,690,2190.0
2,Nutrient,690,2020.0
2,Nutrient,690,2000.0
2,Nutrient,690,2100.0
2,Nutrient,690,2690.0
2,Nutrient,690,2370.0
2,Nutrient,690,1600.0
2,Nutrient,690,5200.0
2,Nutrient,690,2470.0
2,Nutrient,690,2000.0
2,Nutrient,690,1700.0
2,Nutrient,690,1700.0
2,Nutrient,690,1200.0
2,Nutrient,690,1800.0
2,Nutrient,690,2270.0
2,Nutrient,690,2370.0
2,Nutrient,690,2320.0
2,Nutrient,690,1720.0
2,Nutrient,690,4800.0
2,Nutrient,690,3140.0
2,Nutrient,690,2600.0
2,Nutrient,690,1200.0
2,Nutrient,690,1200.0
2,Nutrient,690,1200.0
2,Nutrient,690,2200.0
2,Nutrient,690,1300.0
2,Nutrient,690,800.0
2,Nutrient,690,800.0
2,Nutrient,690,810.0
2,Nutrient,690,810.0
2,Nutrient,690,1100.0
2,Nutrient,690,1100.0
2,Nutrient,690,1000.0
2,Nutrient,690,2000.0
2,Nutrient,690,200.0
2,Nutrient,690,200.0
2,Nutrient,690,0.0
2,Nutrient,690,300.0
2,Nutrient,690,1400.0
2,Nutrient,690,1400.0
2,Nutrient,690,3270.0
2,Nutrient,690,3900.0
2,Nutrient,690,2500.0
2,Nutrient,690,300.0
2,Nutrient,690,400.0
2,Nutrient,690,940.0
2,Nutrient,690,940.0
2,Nutrient,690,300.0
2,Nutrient,690,300.0
2,Nutrient,690,100.0
2,Nutrient,690,100.0
2,Nutrient,690,600.0
2,Nutrient,690,600.0
2,Nutrient,690,1000.0
2,Nutrient,690,300.0
2,Nutrient,690,300.0
2,Nutrient,690,200.0
2,Nutrient,690,200.0
2,Nutrient,690,0.0
2,Nutrient,690,0.0
2,Nutrient,690,370.0
2,Nutrient,690,100.0
2,Nutrient,690,100.0
2,Nutrient,690,200.0
2,Nutrient,690,200.0
2,Nutrient,690,300.0
2,Nutrient,690,200.0
2,Nutrient,690,200.0
2,Nutrient,690,300.0
2,Nutrient,690,300.0
2,Nutrient,690,200.0
2,Nutrient,690,500.0
2,Nutrient,690,200.0
2,Nutrient,690,900.0
2,Nutrient,690,200.0
2,Nutrient,690,200.0
2,Nutrient,690,0.0
2,Nutrient,690,200.0
2,Nutrient,690,200.0
2,Nutrient,690,0.0
2,Nutrient,690,100.0
2,Nutrient,690,200.0
2,Nutrient,690,600.0
2,Nutrient,690,400.0
2,Nutrient,690,400.0
2,Nutrient,690,800.0
2,Nutrient,690,700.0
2,Nutrient,690,500.0
2,Nutrient,690,600.0
2,Nutrient,690,100.0
2,Nutrient,690,11100.0
2,Nutrient,690,12600.0
2,Nutrient,690,12200.0
2,Nutrient,690,10700.0
2,Nutrient,690,1200.0
2,Nutrient,690,1200.0
2,Nutrient,690,13070.0
2,Nutrient,690,12000.0
2,Nutrient,690,1300.0
2,Nutrient,690,1300.0
2,Nutrient,690,13500.0
2,Nutrient,690,7100.0
2,Nutrient,690,1200.0
2,Nutrient,690,1900.0
2,Nutrient,690,1900.0
2,Nutrient,690,2200.0
2,Nutrient,690,2500.0
2,Nutrient,690,10500.0
2,Nutrient,690,6800.0
2,Nutrient,690,8400.0
2,Nutrient,690,900.0
2,Nutrient,690,25400.0
2,Nutrient,690,8700.0
2,Nutrient,690,11800.0
2,Nutrient,690,7600.0
2,Nutrient,690,10800.0
2,Nutrient,690,10700.0
2,Nutrient,690,200.0
2,Nutrient,690,200.0
2,Nutrient,690,300.0
2,Nutrient,690,200.0
2,Nutrient,690,200.0
2,Nutrient,690,1100.0
2,Nutrient,690,300.0
2,Nutrient,690,300.0
2,Nutrient,690,1300.0
2,Nutrient,690,300.0
2,Nutrient,690,300.0
2,Nutrient,690,200.0
2,Nutrient,690,1600.0
2,Nutrient,690,1760.0
2,Nutrient,690,100.0
2,Nutrient,690,200.0
2,Nutrient,690,100.0
2,Nutrient,690,60.0
2,Nutrient,690,2040.0
2,Nutrient,690,1200.0
2,Nutrient,690,1000.0
2,Nutrient,690,400.0
2,Nutrient,690,1400.0
2,Nutrient,690,2300.0
2,Nutrient,690,1200.0
2,Nutrient,690,2500.0
2,Nutrient,690,2600.0
2,Nutrient,690,3400.0
2,Nutrient,690,1100.0
2,Nutrient,690,3800.0
2,Nutrient,690,2160.0
2,Nutrient,690,3590.0
2,Nutrient,690,0.0
2,Nutrient,690,14290.0
2,Nutrient,690,2510.0
2,Nutrient,690,3500.0
2,Nutrient,690,3730.0
2,Nutrient,690,8700.0
2,Nutrient,690,4140.0
2,Nutrient,690,3820.0
2,Nutrient,690,5000.0
2,Nutrient,690,3820.0
2,Nutrient,690,5000.0
2,Nutrient,690,3450.0
2,Nutrient,690,3900.0
2,Nutrient,690,5000.0
2,Nutrient,690,6900.0
2,Nutrient,690,3570.0
2,Nutrient,690,1450.0
2,Nutrient,690,2790.0
2,Nutrient,690,11300.0
2,Nutrient,690,1380.0
2,Nutrient,690,10800.0
2,Nutrient,690,1380.0
2,Nutrient,690,10800.0
2,Nutrient,690,10800.0
2,Nutrient,690,2760.0
2,Nutrient,690,1830.0
2,Nutrient,690,14200.0
2,Nutrient,690,1380.0
2,Nutrient,690,3530.0
2,Nutrient,690,10800.0
2,Nutrient,690,2760.0
2,Nutrient,690,16500.0
2,Nutrient,690,3330.0
2,Nutrient,690,14000.0
2,Nutrient,690,1820.0
2,Nutrient,690,1640.0
2,Nutrient,690,3190.0
2,Nutrient,690,1380.0
2,Nutrient,690,12500.0
2,Nutrient,690,10900.0
2,Nutrient,690,2680.0
2,Nutrient,690,1380.0
2,Nutrient,690,11400.0
2,Nutrient,690,13900.0
2,Nutrient,690,2120.0
2,Nutrient,690,1800.0
2,Nutrient,690,1610.0
2,Nutrient,690,3130.0
2,Nutrient,690,12600.0
2,Nutrient,690,3530.0
2,Nutrient,690,1830.0
2,Nutrient,690,1800.0
2,Nutrient,690,12500.0
2,Nutrient,690,1360.0
2,Nutrient,690,2640.0
2,Nutrient,690,12500.0
2,Nutrient,690,10890.0
2,Nutrient,690,3190.0
2,Nutrient,690,1360.0
2,Nutrient,690,2640.0
2,Nutrient,690,1640.0
2,Nutrient,690,10850.0
2,Nutrient,690,1600.0
2,Nutrient,690,2860.0
2,Nutrient,690,15600.0
2,Nutrient,690,2140.0
2,Nutrient,690,12500.0
2,Nutrient,690,1380.0
2,Nutrient,690,10850.0
2,Nutrient,690,2800.0
2,Nutrient,690,1400.0
2,Nutrient,690,2900.0
2,Nutrient,690,12000.0
2,Nutrient,690,1800.0
2,Nutrient,690,3600.0
2,Nutrient,690,13600.0
2,Nutrient,690,1700.0
2,Nutrient,690,3250.0
2,Nutrient,690,12200.0
2,Nutrient,690,1630.0
2,Nutrient,690,3200.0
2,Nutrient,690,12500.0
2,Nutrient,690,15600.0
2,Nutrient,690,2140.0
2,Nutrient,690,1260.0
2,Nutrient,690,1800.0
2,Nutrient,690,1400.0
2,Nutrient,690,2900.0
2,Nutrient,690,12000.0
2,Nutrient,690,1800.0
2,Nutrient,690,3600.0
2,Nutrient,690,13600.0
2,Nutrient,690,1710.0
2,Nutrient,690,12730.0
2,Nutrient,690,1920.0
2,Nutrient,690,14420.0
2,Nutrient,690,1480.0
2,Nutrient,690,2730.0
2,Nutrient,690,11130.0
2,Nutrient,690,1360.0
2,Nutrient,690,10890.0
2,Nutrient,690,2640.0
2,Nutrient,690,3130.0
2,Nutrient,690,1610.0
2,Nutrient,690,12600.0
2,Nutrient,690,2000.0
2,Nutrient,690,3400.0
2,Nutrient,690,13990.0
2,Nutrient,690,1130.0
2,Nutrient,690,1450.0
2,Nutrient,690,1450.0
2,Nutrient,690,1520.0
2,Nutrient,690,5430.0
2,Nutrient,690,3050.0
2,Nutrient,690,3310.0
2,Nutrient,690,13000.0
2,Nutrient,690,1780.0
2,Nutrient,690,11800.0
2,Nutrient,690,2500.0
2,Nutrient,690,2400.0
2,Nutrient,690,800.0
2,Nutrient,690,300.0
2,Nutrient,690,500.0
2,Nutrient,690,1900.0
2,Nutrient,690,3400.0
2,Nutrient,690,6400.0
2,Nutrient,690,8700.0
2,Nutrient,690,600.0
2,Nutrient,690,1000.0
2,Nutrient,690,400.0
2,Nutrient,690,400.0
2,Nutrient,690,1600.0
2,Nutrient,690,3800.0
2,Nutrient,690,0.0
2,Nutrient,690,3500.0
2,Nutrient,690,4340.0
2,Nutrient,690,800.0
2,Nutrient,690,6700.0
2,Nutrient,690,200.0
2,Nutrient,690,900.0
2,Nutrient,690,500.0
2,Nutrient,690,1100.0
2,Nutrient,690,1000.0
2,Nutrient,690,300.0
2,Nutrient,690,500.0
2,Nutrient,691,5400.0
2,Nutrient,691,900.0
2,Nutrient,692,1600.0
2,Nutrient,692,300.0
2,Nutrient,692,0.0
2,Nutrient,692,1820.0
2,Nutrient,692,4830.0
2,Nutrient,692,2380.0
2,Nutrient,692,5880.0
2,Nutrient,692,7600.0
2,Nutrient,692,5190.0
2,Nutrient,692,1140.0
2,Nutrient,692,3850.0
2,Nutrient,692,1320.0
2,Nutrient,692,4220.0
2,Nutrient,692,4580.0
2,Nutrient,692,4420.0
2,Nutrient,692,1610.0
2,Nutrient,692,5060.0
2,Nutrient,692,2380.0
2,Nutrient,692,2100.0
2,Nutrient,692,3090.0
2,Nutrient,692,2590.0
2,Nutrient,692,5110.0
2,Nutrient,692,2890.0
2,Nutrient,692,5130.0
2,Nutrient,692,2940.0
2,Nutrient,692,5090.0
2,Nutrient,692,3020.0
2,Nutrient,692,1740.0
2,Nutrient,692,1590.0
2,Nutrient,692,3170.0
2,Nutrient,692,2520.0
2,Nutrient,692,2250.0
2,Nutrient,692,620.0
2,Nutrient,692,2900.0
2,Nutrient,692,3740.0
2,Nutrient,692,1610.0
2,Nutrient,692,2130.0
2,Nutrient,692,3480.0
2,Nutrient,692,2380.0
2,Nutrient,692,1500.0
2,Nutrient,692,1610.0
2,Nutrient,692,2510.0
2,Nutrient,692,3060.0
2,Nutrient,692,2200.0
2,Nutrient,692,2380.0
2,Nutrient,692,1720.0
2,Nutrient,692,6540.0
2,Nutrient,692,4620.0
2,Nutrient,692,7680.0
2,Nutrient,692,5190.0
2,Nutrient,692,1390.0
2,Nutrient,692,2380.0
2,Nutrient,692,4050.0
2,Nutrient,692,2220.0
2,Nutrient,692,810.0
2,Nutrient,692,1590.0
2,Nutrient,692,3790.0
2,Nutrient,692,3550.0
2,Nutrient,692,2380.0
2,Nutrient,692,1640.0
2,Nutrient,692,4330.0
2,Nutrient,692,3110.0
2,Nutrient,692,2520.0
2,Nutrient,692,1460.0
2,Nutrient,692,1720.0
2,Nutrient,692,3970.0
2,Nutrient,692,4450.0
2,Nutrient,692,2420.0
2,Nutrient,692,15970.0
2,Nutrient,692,17300.0
2,Nutrient,692,17930.0
2,Nutrient,692,16660.0
2,Nutrient,692,14600.0
2,Nutrient,692,2380.0
2,Nutrient,692,2380.0
2,Nutrient,692,2420.0
2,Nutrient,692,7480.0
2,Nutrient,692,3230.0
2,Nutrient,692,11730.0
2,Nutrient,692,8000.0
2,Nutrient,692,2380.0
2,Nutrient,692,6250.0
2,Nutrient,692,15420.0
2,Nutrient,692,3170.0
2,Nutrient,692,3970.0
2,Nutrient,692,4600.0
2,Nutrient,692,3500.0
2,Nutrient,692,1760.0
2,Nutrient,692,1460.0
2,Nutrient,692,1970.0
2,Nutrient,692,2520.0
2,Nutrient,692,2260.0
2,Nutrient,692,2000.0
2,Nutrient,692,3200.0
2,Nutrient,692,1210.0
2,Nutrient,692,1360.0
2,Nutrient,692,4190.0
2,Nutrient,692,3850.0
2,Nutrient,692,4000.0
2,Nutrient,692,430.0
2,Nutrient,692,1610.0
2,Nutrient,692,2550.0
2,Nutrient,692,1160.0
2,Nutrient,692,1610.0
2,Nutrient,692,2290.0
2,Nutrient,692,3770.0
2,Nutrient,692,2380.0
2,Nutrient,692,1610.0
2,Nutrient,692,1610.0
2,Nutrient,692,1610.0
2,Nutrient,692,3010.0
2,Nutrient,692,2200.0
2,Nutrient,692,810.0
2,Nutrient,692,1610.0
2,Nutrient,692,1540.0
2,Nutrient,692,1540.0
2,Nutrient,692,1540.0
2,Nutrient,692,1540.0
2,Nutrient,692,1540.0
2,Nutrient,692,1540.0
2,Nutrient,692,2400.0
2,Nutrient,692,3080.0
2,Nutrient,692,1540.0
2,Nutrient,692,3240.0
2,Nutrient,692,2400.0
2,Nutrient,692,1600.0
2,Nutrient,692,1600.0
2,Nutrient,692,2400.0
2,Nutrient,692,1540.0
2,Nutrient,692,2310.0
2,Nutrient,692,1600.0
2,Nutrient,692,1600.0
2,Nutrient,692,1540.0
2,Nutrient,692,4080.0
2,Nutrient,692,3270.0
2,Nutrient,692,2490.0
2,Nutrient,692,2450.0
2,Nutrient,692,2860.0
2,Nutrient,692,2740.0
2,Nutrient,692,2860.0
2,Nutrient,692,2510.0
2,Nutrient,692,4970.0
2,Nutrient,692,2450.0
2,Nutrient,692,2860.0
2,Nutrient,692,3270.0
2,Nutrient,692,2330.0
2,Nutrient,692,2780.0
2,Nutrient,692,1590.0
2,Nutrient,692,2380.0
2,Nutrient,692,1610.0
2,Nutrient,692,3690.0
2,Nutrient,692,2530.0
2,Nutrient,692,2130.0
2,Nutrient,692,1690.0
2,Nutrient,692,1690.0
2,Nutrient,692,3390.0
2,Nutrient,692,1690.0
2,Nutrient,692,1690.0
2,Nutrient,692,0.0
2,Nutrient,692,1670.0
2,Nutrient,692,1690.0
2,Nutrient,692,0.0
2,Nutrient,692,1690.0
2,Nutrient,692,1690.0
2,Nutrient,692,1690.0
2,Nutrient,692,1690.0
2,Nutrient,692,1690.0
2,Nutrient,692,1690.0
2,Nutrient,692,1670.0
2,Nutrient,692,1610.0
2,Nutrient,692,810.0
2,Nutrient,692,1610.0
2,Nutrient,692,1610.0
2,Nutrient,692,810.0
2,Nutrient,692,1610.0
2,Nutrient,692,810.0
2,Nutrient,692,1610.0
2,Nutrient,692,2420.0
2,Nutrient,692,3230.0
2,Nutrient,692,1610.0
2,Nutrient,692,3170.0
2,Nutrient,692,3170.0
2,Nutrient,692,2380.0
2,Nutrient,692,2380.0
2,Nutrient,692,790.0
2,Nutrient,692,2420.0
2,Nutrient,692,1590.0
2,Nutrient,692,1610.0
2,Nutrient,692,2380.0
2,Nutrient,692,2510.0
2,Nutrient,692,2490.0
2,Nutrient,692,3170.0
2,Nutrient,692,7030.0
2,Nutrient,692,2380.0
2,Nutrient,692,3170.0
2,Nutrient,692,1590.0
2,Nutrient,692,2380.0
2,Nutrient,692,3170.0
2,Nutrient,692,3170.0
2,Nutrient,692,2380.0
2,Nutrient,692,3970.0
2,Nutrient,692,2420.0
2,Nutrient,692,1610.0
2,Nutrient,692,2380.0
2,Nutrient,692,3170.0
2,Nutrient,692,3970.0
2,Nutrient,692,1460.0
2,Nutrient,692,1590.0
2,Nutrient,692,7810.0
2,Nutrient,692,3970.0
2,Nutrient,692,2040.0
2,Nutrient,692,3270.0
2,Nutrient,692,4080.0
2,Nutrient,692,4900.0
2,Nutrient,692,2860.0
2,Nutrient,692,3270.0
2,Nutrient,692,3270.0
2,Nutrient,692,3270.0
2,Nutrient,692,2860.0
2,Nutrient,692,2860.0
2,Nutrient,692,3270.0
2,Nutrient,692,3410.0
2,Nutrient,692,2860.0
2,Nutrient,692,6120.0
2,Nutrient,692,2860.0
2,Nutrient,692,2450.0
2,Nutrient,692,940.0
2,Nutrient,692,2420.0
2,Nutrient,692,3270.0
2,Nutrient,692,2880.0
2,Nutrient,692,3270.0
2,Nutrient,692,3990.0
2,Nutrient,692,1630.0
2,Nutrient,692,1930.0
2,Nutrient,692,680.0
2,Nutrient,692,2190.0
2,Nutrient,692,2330.0
2,Nutrient,692,2020.0
2,Nutrient,692,4490.0
2,Nutrient,692,3670.0
2,Nutrient,692,1410.0
2,Nutrient,692,1080.0
2,Nutrient,692,2450.0
2,Nutrient,692,1270.0
2,Nutrient,692,1630.0
2,Nutrient,692,3270.0
2,Nutrient,692,1450.0
2,Nutrient,692,3270.0
2,Nutrient,692,1500.0
2,Nutrient,692,2490.0
2,Nutrient,692,2860.0
2,Nutrient,692,850.0
2,Nutrient,692,2040.0
2,Nutrient,692,1550.0
2,Nutrient,692,2460.0
2,Nutrient,692,2220.0
2,Nutrient,692,2450.0
2,Nutrient,692,3160.0
2,Nutrient,692,3270.0
2,Nutrient,692,3270.0
2,Nutrient,692,6120.0
2,Nutrient,692,2860.0
2,Nutrient,692,2860.0
2,Nutrient,692,1770.0
2,Nutrient,692,2860.0
2,Nutrient,692,770.0
2,Nutrient,692,790.0
2,Nutrient,692,1290.0
2,Nutrient,692,1500.0
2,Nutrient,692,1130.0
2,Nutrient,692,1220.0
2,Nutrient,692,870.0
2,Nutrient,692,3200.0
2,Nutrient,692,4080.0
2,Nutrient,692,2540.0
2,Nutrient,692,720.0
2,Nutrient,692,6530.0
2,Nutrient,692,2030.0
2,Nutrient,692,1110.0
2,Nutrient,692,3270.0
2,Nutrient,692,4080.0
2,Nutrient,692,4900.0
2,Nutrient,692,1970.0
2,Nutrient,692,1780.0
2,Nutrient,692,3270.0
2,Nutrient,692,820.0
2,Nutrient,692,6120.0
2,Nutrient,692,1600.0
2,Nutrient,692,1280.0
2,Nutrient,692,860.0
2,Nutrient,692,1010.0
2,Nutrient,692,2230.0
2,Nutrient,692,1210.0
2,Nutrient,692,2070.0
2,Nutrient,692,210.0
2,Nutrient,692,210.0
2,Nutrient,692,280.0
2,Nutrient,692,390.0
2,Nutrient,692,3930.0
2,Nutrient,692,680.0
2,Nutrient,692,970.0
2,Nutrient,692,1010.0
2,Nutrient,692,870.0
2,Nutrient,692,660.0
2,Nutrient,692,320.0
2,Nutrient,692,1110.0
2,Nutrient,692,1630.0
2,Nutrient,692,930.0
2,Nutrient,692,790.0
2,Nutrient,692,1160.0
2,Nutrient,692,820.0
2,Nutrient,692,1220.0
2,Nutrient,692,1220.0
2,Nutrient,692,2040.0
2,Nutrient,692,1220.0
2,Nutrient,692,1220.0
2,Nutrient,692,820.0
2,Nutrient,692,2450.0
2,Nutrient,692,3270.0
2,Nutrient,692,2860.0
2,Nutrient,692,2860.0
2,Nutrient,692,3270.0
2,Nutrient,692,1630.0
2,Nutrient,692,2450.0
2,Nutrient,692,840.0
2,Nutrient,692,2450.0
2,Nutrient,692,3670.0
2,Nutrient,692,3270.0
2,Nutrient,692,2860.0
2,Nutrient,692,4080.0
2,Nutrient,692,3270.0
2,Nutrient,692,2860.0
2,Nutrient,692,2860.0
2,Nutrient,692,2860.0
2,Nutrient,692,2860.0
2,Nutrient,692,2040.0
2,Nutrient,692,2330.0
2,Nutrient,692,1220.0
2,Nutrient,692,2370.0
2,Nutrient,692,2450.0
2,Nutrient,692,1800.0
2,Nutrient,692,3270.0
2,Nutrient,692,3670.0
2,Nutrient,692,3250.0
2,Nutrient,692,3670.0
2,Nutrient,692,920.0
2,Nutrient,692,790.0
2,Nutrient,692,1220.0
2,Nutrient,692,1220.0
2,Nutrient,692,10480.0
2,Nutrient,692,2100.0
2,Nutrient,692,980.0
2,Nutrient,692,980.0
2,Nutrient,692,1310.0
2,Nutrient,692,980.0
2,Nutrient,692,1310.0
2,Nutrient,692,1310.0
2,Nutrient,692,980.0
2,Nutrient,692,1310.0
2,Nutrient,692,980.0
2,Nutrient,692,660.0
2,Nutrient,692,0.0
2,Nutrient,692,0.0
2,Nutrient,692,1670.0
2,Nutrient,692,0.0
2,Nutrient,692,0.0
2,Nutrient,692,0.0
2,Nutrient,692,0.0
2,Nutrient,692,0.0
2,Nutrient,692,0.0
2,Nutrient,692,0.0
2,Nutrient,692,0.0
2,Nutrient,692,2450.0
2,Nutrient,692,3100.0
2,Nutrient,692,3000.0
2,Nutrient,692,2700.0
2,Nutrient,692,4200.0
2,Nutrient,692,5200.0
2,Nutrient,692,6500.0
2,Nutrient,692,3900.0
2,Nutrient,692,2300.0
2,Nutrient,692,2400.0
2,Nutrient,692,8600.0
2,Nutrient,692,3800.0
2,Nutrient,692,2700.0
2,Nutrient,692,6200.0
2,Nutrient,692,3200.0
2,Nutrient,692,1540.0
2,Nutrient,692,1800.0
2,Nutrient,692,1610.0
2,Nutrient,692,790.0
2,Nutrient,692,3200.0
2,Nutrient,692,1270.0
2,Nutrient,692,1100.0
2,Nutrient,692,1000.0
2,Nutrient,692,9200.0
2,Nutrient,692,2000.0
2,Nutrient,692,5100.0
2,Nutrient,692,4300.0
2,Nutrient,692,5100.0
2,Nutrient,692,16700.0
2,Nutrient,692,10290.0
2,Nutrient,692,10660.0
2,Nutrient,692,540.0
2,Nutrient,692,2380.0
2,Nutrient,692,810.0
2,Nutrient,692,1610.0
2,Nutrient,692,2380.0
2,Nutrient,692,2380.0
2,Nutrient,692,1610.0
2,Nutrient,692,3170.0
2,Nutrient,692,1540.0
2,Nutrient,692,1600.0
2,Nutrient,692,1690.0
2,Nutrient,692,1690.0
2,Nutrient,692,0.0
2,Nutrient,692,0.0
2,Nutrient,692,1220.0
2,Nutrient,692,1220.0
2,Nutrient,692,1220.0
2,Nutrient,692,0.0
2,Nutrient,692,0.0
2,Nutrient,692,0.0
2,Nutrient,692,0.0
2,Nutrient,692,0.0
2,Nutrient,692,0.0
2,Nutrient,692,0.0
2,Nutrient,692,0.0
2,Nutrient,692,0.0
2,Nutrient,692,0.0
2,Nutrient,692,0.0
2,Nutrient,692,0.0
2,Nutrient,692,0.0
2,Nutrient,692,410.0
2,Nutrient,692,410.0
2,Nutrient,692,410.0
2,Nutrient,692,0.0
2,Nutrient,692,21250.0
2,Nutrient,692,8180.0
2,Nutrient,692,6030.0
2,Nutrient,692,3850.0
2,Nutrient,692,4620.0
2,Nutrient,692,4170.0
2,Nutrient,692,3330.0
2,Nutrient,692,4170.0
2,Nutrient,692,8180.0
2,Nutrient,692,4250.0
2,Nutrient,692,2780.0
2,Nutrient,692,2380.0
2,Nutrient,692,2380.0
2,Nutrient,692,3170.0
2,Nutrient,692,2380.0
2,Nutrient,692,4370.0
2,Nutrient,692,4370.0
2,Nutrient,692,3570.0
2,Nutrient,692,4370.0
2,Nutrient,692,7060.0
2,Nutrient,692,4800.0
2,Nutrient,692,9760.0
2,Nutrient,692,4260.0
2,Nutrient,692,4260.0
2,Nutrient,692,5910.0
2,Nutrient,692,4940.0
2,Nutrient,692,5940.0
2,Nutrient,692,4700.0
2,Nutrient,692,4450.0
2,Nutrient,692,2350.0
2,Nutrient,692,4370.0
2,Nutrient,692,1160.0
2,Nutrient,692,2580.0
2,Nutrient,692,2080.0
2,Nutrient,692,4900.0
2,Nutrient,692,3670.0
2,Nutrient,692,2860.0
2,Nutrient,692,2860.0
2,Nutrient,692,2040.0
2,Nutrient,692,4490.0
2,Nutrient,692,4490.0
2,Nutrient,692,3170.0
2,Nutrient,692,3170.0
2,Nutrient,692,2380.0
2,Nutrient,692,3170.0
2,Nutrient,692,2450.0
2,Nutrient,692,3270.0
2,Nutrient,692,1220.0
2,Nutrient,692,2040.0
2,Nutrient,692,3800.0
2,Nutrient,692,1310.0
2,Nutrient,692,980.0
2,Nutrient,692,2040.0
2,Nutrient,692,1220.0
2,Nutrient,692,1220.0
2,Nutrient,692,0.0
2,Nutrient,692,0.0
2,Nutrient,692,0.0
2,Nutrient,692,3130.0
2,Nutrient,692,6350.0
2,Nutrient,692,1540.0
2,Nutrient,692,810.0
2,Nutrient,692,10890.0
2,Nutrient,692,2610.0
2,Nutrient,692,2330.0
2,Nutrient,692,3290.0
2,Nutrient,692,3260.0
2,Nutrient,692,820.0
2,Nutrient,692,820.0
2,Nutrient,692,410.0
2,Nutrient,692,820.0
2,Nutrient,692,820.0
2,Nutrient,692,820.0
2,Nutrient,692,820.0
2,Nutrient,692,820.0
2,Nutrient,692,820.0
2,Nutrient,692,0.0
2,Nutrient,692,0.0
2,Nutrient,692,410.0
2,Nutrient,692,820.0
2,Nutrient,692,820.0
2,Nutrient,692,7400.0
2,Nutrient,692,5100.0
2,Nutrient,692,8610.0
2,Nutrient,693,2170.0
2,Nutrient,693,3400.0
2,Nutrient,693,3090.0
2,Nutrient,693,3280.0
2,Nutrient,693,3980.0
2,Nutrient,693,2540.0
2,Nutrient,693,1420.0
2,Nutrient,693,2590.0
2,Nutrient,693,3330.0
2,Nutrient,693,2860.0
2,Nutrient,693,2170.0
2,Nutrient,693,3090.0
2,Nutrient,693,2540.0
2,Nutrient,693,2860.0
2,Nutrient,693,1400.0
2,Nutrient,694,0.0
2,Nutrient,694,0.0
2,Nutrient,694,0.0
2,Nutrient,694,0.0
2,Nutrient,694,4300.0
2,Nutrient,694,700.0
2,Nutrient,694,9590.0
2,Nutrient,694,5760.0
2,Nutrient,694,50.0
2,Nutrient,694,30.0
2,Nutrient,694,21750.0
2,Nutrient,694,6100.0
2,Nutrient,694,3900.0
2,Nutrient,694,7300.0
2,Nutrient,694,9000.0
2,Nutrient,694,2710.0
2,Nutrient,694,1800.0
2,Nutrient,695,300.0
2,Nutrient,695,0.0
2,Nutrient,695,2100.0
2,Nutrient,695,3070.0
2,Nutrient,695,0.0
2,Nutrient,695,0.0
2,Nutrient,695,0.0
2,Nutrient,695,1400.0
2,Nutrient,695,4600.0
2,Nutrient,695,0.0
2,Nutrient,695,0.0
2,Nutrient,695,0.0
2,Nutrient,695,6200.0
2,Nutrient,695,40.0
2,Nutrient,695,0.0
2,Nutrient,695,0.0
2,Nutrient,695,0.0
2,Nutrient,695,0.0
2,Nutrient,695,0.0
2,Nutrient,695,1890.0
2,Nutrient,695,0.0
2,Nutrient,695,800.0
2,Nutrient,696,5000.0
2,Nutrient,696,800.0
2,Nutrient,696,0.0
2,Nutrient,696,0.0
2,Nutrient,697,1100.0
2,Nutrient,697,200.0
2,Nutrient,697,800.0
2,Nutrient,697,100.0
2,Nutrient,698,7000.0
2,Nutrient,698,1100.0
2,Nutrient,698,5410.0
2,Nutrient,699,6600.0
2,Nutrient,699,1100.0
2,Nutrient,700,12700.0
2,Nutrient,700,2000.0
2,Nutrient,700,12660.0
2,Nutrient,701,4400.0
2,Nutrient,701,700.0
2,Nutrient,701,1000.0
2,Nutrient,701,200.0
2,Nutrient,701,0.0
2,Nutrient,701,0.0
2,Nutrient,701,300.0
2,Nutrient,701,0.0
2,Nutrient,701,1590.0
2,Nutrient,701,2970.0
2,Nutrient,701,2000.0
2,Nutrient,701,30.0
2,Nutrient,701,8150.0
2,Nutrient,701,4600.0
2,Nutrient,701,1590.0
2,Nutrient,701,5870.0
2,Nutrient,701,4200.0
2,Nutrient,701,3900.0
2,Nutrient,701,2200.0
2,Nutrient,701,11970.0
2,Nutrient,701,2200.0
2,Nutrient,701,18300.0
2,Nutrient,701,5870.0
2,Nutrient,701,2190.0
2,Nutrient,701,2300.0
2,Nutrient,701,0.0
2,Nutrient,701,9700.0
2,Nutrient,701,0.0
2,Nutrient,701,0.0
2,Nutrient,701,0.0
2,Nutrient,701,6510.0
2,Nutrient,701,2560.0
2,Nutrient,701,12490.0
2,Nutrient,701,7650.0
2,Nutrient,701,13100.0
2,Nutrient,701,4100.0
2,Nutrient,701,9000.0
2,Nutrient,701,7640.0
2,Nutrient,701,3130.0
2,Nutrient,701,6210.0
2,Nutrient,701,9570.0
2,Nutrient,701,4330.0
2,Nutrient,701,15500.0
2,Nutrient,701,7570.0
2,Nutrient,701,4400.0
2,Nutrient,701,10240.0
2,Nutrient,701,12460.0
2,Nutrient,701,5080.0
2,Nutrient,701,1670.0
2,Nutrient,701,11600.0
2,Nutrient,701,410.0
2,Nutrient,701,4780.0
2,Nutrient,701,2600.0
2,Nutrient,701,1780.0
2,Nutrient,701,3300.0
2,Nutrient,701,9760.0
2,Nutrient,701,11340.0
2,Nutrient,701,3940.0
2,Nutrient,701,5580.0
2,Nutrient,701,9530.0
2,Nutrient,701,6240.0
2,Nutrient,701,8660.0
2,Nutrient,701,5940.0
2,Nutrient,701,5190.0
2,Nutrient,701,7500.0
2,Nutrient,701,7410.0
2,Nutrient,701,4280.0
2,Nutrient,701,7150.0
2,Nutrient,701,3300.0
2,Nutrient,701,2590.0
2,Nutrient,701,410.0
2,Nutrient,701,410.0
2,Nutrient,701,390.0
2,Nutrient,701,190.0
2,Nutrient,701,190.0
2,Nutrient,701,180.0
2,Nutrient,701,190.0
2,Nutrient,701,30.0
2,Nutrient,701,1070.0
2,Nutrient,701,1320.0
2,Nutrient,701,4200.0
2,Nutrient,701,10000.0
2,Nutrient,701,2310.0
2,Nutrient,701,9510.0
2,Nutrient,701,5090.0
2,Nutrient,701,9530.0
2,Nutrient,701,10160.0
2,Nutrient,701,7530.0
2,Nutrient,701,9500.0
2,Nutrient,701,0.0
2,Nutrient,701,0.0
2,Nutrient,701,12260.0
2,Nutrient,702,4400.0
2,Nutrient,702,700.0
2,Nutrient,703,0.0
2,Nutrient,703,0.0
2,Nutrient,703,0.0
2,Nutrient,703,0.0
2,Nutrient,703,0.0
2,Nutrient,704,0.0
2,Nutrient,704,0.0
2,Nutrient,704,5000.0
2,Nutrient,704,800.0
2,Nutrient,704,0.0
2,Nutrient,704,0.0
2,Nutrient,704,0.0
2,Nutrient,704,0.0
2,Nutrient,704,0.0
2,Nutrient,706,0.0
2,Nutrient,706,0.0
2,Nutrient,706,0.0
2,Nutrient,707,16200.0
2,Nutrient,707,2600.0
2,Nutrient,707,5300.0
2,Nutrient,707,800.0
2,Nutrient,707,22500.0
2,Nutrient,707,3600.0
2,Nutrient,707,6670.0
2,Nutrient,707,2800.0
2,Nutrient,707,15490.0
2,Nutrient,707,3000.0
2,Nutrient,707,25000.0
2,Nutrient,707,25100.0
2,Nutrient,707,19600.0
2,Nutrient,707,18100.0
2,Nutrient,707,20000.0
2,Nutrient,707,16800.0
2,Nutrient,707,16800.0
2,Nutrient,707,19900.0
2,Nutrient,707,35800.0
2,Nutrient,709,5700.0
2,Nutrient,709,900.0
2,Nutrient,709,9000.0
2,Nutrient,709,1400.0
2,Nutrient,709,7100.0
2,Nutrient,709,1100.0
2,Nutrient,709,8800.0
2,Nutrient,709,1400.0
2,Nutrient,709,5700.0
2,Nutrient,709,900.0
2,Nutrient,709,12100.0
2,Nutrient,709,12900.0
2,Nutrient,709,12900.0
2,Nutrient,709,3640.0
2,Nutrient,709,4440.0
2,Nutrient,709,4780.0
2,Nutrient,709,4880.0
2,Nutrient,709,6120.0
2,Nutrient,709,7790.0
2,Nutrient,710,3600.0
2,Nutrient,710,600.0
2,Nutrient,710,3600.0
2,Nutrient,710,600.0
2,Nutrient,710,3700.0
2,Nutrient,710,600.0
2,Nutrient,710,3600.0
2,Nutrient,710,600.0
2,Nutrient,710,3170.0
2,Nutrient,710,2990.0
2,Nutrient,710,3240.0
2,Nutrient,710,3520.0
2,Nutrient,710,2990.0
2,Nutrient,710,920.0
2,Nutrient,710,1210.0
2,Nutrient,710,2190.0
2,Nutrient,711,36200.0
2,Nutrient,711,5700.0
2,Nutrient,711,27700.0
2,Nutrient,711,4300.0
2,Nutrient,711,26320.0
2,Nutrient,711,36160.0
2,Nutrient,711,35100.0
2,Nutrient,711,35500.0
2,Nutrient,711,36160.0
2,Nutrient,711,35100.0
2,Nutrient,711,26320.0
2,Nutrient,712,3600.0
2,Nutrient,712,600.0
2,Nutrient,712,3560.0
2,Nutrient,712,3750.0
2,Nutrient,712,5980.0
2,Nutrient,713,3500.0
2,Nutrient,713,500.0
2,Nutrient,714,3300.0
2,Nutrient,714,500.0
2,Nutrient,714,3400.0
2,Nutrient,714,500.0
2,Nutrient,714,3310.0
2,Nutrient,714,34300.0
2,Nutrient,714,3210.0
2,Nutrient,714,4100.0
2,Nutrient,715,3700.0
2,Nutrient,715,600.0
2,Nutrient,715,3500.0
2,Nutrient,715,500.0
2,Nutrient,716,6300.0
2,Nutrient,716,1000.0
2,Nutrient,716,6280.0
2,Nutrient,716,10510.0
2,Nutrient,716,2430.0
2,Nutrient,716,5170.0
2,Nutrient,717,10500.0
2,Nutrient,717,1700.0
2,Nutrient,717,11690.0
2,Nutrient,718,7800.0
2,Nutrient,718,1200.0
2,Nutrient,718,8190.0
2,Nutrient,718,6550.0
2,Nutrient,718,47940.0
2,Nutrient,718,17190.0
2,Nutrient,718,8150.0
2,Nutrient,718,9890.0
2,Nutrient,718,12680.0
2,Nutrient,718,4800.0
2,Nutrient,718,6900.0
2,Nutrient,718,7400.0
2,Nutrient,718,6300.0
2,Nutrient,718,7000.0
2,Nutrient,718,8300.0
2,Nutrient,718,12400.0
2,Nutrient,718,10100.0
2,Nutrient,718,8900.0
2,Nutrient,718,4800.0
2,Nutrient,718,7500.0
2,Nutrient,718,9300.0
2,Nutrient,718,8400.0
2,Nutrient,718,12100.0
2,Nutrient,718,9200.0
2,Nutrient,718,8300.0
2,Nutrient,718,4400.0
2,Nutrient,718,5830.0
2,Nutrient,718,9980.0
2,Nutrient,718,15780.0
2,Nutrient,718,8080.0
2,Nutrient,718,47940.0
2,Nutrient,718,17190.0
2,Nutrient,718,8150.0
2,Nutrient,721,10100.0
2,Nutrient,722,24600.0
2,Nutrient,722,22320.0
2,Nutrient,722,28620.0
2,Nutrient,722,11300.0
2,Nutrient,723,20080.0
2,Nutrient,723,26150.0
2,Nutrient,724,1100.0
2,Nutrient,724,1500.0
2,Nutrient,724,100.0
2,Nutrient,724,0.0
2,Nutrient,724,1300.0
2,Nutrient,724,1110.0
2,Nutrient,724,300.0
2,Nutrient,724,2300.0
2,Nutrient,724,1500.0
2,Nutrient,724,340.0
2,Nutrient,724,1100.0
2,Nutrient,724,440.0
2,Nutrient,724,1420.0
2,Nutrient,725,6470.0
2,Nutrient,725,9090.0
2,Nutrient,725,9210.0
2,Nutrient,725,4600.0
2,Nutrient,725,4300.0
2,Nutrient,725,5100.0
2,Nutrient,725,10100.0
2,Nutrient,725,7700.0
2,Nutrient,725,7300.0
2,Nutrient,725,11000.0
2,Nutrient,725,7400.0
2,Nutrient,725,10500.0
2,Nutrient,725,7600.0
2,Nutrient,725,7700.0
2,Nutrient,725,5800.0
2,Nutrient,725,10200.0
2,Nutrient,725,9800.0
2,Nutrient,725,7000.0
2,Nutrient,725,5650.0
2,Nutrient,725,6100.0
2,Nutrient,725,8000.0
2,Nutrient,725,9800.0
2,Nutrient,725,5900.0
2,Nutrient,725,8000.0
2,Nutrient,725,4470.0
2,Nutrient,725,5410.0
2,Nutrient,725,24290.0
2,Nutrient,725,18490.0
2,Nutrient,725,22350.0
2,Nutrient,725,5880.0
2,Nutrient,725,22500.0
2,Nutrient,725,3780.0
2,Nutrient,725,7720.0
2,Nutrient,725,25000.0
2,Nutrient,725,21910.0
2,Nutrient,725,14150.0
2,Nutrient,725,6210.0
2,Nutrient,725,16190.0
2,Nutrient,725,20750.0
2,Nutrient,725,30000.0
2,Nutrient,725,16670.0
2,Nutrient,725,18570.0
2,Nutrient,725,17880.0
2,Nutrient,725,5550.0
2,Nutrient,725,8600.0
2,Nutrient,725,6670.0
2,Nutrient,725,15000.0
2,Nutrient,725,5000.0
2,Nutrient,725,9380.0
2,Nutrient,725,4170.0
2,Nutrient,725,9140.0
2,Nutrient,725,5710.0
2,Nutrient,725,5710.0
2,Nutrient,725,7520.0
2,Nutrient,725,9600.0
2,Nutrient,725,5200.0
2,Nutrient,725,9800.0
2,Nutrient,725,4400.0
2,Nutrient,726,19800.0
2,Nutrient,727,250.0
2,Nutrient,727,250.0
2,Nutrient,727,250.0
2,Nutrient,727,250.0
2,Nutrient,727,0.0
2,Nutrient,727,0.0
2,Nutrient,727,0.0
2,Nutrient,727,250.0
2,Nutrient,727,0.0
2,Nutrient,727,250.0
2,Nutrient,728,6480.0
2,Nutrient,728,7350.0
2,Nutrient,728,8030.0
2,Nutrient,728,11520.0
2,Nutrient,728,7180.0
2,Nutrient,728,9910.0
2,Nutrient,728,12090.0
2,Nutrient,728,10700.0
2,Nutrient,728,13460.0
2,Nutrient,728,3380.0
2,Nutrient,728,7350.0
2,Nutrient,728,8050.0
2,Nutrient,728,9840.0
2,Nutrient,728,9130.0
2,Nutrient,728,11540.0
2,Nutrient,728,7260.0
2,Nutrient,728,7070.0
2,Nutrient,728,8730.0
2,Nutrient,729,15130.0
2,Nutrient,729,13490.0
2,Nutrient,729,13060.0
2,Nutrient,729,17160.0
2,Nutrient,729,12800.0
2,Nutrient,729,15130.0
2,Nutrient,729,13040.0
2,Nutrient,729,17280.0
2,Nutrient,729,15780.0
2,Nutrient,729,11590.0
2,Nutrient,729,15550.0
2,Nutrient,729,14720.0
2,Nutrient,729,18200.0
2,Nutrient,729,14740.0
2,Nutrient,729,13070.0
2,Nutrient,729,11740.0
2,Nutrient,729,17080.0
2,Nutrient,729,14800.0
2,Nutrient,729,16510.0
2,Nutrient,729,11850.0
2,Nutrient,729,15170.0
2,Nutrient,729,19300.0
2,Nutrient,729,15680.0
2,Nutrient,729,12360.0
2,Nutrient,729,12970.0
2,Nutrient,729,14100.0
2,Nutrient,729,14590.0
2,Nutrient,729,11820.0
2,Nutrient,729,12630.0
2,Nutrient,729,14870.0
2,Nutrient,729,12620.0
2,Nutrient,729,13060.0
2,Nutrient,729,16520.0
2,Nutrient,729,14180.0
2,Nutrient,729,14570.0
2,Nutrient,729,10740.0
2,Nutrient,729,11190.0
2,Nutrient,729,13940.0
2,Nutrient,729,14470.0
2,Nutrient,729,14890.0
2,Nutrient,729,16960.0
2,Nutrient,729,12790.0
2,Nutrient,729,10640.0
2,Nutrient,729,11250.0
2,Nutrient,729,11000.0
2,Nutrient,729,11590.0
2,Nutrient,729,13940.0
2,Nutrient,729,11340.0
2,Nutrient,729,15680.0
2,Nutrient,729,12170.0
2,Nutrient,729,17000.0
2,Nutrient,729,16960.0
2,Nutrient,729,13030.0
2,Nutrient,729,15210.0
2,Nutrient,729,15500.0
2,Nutrient,729,11940.0
2,Nutrient,730,5540.0
2,Nutrient,730,4750.0
2,Nutrient,730,6380.0
2,Nutrient,730,6750.0
2,Nutrient,730,5190.0
2,Nutrient,730,5290.0
2,Nutrient,730,5150.0
2,Nutrient,731,5710.0
2,Nutrient,731,9730.0
2,Nutrient,731,5800.0
2,Nutrient,731,7530.0
2,Nutrient,731,5850.0
2,Nutrient,731,5000.0
2,Nutrient,732,8860.0
2,Nutrient,732,6680.0
2,Nutrient,732,6670.0
2,Nutrient,732,8860.0
2,Nutrient,732,9250.0
2,Nutrient,732,13300.0
2,Nutrient,732,11810.0
2,Nutrient,732,6690.0
2,Nutrient,732,9250.0
2,Nutrient,732,13300.0
2,Nutrient,733,5700.0
2,Nutrient,733,8000.0
2,Nutrient,733,5700.0
2,Nutrient,733,8700.0
2,Nutrient,733,8700.0
2,Nutrient,733,8010.0
2,Nutrient,733,7280.0
2,Nutrient,733,7830.0
2,Nutrient,734,8050.0
2,Nutrient,734,8240.0
2,Nutrient,734,7760.0
2,Nutrient,734,6600.0
2,Nutrient,734,5150.0
2,Nutrient,734,7590.0
2,Nutrient,735,19660.0
2,Nutrient,735,16860.0
2,Nutrient,735,21920.0
2,Nutrient,735,16410.0
2,Nutrient,735,11470.0
2,Nutrient,735,16300.0
2,Nutrient,735,22700.0
2,Nutrient,735,16300.0
2,Nutrient,735,19600.0
2,Nutrient,735,17600.0
2,Nutrient,735,18180.0
2,Nutrient,735,16860.0
2,Nutrient,735,15010.0
2,Nutrient,735,15730.0
2,Nutrient,735,13920.0
2,Nutrient,735,25000.0
2,Nutrient,735,17600.0
2,Nutrient,735,7100.0
2,Nutrient,735,16700.0
2,Nutrient,735,4080.0
2,Nutrient,736,1290.0
2,Nutrient,736,2680.0
2,Nutrient,736,1250.0
2,Nutrient,736,4040.0
2,Nutrient,736,8000.0
2,Nutrient,736,3940.0
2,Nutrient,736,6150.0
2,Nutrient,736,7980.0
2,Nutrient,736,950.0
2,Nutrient,736,1530.0
2,Nutrient,736,1810.0
2,Nutrient,736,9820.0
2,Nutrient,736,8320.0
2,Nutrient,736,3180.0
2,Nutrient,736,10280.0
2,Nutrient,736,8820.0
2,Nutrient,736,4140.0
2,Nutrient,736,1030.0
2,Nutrient,736,980.0
2,Nutrient,736,910.0
2,Nutrient,736,2150.0
2,Nutrient,736,1960.0
2,Nutrient,737,1000.0
2,Nutrient,737,1000.0
2,Nutrient,737,4790.0
2,Nutrient,737,2400.0
2,Nutrient,737,3000.0
2,Nutrient,737,690.0
2,Nutrient,737,680.0
2,Nutrient,737,3000.0
2,Nutrient,737,1900.0
2,Nutrient,737,800.0
2,Nutrient,737,900.0
2,Nutrient,738,6840.0
2,Nutrient,739,4900.0
2,Nutrient,739,3610.0
2,Nutrient,739,980.0
2,Nutrient,739,1250.0
2,Nutrient,739,40000.0
2,Nutrient,739,4780.0
2,Nutrient,739,200.0
2,Nutrient,739,1500.0
2,Nutrient,739,800.0
2,Nutrient,739,100.0
2,Nutrient,739,4500.0
2,Nutrient,740,4530.0
2,Nutrient,740,5020.0
2,Nutrient,740,6900.0
2,Nutrient,740,3990.0
2,Nutrient,740,0.0
2,Nutrient,740,4130.0
2,Nutrient,740,2990.0
2,Nutrient,740,2950.0
2,Nutrient,742,9940.0
2,Nutrient,742,10440.0
2,Nutrient,742,6620.0
2,Nutrient,742,8280.0
2,Nutrient,743,2520.0
2,Nutrient,743,2700.0
2,Nutrient,744,12940.0
2,Nutrient,744,7290.0
2,Nutrient,744,9700.0
2,Nutrient,744,6400.0
2,Nutrient,744,3800.0
2,Nutrient,744,9300.0
2,Nutrient,744,2000.0
2,Nutrient,744,12000.0
2,Nutrient,744,9000.0
2,Nutrient,744,10720.0
2,Nutrient,744,12600.0
2,Nutrient,744,10870.0
2,Nutrient,744,8690.0
2,Nutrient,744,8690.0
2,Nutrient,744,9000.0
2,Nutrient,744,12600.0
2,Nutrient,745,7700.0
2,Nutrient,745,8100.0
2,Nutrient,745,4560.0
2,Nutrient,745,6600.0
2,Nutrient,745,4450.0
2,Nutrient,745,6560.0
2,Nutrient,745,7000.0
2,Nutrient,745,8500.0
2,Nutrient,745,7100.0
2,Nutrient,745,7740.0
2,Nutrient,745,9640.0
2,Nutrient,745,5060.0
2,Nutrient,745,7000.0
2,Nutrient,745,7000.0
2,Nutrient,745,7000.0
2,Nutrient,745,7100.0
2,Nutrient,745,5000.0
2,Nutrient,746,7790.0
2,Nutrient,746,8150.0
2,Nutrient,746,7190.0
2,Nutrient,746,7900.0
2,Nutrient,746,8700.0
2,Nutrient,746,11000.0
2,Nutrient,746,8440.0
2,Nutrient,746,11000.0
2,Nutrient,746,7800.0
2,Nutrient,746,6720.0
2,Nutrient,746,7790.0
2,Nutrient,746,8700.0
2,Nutrient,747,6030.0
2,Nutrient,747,7000.0
2,Nutrient,747,5800.0
2,Nutrient,747,6500.0
2,Nutrient,747,7700.0
2,Nutrient,747,5830.0
2,Nutrient,747,5760.0
2,Nutrient,747,7000.0
2,Nutrient,747,6600.0
2,Nutrient,748,430.0
2,Nutrient,749,4410.0
2,Nutrient,749,4080.0
2,Nutrient,749,3800.0
2,Nutrient,749,6600.0
2,Nutrient,749,8710.0
2,Nutrient,749,6710.0
2,Nutrient,749,8620.0
2,Nutrient,749,8820.0
2,Nutrient,749,6810.0
2,Nutrient,749,1420.0
2,Nutrient,749,17000.0
2,Nutrient,750,300.0
2,Nutrient,750,0.0
2,Nutrient,750,7800.0
2,Nutrient,750,1220.0
2,Nutrient,750,15670.0
2,Nutrient,750,830.0
2,Nutrient,750,85600.0
2,Nutrient,750,7800.0
2,Nutrient,750,55300.0
2,Nutrient,750,55300.0
2,Nutrient,751,3240.0
2,Nutrient,751,3060.0
2,Nutrient,751,2400.0
2,Nutrient,751,3200.0
2,Nutrient,751,0.0
2,Nutrient,751,3030.0
2,Nutrient,751,1000.0
2,Nutrient,752,13310.0
2,Nutrient,753,6690.0
2,Nutrient,753,8380.0
2,Nutrient,754,500.0
2,Nutrient,754,100.0
2,Nutrient,754,0.0
2,Nutrient,754,0.0
2,Nutrient,754,4290.0
2,Nutrient,754,3700.0
2,Nutrient,754,4290.0
2,Nutrient,754,5710.0
2,Nutrient,754,4410.0
2,Nutrient,754,500.0
2,Nutrient,754,1200.0
2,Nutrient,754,400.0
2,Nutrient,754,30.0
2,Nutrient,754,0.0
2,Nutrient,754,0.0
2,Nutrient,754,0.0
2,Nutrient,754,3600.0
2,Nutrient,754,5550.0
2,Nutrient,754,0.0
2,Nutrient,754,4310.0
2,Nutrient,754,3720.0
2,Nutrient,754,4090.0
2,Nutrient,754,5960.0
2,Nutrient,754,6210.0
2,Nutrient,754,5960.0
2,Nutrient,754,5160.0
2,Nutrient,754,1780.0
2,Nutrient,754,1370.0
2,Nutrient,754,3490.0
2,Nutrient,754,6400.0
2,Nutrient,754,4300.0
2,Nutrient,754,500.0
2,Nutrient,754,1410.0
2,Nutrient,754,4400.0
2,Nutrient,754,0.0
2,Nutrient,755,6540.0
2,Nutrient,755,6810.0
2,Nutrient,755,8260.0
2,Nutrient,755,6870.0
2,Nutrient,756,3120.0
2,Nutrient,757,6080.0
2,Nutrient,757,5330.0
2,Nutrient,757,9770.0
2,Nutrient,757,5200.0
2,Nutrient,757,10000.0
2,Nutrient,757,7800.0
2,Nutrient,757,6400.0
2,Nutrient,757,6100.0
2,Nutrient,757,10900.0
2,Nutrient,757,8900.0
2,Nutrient,757,12800.0
2,Nutrient,757,8500.0
2,Nutrient,757,6800.0
2,Nutrient,757,6000.0
2,Nutrient,757,5880.0
2,Nutrient,757,3560.0
2,Nutrient,757,6000.0
2,Nutrient,757,5870.0
2,Nutrient,757,4050.0
2,Nutrient,758,300.0
2,Nutrient,758,0.0
2,Nutrient,759,2760.0
2,Nutrient,759,2900.0
2,Nutrient,759,3150.0
2,Nutrient,759,2090.0
2,Nutrient,759,2300.0
2,Nutrient,759,3100.0
2,Nutrient,759,2600.0
2,Nutrient,759,3160.0
2,Nutrient,759,3280.0
2,Nutrient,759,2900.0
2,Nutrient,759,3530.0
2,Nutrient,759,2700.0
2,Nutrient,759,3250.0
2,Nutrient,759,100.0
2,Nutrient,759,2840.0
2,Nutrient,759,1450.0
2,Nutrient,759,0.0
2,Nutrient,759,2700.0
2,Nutrient,759,2760.0
2,Nutrient,759,300.0
2,Nutrient,759,2800.0
2,Nutrient,759,3290.0
2,Nutrient,759,2880.0
2,Nutrient,759,2940.0
2,Nutrient,759,1950.0
2,Nutrient,759,3100.0
2,Nutrient,759,2020.0
2,Nutrient,759,1440.0
2,Nutrient,759,1930.0
2,Nutrient,759,0.0
2,Nutrient,759,2620.0
2,Nutrient,759,0.0
2,Nutrient,759,2740.0
2,Nutrient,759,900.0
2,Nutrient,759,2900.0
2,Nutrient,759,1000.0
2,Nutrient,759,3000.0
2,Nutrient,759,0.0
2,Nutrient,759,2700.0
2,Nutrient,759,100.0
2,Nutrient,759,650.0
2,Nutrient,759,0.0
2,Nutrient,759,0.0
2,Nutrient,759,100.0
2,Nutrient,759,100.0
2,Nutrient,759,300.0
2,Nutrient,759,5300.0
2,Nutrient,759,10080.0
2,Nutrient,759,1600.0
2,Nutrient,759,810.0
2,Nutrient,760,6470.0
2,Nutrient,760,7900.0
2,Nutrient,760,7190.0
2,Nutrient,760,6800.0
2,Nutrient,760,7060.0
2,Nutrient,760,6280.0
2,Nutrient,760,5950.0
2,Nutrient,760,6830.0
2,Nutrient,760,6580.0
2,Nutrient,760,7420.0
2,Nutrient,760,6920.0
2,Nutrient,760,6710.0
2,Nutrient,760,5710.0
2,Nutrient,760,5700.0
2,Nutrient,760,6000.0
2,Nutrient,761,3100.0
2,Nutrient,761,500.0
2,Nutrient,761,3270.0
2,Nutrient,761,2600.0
2,Nutrient,761,2260.0
2,Nutrient,761,2260.0
2,Nutrient,761,2900.0
2,Nutrient,761,3200.0
2,Nutrient,761,1600.0
2,Nutrient,761,2860.0
2,Nutrient,761,2940.0
2,Nutrient,761,2380.0
2,Nutrient,761,2100.0
2,Nutrient,761,2620.0
2,Nutrient,761,1650.0
2,Nutrient,761,2470.0
2,Nutrient,761,2470.0
2,Nutrient,761,2880.0
2,Nutrient,761,2470.0
2,Nutrient,761,2060.0
2,Nutrient,761,2470.0
2,Nutrient,761,2470.0
2,Nutrient,761,2060.0
2,Nutrient,761,2880.0
2,Nutrient,761,2470.0
2,Nutrient,761,2470.0
2,Nutrient,761,2880.0
2,Nutrient,761,2470.0
2,Nutrient,761,2460.0
2,Nutrient,761,2470.0
2,Nutrient,761,2060.0
2,Nutrient,761,2060.0
2,Nutrient,762,15840.0
2,Nutrient,762,22900.0
2,Nutrient,762,12000.0
2,Nutrient,762,13600.0
2,Nutrient,762,11120.0
2,Nutrient,762,11800.0
2,Nutrient,762,17300.0
2,Nutrient,762,11230.0
2,Nutrient,762,18400.0
2,Nutrient,762,12070.0
2,Nutrient,762,14920.0
2,Nutrient,762,13850.0
2,Nutrient,762,13100.0
2,Nutrient,762,9900.0
2,Nutrient,762,9600.0
2,Nutrient,762,21000.0
2,Nutrient,763,500.0
2,Nutrient,764,0.0
2,Nutrient,764,60.0
2,Nutrient,764,600.0
2,Nutrient,764,420.0
2,Nutrient,764,300.0
2,Nutrient,765,12760.0
2,Nutrient,765,3790.0
2,Nutrient,766,12290.0
2,Nutrient,766,3080.0
2,Nutrient,767,9300.0
2,Nutrient,767,90.0
2,Nutrient,767,6010.0
2,Nutrient,767,100.0
2,Nutrient,767,3300.0
2,Nutrient,767,4500.0
2,Nutrient,768,9000.0
2,Nutrient,768,9000.0
2,Nutrient,769,11270.0
2,Nutrient,769,10960.0
2,Nutrient,769,9530.0
2,Nutrient,769,8150.0
2,Nutrient,770,9200.0
2,Nutrient,770,1600.0
2,Nutrient,770,12680.0
2,Nutrient,770,12680.0
2,Nutrient,771,190.0
2,Nutrient,772,6670.0
2,Nutrient,772,7150.0
2,Nutrient,772,11650.0
2,Nutrient,772,4780.0
2,Nutrient,773,15050.0
2,Nutrient,774,4940.0
2,Nutrient,774,6160.0
2,Nutrient,774,4030.0
2,Nutrient,774,5880.0
2,Nutrient,774,2210.0
2,Nutrient,775,10600.0
2,Nutrient,775,11850.0
2,Nutrient,775,9600.0
2,Nutrient,776,900.0
2,Nutrient,776,18010.0
2,Nutrient,776,8680.0
2,Nutrient,776,16180.0
2,Nutrient,776,11640.0
2,Nutrient,776,7660.0
2,Nutrient,776,6500.0
2,Nutrient,776,15270.0
2,Nutrient,776,23880.0
2,Nutrient,777,5910.0
2,Nutrient,777,6210.0
2,Nutrient,777,9270.0
2,Nutrient,778,55500.0
2,Nutrient,778,10000.0
2,Nutrient,779,45710.0
2,Nutrient,779,50000.0
2,Nutrient,779,4400.0
2,Nutrient,779,0.0
2,Nutrient,779,0.0
2,Nutrient,779,0.0
2,Nutrient,779,0.0
2,Nutrient,779,3500.0
2,Nutrient,779,50.0
2,Nutrient,779,3430.0
2,Nutrient,779,0.0
2,Nutrient,779,5160.0
2,Nutrient,780,13250.0
2,Nutrient,780,12900.0
2,Nutrient,780,10720.0
2,Nutrient,780,11260.0
2,Nutrient,780,15470.0
2,Nutrient,780,18310.0
2,Nutrient,780,14870.0
2,Nutrient,780,9580.0
2,Nutrient,780,13260.0
2,Nutrient,780,11600.0
2,Nutrient,780,12420.0
2,Nutrient,780,13780.0
2,Nutrient,780,14730.0
2,Nutrient,780,12570.0
2,Nutrient,780,10770.0
2,Nutrient,780,8410.0
2,Nutrient,780,12030.0
2,Nutrient,780,11080.0
2,Nutrient,780,14160.0
2,Nutrient,780,12080.0
2,Nutrient,780,17190.0
2,Nutrient,780,15380.0
2,Nutrient,780,16700.0
2,Nutrient,780,14700.0
2,Nutrient,780,17190.0
2,Nutrient,780,15380.0
2,Nutrient,780,17340.0
2,Nutrient,780,8900.0
2,Nutrient,780,9160.0
2,Nutrient,780,9320.0
2,Nutrient,781,3000.0
2,Nutrient,781,500.0
2,Nutrient,781,2000.0
2,Nutrient,781,300.0
2,Nutrient,781,1740.0
2,Nutrient,781,1740.0
2,Nutrient,782,3990.0
2,Nutrient,782,8530.0
2,Nutrient,782,11330.0
2,Nutrient,782,10640.0
2,Nutrient,782,11130.0
2,Nutrient,782,12120.0
2,Nutrient,782,12010.0
2,Nutrient,782,11850.0
2,Nutrient,782,9670.0
2,Nutrient,782,10070.0
2,Nutrient,782,12580.0
2,Nutrient,782,12450.0
2,Nutrient,782,12690.0
2,Nutrient,782,13280.0
2,Nutrient,782,13530.0
2,Nutrient,782,13380.0
2,Nutrient,782,10690.0
2,Nutrient,782,14170.0
2,Nutrient,782,13460.0
2,Nutrient,782,12030.0
2,Nutrient,782,8410.0
2,Nutrient,782,10770.0
2,Nutrient,782,10160.0
2,Nutrient,782,12650.0
2,Nutrient,782,12660.0
2,Nutrient,782,12590.0
2,Nutrient,782,13450.0
2,Nutrient,782,9620.0
2,Nutrient,782,11270.0
2,Nutrient,782,7560.0
2,Nutrient,782,12310.0
2,Nutrient,782,13730.0
2,Nutrient,782,10350.0
2,Nutrient,782,13970.0
2,Nutrient,782,12980.0
2,Nutrient,782,15950.0
2,Nutrient,783,2000.0
2,Nutrient,784,11760.0
2,Nutrient,784,3380.0
2,Nutrient,784,5980.0
2,Nutrient,784,14970.0
2,Nutrient,784,6070.0
2,Nutrient,784,5600.0
2,Nutrient,784,7040.0
2,Nutrient,784,5840.0
2,Nutrient,784,6470.0
2,Nutrient,784,7030.0
2,Nutrient,784,5950.0
2,Nutrient,785,280.0
2,Nutrient,786,1780.0
2,Nutrient,787,7700.0
2,Nutrient,787,6160.0
2,Nutrient,788,200.0
2,Nutrient,788,0.0
2,Nutrient,788,200.0
2,Nutrient,788,0.0
2,Nutrient,788,600.0
2,Nutrient,788,160.0
2,Nutrient,788,170.0
2,Nutrient,788,410.0
2,Nutrient,788,0.0
2,Nutrient,788,200.0
2,Nutrient,788,200.0
2,Nutrient,788,1200.0
2,Nutrient,788,340.0
2,Nutrient,788,0.0
2,Nutrient,788,0.0
2,Nutrient,788,200.0
2,Nutrient,788,60.0
2,Nutrient,788,300.0
2,Nutrient,788,200.0
2,Nutrient,788,1300.0
2,Nutrient,788,300.0
2,Nutrient,788,70.0
2,Nutrient,788,0.0
2,Nutrient,788,130.0
2,Nutrient,788,130.0
2,Nutrient,788,810.0
2,Nutrient,788,420.0
2,Nutrient,788,100.0
2,Nutrient,788,80.0
2,Nutrient,789,300.0
2,Nutrient,789,1500.0
2,Nutrient,789,370.0
2,Nutrient,789,630.0
2,Nutrient,789,1500.0
2,Nutrient,790,2700.0
2,Nutrient,790,400.0
2,Nutrient,790,340.0
2,Nutrient,790,460.0
2,Nutrient,790,410.0
2,Nutrient,790,1100.0
2,Nutrient,791,420.0
2,Nutrient,791,460.0
2,Nutrient,791,400.0
2,Nutrient,791,400.0
2,Nutrient,791,390.0
2,Nutrient,791,390.0
2,Nutrient,791,350.0
2,Nutrient,791,510.0
2,Nutrient,791,340.0
2,Nutrient,791,340.0
2,Nutrient,791,330.0
2,Nutrient,791,370.0
2,Nutrient,791,2460.0
2,Nutrient,791,1420.0
2,Nutrient,791,410.0
2,Nutrient,791,470.0
2,Nutrient,792,2640.0
2,Nutrient,792,2940.0
2,Nutrient,792,2640.0
2,Nutrient,792,2350.0
2,Nutrient,792,2350.0
2,Nutrient,792,2350.0
2,Nutrient,792,2350.0
2,Nutrient,792,2350.0
2,Nutrient,792,2350.0
2,Nutrient,792,2350.0
2,Nutrient,792,3500.0
2,Nutrient,793,1200.0
2,Nutrient,793,10680.0
2,Nutrient,793,38110.0
2,Nutrient,793,18530.0
2,Nutrient,793,15700.0
2,Nutrient,793,19400.0
2,Nutrient,793,23100.0
2,Nutrient,793,16300.0
2,Nutrient,793,10200.0
2,Nutrient,793,22200.0
2,Nutrient,793,21900.0
2,Nutrient,793,15100.0
2,Nutrient,793,21300.0
2,Nutrient,793,10400.0
2,Nutrient,793,19400.0
2,Nutrient,793,14700.0
2,Nutrient,793,13400.0
2,Nutrient,793,14300.0
2,Nutrient,793,15800.0
2,Nutrient,793,18100.0
2,Nutrient,793,10200.0
2,Nutrient,793,15000.0
2,Nutrient,793,14500.0
2,Nutrient,793,19900.0
2,Nutrient,793,20700.0
2,Nutrient,793,18600.0
2,Nutrient,793,14600.0
2,Nutrient,793,23600.0
2,Nutrient,793,16100.0
2,Nutrient,793,18600.0
2,Nutrient,793,16000.0
2,Nutrient,793,23700.0
2,Nutrient,793,20200.0
2,Nutrient,793,19600.0
2,Nutrient,793,18500.0
2,Nutrient,793,19700.0
2,Nutrient,793,12400.0
2,Nutrient,793,17800.0
2,Nutrient,793,22100.0
2,Nutrient,793,12400.0
2,Nutrient,793,19200.0
2,Nutrient,793,23900.0
2,Nutrient,793,24000.0
2,Nutrient,793,10900.0
2,Nutrient,793,11600.0
2,Nutrient,793,15500.0
2,Nutrient,793,14500.0
2,Nutrient,793,14400.0
2,Nutrient,793,11800.0
2,Nutrient,793,13600.0
2,Nutrient,793,14700.0
2,Nutrient,793,11200.0
2,Nutrient,793,13200.0
2,Nutrient,793,26800.0
2,Nutrient,793,20200.0
2,Nutrient,793,6600.0
2,Nutrient,793,12500.0
2,Nutrient,793,5100.0
2,Nutrient,793,12500.0
2,Nutrient,793,4400.0
2,Nutrient,793,3100.0
2,Nutrient,793,7500.0
2,Nutrient,793,13100.0
2,Nutrient,793,5600.0
2,Nutrient,793,6400.0
2,Nutrient,793,17500.0
2,Nutrient,793,3800.0
2,Nutrient,793,17500.0
2,Nutrient,793,6300.0
2,Nutrient,793,5500.0
2,Nutrient,793,4600.0
2,Nutrient,793,26300.0
2,Nutrient,793,12800.0
2,Nutrient,793,17500.0
2,Nutrient,793,13100.0
2,Nutrient,793,19500.0
2,Nutrient,793,14100.0
2,Nutrient,793,21800.0
2,Nutrient,793,7100.0
2,Nutrient,793,5000.0
2,Nutrient,793,22800.0
2,Nutrient,793,4900.0
2,Nutrient,793,8700.0
2,Nutrient,793,17800.0
2,Nutrient,793,17800.0
2,Nutrient,793,16300.0
2,Nutrient,793,25800.0
2,Nutrient,793,16100.0
2,Nutrient,793,20000.0
2,Nutrient,793,21500.0
2,Nutrient,793,23640.0
2,Nutrient,793,23000.0
2,Nutrient,793,19610.0
2,Nutrient,793,17780.0
2,Nutrient,793,21000.0
2,Nutrient,793,23000.0
2,Nutrient,793,8000.0
2,Nutrient,793,32000.0
2,Nutrient,793,21280.0
2,Nutrient,795,13830.0
2,Nutrient,795,14400.0
2,Nutrient,795,17940.0
2,Nutrient,795,17500.0
2,Nutrient,795,12500.0
2,Nutrient,795,22810.0
2,Nutrient,795,12590.0
2,Nutrient,795,15380.0
2,Nutrient,795,15700.0
2,Nutrient,795,13500.0
2,Nutrient,795,13240.0
2,Nutrient,795,15230.0
2,Nutrient,795,12500.0
2,Nutrient,795,13400.0
2,Nutrient,795,15230.0
2,Nutrient,795,19000.0
2,Nutrient,796,17300.0
2,Nutrient,796,20040.0
2,Nutrient,796,15520.0
2,Nutrient,796,13820.0
2,Nutrient,796,11190.0
2,Nutrient,796,13110.0
2,Nutrient,796,17300.0
2,Nutrient,796,20040.0
2,Nutrient,796,15520.0
2,Nutrient,797,0.0
2,Nutrient,797,0.0
2,Nutrient,797,0.0
2,Nutrient,797,0.0
2,Nutrient,797,0.0
2,Nutrient,797,0.0
2,Nutrient,798,0.0
2,Nutrient,799,0.0
2,Nutrient,800,0.0
2,Nutrient,800,
2,Nutrient,801,0.0
2,Nutrient,802,0.0
2,Nutrient,803,7100.0
2,Nutrient,804,0.0
2,Nutrient,804,0.0
2,Nutrient,804,0.0
2,Nutrient,804,260.0
2,Nutrient,804,0.0
2,Nutrient,804,0.0
2,Nutrient,804,0.0
2,Nutrient,805,4200.0
2,Nutrient,805,6900.0
2,Nutrient,805,6700.0
2,Nutrient,805,6160.0
2,Nutrient,805,6500.0
2,Nutrient,805,6400.0
2,Nutrient,805,5100.0
2,Nutrient,805,4100.0
2,Nutrient,805,3700.0
2,Nutrient,805,5700.0
2,Nutrient,805,3900.0
2,Nutrient,805,5100.0
2,Nutrient,805,6080.0
2,Nutrient,805,5520.0
2,Nutrient,805,3410.0
2,Nutrient,805,6100.0
2,Nutrient,805,2970.0
2,Nutrient,806,100.0
2,Nutrient,806,370.0
2,Nutrient,806,820.0
2,Nutrient,806,410.0
2,Nutrient,807,1900.0
2,Nutrient,807,2400.0
2,Nutrient,807,3400.0
2,Nutrient,807,4400.0
2,Nutrient,807,1800.0
2,Nutrient,807,2700.0
2,Nutrient,807,2000.0
2,Nutrient,807,2800.0
2,Nutrient,807,2600.0
2,Nutrient,807,3500.0
2,Nutrient,807,2100.0
2,Nutrient,807,2800.0
2,Nutrient,807,5900.0
2,Nutrient,807,5500.0
2,Nutrient,807,3000.0
2,Nutrient,807,1500.0
2,Nutrient,807,3800.0
2,Nutrient,807,2600.0
2,Nutrient,807,1900.0
2,Nutrient,807,4500.0
2,Nutrient,807,4900.0
2,Nutrient,807,3900.0
2,Nutrient,807,4500.0
2,Nutrient,807,4800.0
2,Nutrient,807,1900.0
2,Nutrient,807,3000.0
2,Nutrient,807,3000.0
2,Nutrient,807,2170.0
2,Nutrient,808,0.0
2,Nutrient,808,0.0
2,Nutrient,808,0.0
2,Nutrient,808,0.0
2,Nutrient,808,0.0
2,Nutrient,808,0.0
2,Nutrient,808,0.0
2,Nutrient,808,0.0
2,Nutrient,808,0.0
2,Nutrient,808,0.0
2,Nutrient,808,0.0
2,Nutrient,808,0.0
2,Nutrient,808,0.0
2,Nutrient,808,0.0
2,Nutrient,808,0.0
2,Nutrient,808,0.0
2,Nutrient,808,0.0
2,Nutrient,808,0.0
2,Nutrient,808,0.0
2,Nutrient,809,0.0
2,Nutrient,809,0.0
2,Nutrient,809,0.0
2,Nutrient,810,5210.0
2,Nutrient,810,8100.0
2,Nutrient,810,7900.0
2,Nutrient,811,0.0
2,Nutrient,812,9500.0
2,Nutrient,812,1700.0
2,Nutrient,812,10930.0
2,Nutrient,812,12410.0
2,Nutrient,812,10000.0
2,Nutrient,812,12300.0
2,Nutrient,812,13100.0
2,Nutrient,812,12100.0
2,Nutrient,812,11600.0
2,Nutrient,812,12900.0
2,Nutrient,812,7600.0
2,Nutrient,812,13500.0
2,Nutrient,812,9200.0
2,Nutrient,812,9600.0
2,Nutrient,812,9000.0
2,Nutrient,812,9500.0
2,Nutrient,812,6600.0
2,Nutrient,812,9300.0
2,Nutrient,812,11470.0
2,Nutrient,812,8950.0
2,Nutrient,812,9800.0
2,Nutrient,812,13500.0
2,Nutrient,812,10580.0
2,Nutrient,812,9300.0
2,Nutrient,812,10000.0
2,Nutrient,812,12100.0
2,Nutrient,812,9500.0
2,Nutrient,812,9200.0
2,Nutrient,812,7400.0
2,Nutrient,812,8600.0
2,Nutrient,812,8800.0
2,Nutrient,812,10100.0
2,Nutrient,812,10500.0
2,Nutrient,812,6990.0
2,Nutrient,812,7230.0
2,Nutrient,812,8920.0
2,Nutrient,812,11340.0
2,Nutrient,812,9340.0
2,Nutrient,812,14250.0
2,Nutrient,812,7010.0
2,Nutrient,812,7190.0
2,Nutrient,812,10000.0
2,Nutrient,812,7140.0
2,Nutrient,812,8700.0
2,Nutrient,812,9100.0
2,Nutrient,812,9800.0
2,Nutrient,812,11000.0
2,Nutrient,812,10600.0
2,Nutrient,812,9500.0
2,Nutrient,812,10500.0
2,Nutrient,813,560.0
2,Nutrient,813,660.0
2,Nutrient,813,3066.25
2,Nutrient,814,440.0
2,Nutrient,815,17720.0
2,Nutrient,816,2480.0
2,Nutrient,816,3410.0
2,Nutrient,816,4520.0
2,Nutrient,817,8060.0
2,Nutrient,818,5050.0
2,Nutrient,818,4370.0
2,Nutrient,818,13500.0
2,Nutrient,818,4170.0
2,Nutrient,818,4170.0
2,Nutrient,818,2220.0
2,Nutrient,819,5030.0
2,Nutrient,819,5070.0
2,Nutrient,819,2640.0
2,Nutrient,819,2600.0
2,Nutrient,819,4310.0
2,Nutrient,819,4310.0
2,Nutrient,819,5070.0
2,Nutrient,819,4310.0
2,Nutrient,820,6280.0
2,Nutrient,820,13190.0
2,Nutrient,820,3480.0
2,Nutrient,820,7350.0
2,Nutrient,822,7100.0
2,Nutrient,823,290.0
2,Nutrient,823,290.0
2,Nutrient,824,6810.0
2,Nutrient,824,7550.0
2,Nutrient,824,6810.0
2,Nutrient,824,6810.0
2,Nutrient,825,8470.0
2,Nutrient,825,9070.0
2,Nutrient,826,3400.0
2,Nutrient,826,21700.0
2,Nutrient,826,9000.0
2,Nutrient,829,9100.0
2,Nutrient,829,9800.0
2,Nutrient,829,9100.0
2,Nutrient,830,8770.0
2,Nutrient,831,10020.0
2,Nutrient,831,11140.0
2,Nutrient,831,10600.0
2,Nutrient,831,9800.0
2,Nutrient,831,10600.0
2,Nutrient,831,10700.0
2,Nutrient,831,10500.0
2,Nutrient,831,10500.0
2,Nutrient,831,10500.0
2,Nutrient,831,10200.0
2,Nutrient,832,10700.0
2,Nutrient,832,1900.0
2,Nutrient,832,6100.0
2,Nutrient,832,1000.0
2,Nutrient,832,13350.0
2,Nutrient,832,11000.0
2,Nutrient,832,3200.0
2,Nutrient,832,10000.0
2,Nutrient,832,2900.0
2,Nutrient,832,11900.0
2,Nutrient,832,10800.0
2,Nutrient,832,14130.0
2,Nutrient,832,7690.0
2,Nutrient,834,9060.0
2,Nutrient,834,3100.0
2,Nutrient,835,7400.0
2,Nutrient,835,7700.0
2,Nutrient,835,7660.0
2,Nutrient,835,6000.0
2,Nutrient,835,6000.0
2,Nutrient,836,8300.0
2,Nutrient,836,1400.0
2,Nutrient,836,8200.0
2,Nutrient,836,1400.0
2,Nutrient,836,9700.0
2,Nutrient,836,1700.0
2,Nutrient,836,8000.0
2,Nutrient,836,1400.0
2,Nutrient,836,7200.0
2,Nutrient,836,1300.0
2,Nutrient,836,8300.0
2,Nutrient,836,1500.0
2,Nutrient,836,8700.0
2,Nutrient,836,1500.0
2,Nutrient,836,9400.0
2,Nutrient,836,1700.0
2,Nutrient,836,9300.0
2,Nutrient,836,1600.0
2,Nutrient,836,8000.0
2,Nutrient,836,1400.0
2,Nutrient,836,9000.0
2,Nutrient,836,1600.0
2,Nutrient,836,8100.0
2,Nutrient,836,1400.0
2,Nutrient,836,9800.0
2,Nutrient,836,1720.0
2,Nutrient,836,8200.0
2,Nutrient,836,1400.0
2,Nutrient,836,8200.0
2,Nutrient,836,1400.0
2,Nutrient,836,9000.0
2,Nutrient,836,1500.0
2,Nutrient,836,8800.0
2,Nutrient,836,1500.0
2,Nutrient,836,8500.0
2,Nutrient,836,1500.0
2,Nutrient,836,8000.0
2,Nutrient,836,1400.0
2,Nutrient,836,8700.0
2,Nutrient,836,11750.0
2,Nutrient,836,13000.0
2,Nutrient,836,13320.0
2,Nutrient,836,8700.0
2,Nutrient,836,10370.0
2,Nutrient,836,12960.0
2,Nutrient,836,8800.0
2,Nutrient,836,9600.0
2,Nutrient,836,9150.0
2,Nutrient,836,9000.0
2,Nutrient,836,7700.0
2,Nutrient,836,7900.0
2,Nutrient,836,12950.0
2,Nutrient,836,16270.0
2,Nutrient,836,8400.0
2,Nutrient,836,9200.0
2,Nutrient,836,8600.0
2,Nutrient,836,8700.0
2,Nutrient,836,10700.0
2,Nutrient,836,8200.0
2,Nutrient,836,9000.0
2,Nutrient,836,10660.0
2,Nutrient,837,5700.0
2,Nutrient,837,1000.0
2,Nutrient,837,6200.0
2,Nutrient,837,1100.0
2,Nutrient,837,6800.0
2,Nutrient,837,1200.0
2,Nutrient,837,5000.0
2,Nutrient,837,900.0
2,Nutrient,837,9000.0
2,Nutrient,837,1500.0
2,Nutrient,837,6500.0
2,Nutrient,837,1100.0
2,Nutrient,837,6200.0
2,Nutrient,837,1100.0
2,Nutrient,837,4900.0
2,Nutrient,837,800.0
2,Nutrient,837,6900.0
2,Nutrient,837,1200.0
2,Nutrient,837,8700.0
2,Nutrient,837,9500.0
2,Nutrient,837,9100.0
2,Nutrient,837,8500.0
2,Nutrient,837,9400.0
2,Nutrient,837,10300.0
2,Nutrient,837,10800.0
2,Nutrient,838,10400.0
2,Nutrient,838,11400.0
2,Nutrient,838,8400.0
2,Nutrient,838,9200.0
2,Nutrient,838,8000.0
2,Nutrient,838,9500.0
2,Nutrient,838,7600.0
2,Nutrient,838,9500.0
2,Nutrient,839,12500.0
2,Nutrient,840,7000.0
2,Nutrient,840,7200.0
2,Nutrient,840,6700.0
2,Nutrient,840,7000.0
2,Nutrient,841,7650.0
2,Nutrient,841,1710.0
2,Nutrient,841,7310.0
2,Nutrient,841,1580.0
2,Nutrient,841,8370.0
2,Nutrient,841,9850.0
2,Nutrient,841,8800.0
2,Nutrient,841,6720.0
2,Nutrient,841,8800.0
2,Nutrient,841,1710.0
2,Nutrient,841,1420.0
2,Nutrient,841,1400.0
2,Nutrient,841,1230.0
2,Nutrient,841,1230.0
2,Nutrient,841,1420.0
2,Nutrient,841,1420.0
2,Nutrient,841,8090.0
2,Nutrient,841,8530.0
2,Nutrient,841,8260.0
2,Nutrient,841,8530.0
2,Nutrient,841,9930.0
2,Nutrient,841,10290.0
2,Nutrient,841,8900.0
2,Nutrient,841,10830.0
2,Nutrient,842,13360.0
2,Nutrient,842,14520.0
2,Nutrient,843,8900.0
2,Nutrient,843,9700.0
2,Nutrient,844,9420.0
2,Nutrient,845,7900.0
2,Nutrient,845,8600.0
2,Nutrient,845,7900.0
2,Nutrient,846,9800.0
2,Nutrient,848,13800.0
2,Nutrient,848,6300.0
2,Nutrient,848,14200.0
2,Nutrient,848,13800.0
2,Nutrient,848,14200.0
2,Nutrient,849,120.0
2,Nutrient,850,0.0
2,Nutrient,850,0.0
2,Nutrient,850,3600.0
2,Nutrient,850,30.0
2,Nutrient,850,220.0
2,Nutrient,850,70.0
2,Nutrient,850,0.0
2,Nutrient,850,0.0
2,Nutrient,850,0.0
2,Nutrient,850,0.0
2,Nutrient,850,100.0
2,Nutrient,850,3000.0
2,Nutrient,850,0.0
2,Nutrient,850,0.0
2,Nutrient,850,3600.0
2,Nutrient,850,100.0
2,Nutrient,850,30.0
2,Nutrient,850,400.0
2,Nutrient,850,120.0
2,Nutrient,850,0.0
2,Nutrient,850,0.0
2,Nutrient,850,0.0
2,Nutrient,850,220.0
2,Nutrient,850,50.0
2,Nutrient,850,40.0
2,Nutrient,850,0.0
2,Nutrient,850,0.0
2,Nutrient,850,0.0
2,Nutrient,850,0.0
2,Nutrient,850,450.0
2,Nutrient,850,200.0
2,Nutrient,850,250.0
2,Nutrient,850,0.0
2,Nutrient,851,2100.0
2,Nutrient,851,300.0
2,Nutrient,851,630.0
2,Nutrient,851,820.0
2,Nutrient,851,600.0
2,Nutrient,852,7500.0
2,Nutrient,852,480.0
2,Nutrient,853,0.0
2,Nutrient,853,0.0
2,Nutrient,853,0.0
2,Nutrient,853,0.0
2,Nutrient,853,0.0
2,Nutrient,853,0.0
2,Nutrient,853,0.0
2,Nutrient,853,0.0
2,Nutrient,853,0.0
2,Nutrient,853,0.0
2,Nutrient,853,0.0
2,Nutrient,853,0.0
2,Nutrient,853,0.0
2,Nutrient,853,0.0
2,Nutrient,853,100.0
2,Nutrient,853,90.0
2,Nutrient,853,50.0
2,Nutrient,853,120.0
2,Nutrient,853,0.0
2,Nutrient,853,0.0
2,Nutrient,853,0.0
2,Nutrient,853,0.0
2,Nutrient,853,100.0
2,Nutrient,853,0.0
2,Nutrient,853,0.0
2,Nutrient,853,0.0
2,Nutrient,853,0.0
2,Nutrient,853,70.0
2,Nutrient,853,110.0
2,Nutrient,853,0.0
2,Nutrient,853,0.0
2,Nutrient,854,4000.0
2,Nutrient,854,4000.0
2,Nutrient,854,4400.0
2,Nutrient,854,3000.0
2,Nutrient,854,3000.0
2,Nutrient,855,3050.0
2,Nutrient,855,3860.0
2,Nutrient,855,3400.0
2,Nutrient,855,3370.0
2,Nutrient,855,3400.0
2,Nutrient,855,3190.0
2,Nutrient,855,3470.0
2,Nutrient,855,3690.0
2,Nutrient,855,3510.0
2,Nutrient,855,23500.0
2,Nutrient,856,4140.0
2,Nutrient,857,0.0
2,Nutrient,858,5590.0
2,Nutrient,858,11720.0
2,Nutrient,858,11510.0
2,Nutrient,859,11310.0
2,Nutrient,860,5480.0
2,Nutrient,861,3800.0
2,Nutrient,862,9070.0
2,Nutrient,863,7900.0
2,Nutrient,863,690.0
2,Nutrient,864,10990.0
2,Nutrient,864,12470.0
2,Nutrient,865,8300.0
2,Nutrient,865,1300.0
2,Nutrient,865,9700.0
2,Nutrient,865,1600.0
2,Nutrient,865,8500.0
2,Nutrient,865,1400.0
2,Nutrient,865,14230.0
2,Nutrient,865,16640.0
2,Nutrient,865,2330.0
2,Nutrient,865,4420.0
2,Nutrient,865,7890.0
2,Nutrient,865,8500.0
2,Nutrient,865,18750.0
2,Nutrient,865,6810.0
2,Nutrient,865,8730.0
2,Nutrient,865,5650.0
2,Nutrient,865,10280.0
2,Nutrient,865,10490.0
2,Nutrient,865,7910.0
2,Nutrient,865,14890.0
2,Nutrient,865,12020.0
2,Nutrient,865,3200.0
2,Nutrient,865,4640.0
2,Nutrient,865,3960.0
2,Nutrient,865,3500.0
2,Nutrient,865,8020.0
2,Nutrient,865,4670.0
2,Nutrient,865,7080.0
2,Nutrient,865,10770.0
2,Nutrient,865,12900.0
2,Nutrient,865,9760.0
2,Nutrient,865,5900.0
2,Nutrient,865,10100.0
2,Nutrient,865,6760.0
2,Nutrient,866,6500.0
2,Nutrient,866,7250.0
2,Nutrient,866,6080.0
2,Nutrient,867,12600.0
2,Nutrient,867,13300.0
2,Nutrient,867,6970.0
2,Nutrient,868,7080.0
2,Nutrient,868,7200.0
2,Nutrient,868,6150.0
2,Nutrient,869,2390.0
2,Nutrient,869,4380.0
2,Nutrient,869,3780.0
2,Nutrient,869,1050.0
2,Nutrient,869,3000.0
2,Nutrient,869,3240.0
2,Nutrient,869,2260.0
2,Nutrient,870,4130.0
2,Nutrient,870,5400.0
2,Nutrient,870,6190.0
2,Nutrient,870,8510.0
2,Nutrient,870,8780.0
2,Nutrient,870,6620.0
2,Nutrient,870,5400.0
2,Nutrient,870,8100.0
2,Nutrient,870,7700.0
2,Nutrient,870,7500.0
2,Nutrient,870,12820.0
2,Nutrient,870,4010.0
2,Nutrient,870,4600.0
2,Nutrient,870,10220.0
2,Nutrient,870,2500.0
2,Nutrient,870,5000.0
2,Nutrient,870,7530.0
2,Nutrient,870,4910.0
2,Nutrient,870,9180.0
2,Nutrient,870,8040.0
2,Nutrient,870,5540.0
2,Nutrient,870,11280.0
2,Nutrient,870,4280.0
2,Nutrient,870,3820.0
2,Nutrient,870,15250.0
2,Nutrient,870,5400.0
2,Nutrient,870,5810.0
2,Nutrient,870,6350.0
2,Nutrient,870,8210.0
2,Nutrient,870,6860.0
2,Nutrient,870,8930.0
2,Nutrient,870,7300.0
2,Nutrient,870,3200.0
2,Nutrient,871,7910.0
2,Nutrient,872,500.0
2,Nutrient,872,100.0
2,Nutrient,872,500.0
2,Nutrient,872,100.0
2,Nutrient,872,800.0
2,Nutrient,872,100.0
2,Nutrient,872,100.0
2,Nutrient,872,0.0
2,Nutrient,872,800.0
2,Nutrient,872,100.0
2,Nutrient,872,800.0
2,Nutrient,872,100.0
2,Nutrient,872,900.0
2,Nutrient,872,160.0
2,Nutrient,872,220.0
2,Nutrient,872,160.0
2,Nutrient,872,220.0
2,Nutrient,872,160.0
2,Nutrient,872,260.0
2,Nutrient,872,200.0
2,Nutrient,872,1900.0
2,Nutrient,872,180.0
2,Nutrient,872,410.0
2,Nutrient,872,160.0
2,Nutrient,872,220.0
2,Nutrient,872,160.0
2,Nutrient,873,400.0
2,Nutrient,873,100.0
2,Nutrient,873,510.0
2,Nutrient,873,310.0
2,Nutrient,873,1000.0
2,Nutrient,873,120.0
2,Nutrient,873,170.0
2,Nutrient,873,600.0
2,Nutrient,873,170.0
2,Nutrient,873,1500.0
2,Nutrient,873,300.0
2,Nutrient,873,2000.0
2,Nutrient,873,100.0
2,Nutrient,873,0.0
2,Nutrient,873,0.0
2,Nutrient,873,0.0
2,Nutrient,873,140.0
2,Nutrient,873,20.0
2,Nutrient,873,0.0
2,Nutrient,873,0.0
2,Nutrient,873,130.0
2,Nutrient,873,70.0
2,Nutrient,873,0.0
2,Nutrient,873,510.0
2,Nutrient,873,120.0
2,Nutrient,873,170.0
2,Nutrient,873,600.0
2,Nutrient,873,170.0
2,Nutrient,873,0.0
2,Nutrient,873,0.0
2,Nutrient,873,900.0
2,Nutrient,873,1000.0
2,Nutrient,874,4860.0
2,Nutrient,874,7900.0
2,Nutrient,876,2030.0
2,Nutrient,876,2050.0
2,Nutrient,877,2870.0
2,Nutrient,877,5060.0
2,Nutrient,877,8900.0
2,Nutrient,877,2300.0
2,Nutrient,877,7770.0
2,Nutrient,877,2120.0
2,Nutrient,877,5060.0
2,Nutrient,877,2870.0
2,Nutrient,878,1750.0
2,Nutrient,878,1600.0
2,Nutrient,880,10700.0
2,Nutrient,880,6750.0
2,Nutrient,880,10850.0
2,Nutrient,880,
2,Nutrient,880,3300.0
2,Nutrient,881,9510.25
3,Nutrient,2,3000.0
3,Nutrient,2,6100.0
3,Nutrient,4,10900.0
3,Nutrient,4,13600.0
3,Nutrient,4,14660.0
3,Nutrient,4,14230.0
3,Nutrient,4,51335.0
3,Nutrient,5,8100.0
3,Nutrient,5,10000.0
3,Nutrient,5,35600.0
3,Nutrient,5,39000.0
3,Nutrient,5,5000.0
3,Nutrient,5,6800.0
3,Nutrient,5,4700.0
3,Nutrient,5,7300.0
3,Nutrient,5,79120.0
3,Nutrient,5,9340.0
3,Nutrient,5,10150.0
3,Nutrient,5,83280.0
3,Nutrient,5,4020.0
3,Nutrient,5,7860.0
3,Nutrient,5,6810.0
3,Nutrient,5,6590.0
3,Nutrient,5,8450.0
3,Nutrient,5,6700.0
3,Nutrient,5,7340.0
3,Nutrient,5,5740.0
3,Nutrient,5,7550.0
3,Nutrient,5,30530.0
3,Nutrient,5,38160.0
3,Nutrient,5,9560.0
3,Nutrient,5,6000.0
3,Nutrient,5,6110.0
3,Nutrient,5,37740.0
3,Nutrient,6,43560.0
3,Nutrient,6,32500.0
3,Nutrient,7,5500.0
3,Nutrient,7,7700.0
3,Nutrient,8,62800.0
3,Nutrient,8,72700.0
3,Nutrient,8,31000.0
3,Nutrient,8,33100.0
3,Nutrient,8,72730.0
3,Nutrient,8,33060.0
3,Nutrient,9,1600.0
3,Nutrient,9,4000.0
3,Nutrient,9,4350.0
3,Nutrient,9,64290.0
3,Nutrient,9,35250.0
3,Nutrient,11,29700.0
3,Nutrient,11,32700.0
3,Nutrient,11,26600.0
3,Nutrient,11,29900.0
3,Nutrient,11,32690.0
3,Nutrient,11,29870.0
3,Nutrient,11,30190.0
3,Nutrient,11,27570.0
3,Nutrient,11,32690.0
3,Nutrient,11,30160.0
3,Nutrient,11,27570.0
3,Nutrient,11,53733.9
3,Nutrient,11,49900.0
3,Nutrient,11,36300.0
3,Nutrient,12,12800.0
3,Nutrient,12,12900.0
3,Nutrient,12,14100.0
3,Nutrient,12,15500.0
3,Nutrient,12,11600.0
3,Nutrient,12,13000.0
3,Nutrient,12,13120.0
3,Nutrient,12,8300.0
3,Nutrient,12,15700.0
3,Nutrient,12,13450.0
3,Nutrient,12,20200.0
3,Nutrient,12,21500.0
3,Nutrient,12,22200.0
3,Nutrient,12,12870.0
3,Nutrient,12,44300.0
3,Nutrient,12,12670.0
3,Nutrient,12,15560.0
3,Nutrient,12,12870.0
3,Nutrient,12,11820.0
3,Nutrient,12,13500.0
3,Nutrient,12,52700.0
3,Nutrient,13,43900.0
3,Nutrient,13,55800.0
3,Nutrient,13,4900.0
3,Nutrient,13,7000.0
3,Nutrient,13,55170.0
3,Nutrient,13,55820.0
3,Nutrient,13,7020.0
3,Nutrient,13,58010.0
3,Nutrient,13,57459.55
3,Nutrient,14,25200.0
3,Nutrient,14,53450.0
3,Nutrient,15,3600.0
3,Nutrient,15,5200.0
3,Nutrient,15,41350.0
3,Nutrient,15,9200.0
3,Nutrient,15,5900.0
3,Nutrient,15,2970.0
3,Nutrient,15,4000.0
3,Nutrient,15,5900.0
3,Nutrient,15,4000.0
3,Nutrient,15,63700.0
3,Nutrient,15,36064.0
3,Nutrient,15,42673.2
3,Nutrient,16,8400.0
3,Nutrient,16,16100.0
3,Nutrient,16,9400.0
3,Nutrient,16,17100.0
3,Nutrient,16,11200.0
3,Nutrient,16,18800.0
3,Nutrient,16,0.0
3,Nutrient,16,0.0
3,Nutrient,16,0.0
3,Nutrient,16,16130.0
3,Nutrient,16,21260.0
3,Nutrient,16,15260.0
3,Nutrient,16,21510.0
3,Nutrient,16,15820.0
3,Nutrient,16,17450.0
3,Nutrient,16,20910.0
3,Nutrient,16,16300.0
3,Nutrient,16,16540.0
3,Nutrient,16,19860.0
3,Nutrient,16,21570.0
3,Nutrient,16,19560.0
3,Nutrient,16,34700.0
3,Nutrient,16,31270.0
3,Nutrient,16,14230.0
3,Nutrient,16,35650.0
3,Nutrient,16,18750.0
3,Nutrient,16,17690.0
3,Nutrient,16,23980.0
3,Nutrient,16,18920.0
3,Nutrient,16,21510.0
3,Nutrient,16,17450.0
3,Nutrient,16,16300.0
3,Nutrient,16,19860.0
3,Nutrient,16,21570.0
3,Nutrient,16,19560.0
3,Nutrient,16,17000.0
3,Nutrient,16,16230.0
3,Nutrient,16,21830.0
3,Nutrient,16,42100.0
3,Nutrient,16,69250.0
3,Nutrient,16,26940.0
3,Nutrient,17,17340.0
3,Nutrient,17,21150.0
3,Nutrient,17,21150.0
3,Nutrient,17,52900.0
3,Nutrient,18,13000.0
3,Nutrient,18,20500.0
3,Nutrient,18,11290.0
3,Nutrient,18,46900.0
3,Nutrient,19,50220.0
3,Nutrient,19,
3,Nutrient,19,52300.0
3,Nutrient,19,
3,Nutrient,20,19966.5
3,Nutrient,21,2400.0
3,Nutrient,21,4200.0
3,Nutrient,21,1400.0
3,Nutrient,21,2900.0
3,Nutrient,21,3100.0
3,Nutrient,21,4900.0
3,Nutrient,21,2500.0
3,Nutrient,21,4300.0
3,Nutrient,21,3880.0
3,Nutrient,21,4110.0
3,Nutrient,21,2470.0
3,Nutrient,21,2460.0
3,Nutrient,21,4100.0
3,Nutrient,21,1920.0
3,Nutrient,21,4110.0
3,Nutrient,21,2480.0
3,Nutrient,21,1920.0
3,Nutrient,21,31900.0
3,Nutrient,22,57600.0
3,Nutrient,22,69100.0
3,Nutrient,22,58100.0
3,Nutrient,22,68200.0
3,Nutrient,22,57500.0
3,Nutrient,22,68700.0
3,Nutrient,22,58400.0
3,Nutrient,22,68700.0
3,Nutrient,22,0.0
3,Nutrient,22,66220.0
3,Nutrient,22,11440.0
3,Nutrient,22,66270.0
3,Nutrient,22,65700.0
3,Nutrient,22,56300.0
3,Nutrient,22,66850.0
3,Nutrient,23,3900.0
3,Nutrient,23,6700.0
3,Nutrient,23,6730.0
3,Nutrient,23,50150.0
3,Nutrient,24,8500.0
3,Nutrient,24,13800.0
3,Nutrient,24,12270.0
3,Nutrient,24,13021.45
3,Nutrient,25,9560.0
3,Nutrient,25,9960.0
3,Nutrient,25,7140.0
3,Nutrient,25,7210.0
3,Nutrient,25,4330.0
3,Nutrient,25,5460.0
3,Nutrient,25,18180.0
3,Nutrient,25,16280.0
3,Nutrient,25,9960.0
3,Nutrient,25,6570.0
3,Nutrient,25,5460.0
3,Nutrient,26,3060.0
3,Nutrient,26,3550.0
3,Nutrient,26,3550.0
3,Nutrient,26,23409.0
3,Nutrient,27,4900.0
3,Nutrient,27,2100.0
3,Nutrient,27,3410.0
3,Nutrient,27,3110.0
3,Nutrient,27,2100.0
3,Nutrient,27,3110.0
3,Nutrient,27,5630.0
3,Nutrient,28,5700.0
3,Nutrient,28,8600.0
3,Nutrient,28,8130.0
3,Nutrient,28,8740.0
3,Nutrient,28,8740.0
3,Nutrient,29,0.0
3,Nutrient,29,0.0
3,Nutrient,29,0.0
3,Nutrient,29,0.0
3,Nutrient,30,16300.0
3,Nutrient,30,18400.0
3,Nutrient,30,2900.0
3,Nutrient,30,5500.0
3,Nutrient,30,4500.0
3,Nutrient,30,6500.0
3,Nutrient,30,3000.0
3,Nutrient,30,4900.0
3,Nutrient,30,4700.0
3,Nutrient,30,7000.0
3,Nutrient,30,5800.0
3,Nutrient,30,5510.0
3,Nutrient,30,7370.0
3,Nutrient,30,6940.0
3,Nutrient,30,6100.0
3,Nutrient,30,5410.0
3,Nutrient,30,10010.0
3,Nutrient,30,4280.0
3,Nutrient,30,5370.0
3,Nutrient,30,5370.0
3,Nutrient,30,5510.0
3,Nutrient,30,6940.0
3,Nutrient,30,5410.0
3,Nutrient,30,2230.0
3,Nutrient,30,4350.0
3,Nutrient,31,2500.0
3,Nutrient,31,4700.0
3,Nutrient,31,1800.0
3,Nutrient,31,4200.0
3,Nutrient,31,3700.0
3,Nutrient,31,4700.0
3,Nutrient,31,2500.0
3,Nutrient,31,5200.0
3,Nutrient,31,4970.0
3,Nutrient,31,4110.0
3,Nutrient,31,4680.0
3,Nutrient,31,3750.0
3,Nutrient,31,4110.0
3,Nutrient,31,3160.0
3,Nutrient,31,6090.0
3,Nutrient,31,6280.0
3,Nutrient,31,6280.0
3,Nutrient,32,5000.0
3,Nutrient,32,9500.0
3,Nutrient,32,6400.0
3,Nutrient,32,10500.0
3,Nutrient,32,5500.0
3,Nutrient,32,9600.0
3,Nutrient,32,5100.0
3,Nutrient,32,9200.0
3,Nutrient,32,8950.0
3,Nutrient,32,7100.0
3,Nutrient,32,7860.0
3,Nutrient,32,8320.0
3,Nutrient,32,7100.0
3,Nutrient,32,8320.0
3,Nutrient,32,36467.2
3,Nutrient,33,2600.0
3,Nutrient,33,6200.0
3,Nutrient,33,6200.0
3,Nutrient,33,6690.0
3,Nutrient,33,6690.0
3,Nutrient,33,37395.0
3,Nutrient,34,3900.0
3,Nutrient,34,7200.0
3,Nutrient,34,1800.0
3,Nutrient,34,4800.0
3,Nutrient,34,2900.0
3,Nutrient,34,6100.0
3,Nutrient,34,6640.0
3,Nutrient,34,7180.0
3,Nutrient,34,4780.0
3,Nutrient,34,5350.0
3,Nutrient,34,5350.0
3,Nutrient,34,5360.0
3,Nutrient,34,5240.0
3,Nutrient,34,5240.0
3,Nutrient,34,5240.0
3,Nutrient,34,7180.0
3,Nutrient,34,5350.0
3,Nutrient,34,5350.0
3,Nutrient,34,
3,Nutrient,35,2100.0
3,Nutrient,35,3300.0
3,Nutrient,35,5670.0
3,Nutrient,36,4700.0
3,Nutrient,36,6700.0
3,Nutrient,36,6430.0
3,Nutrient,36,5060.0
3,Nutrient,36,2940.0
3,Nutrient,36,4350.0
3,Nutrient,36,7130.0
3,Nutrient,36,4360.0
3,Nutrient,36,2420.0
3,Nutrient,36,3670.0
3,Nutrient,36,4980.0
3,Nutrient,36,3400.0
3,Nutrient,36,4850.0
3,Nutrient,36,5060.0
3,Nutrient,36,3760.0
3,Nutrient,36,4360.0
3,Nutrient,36,4980.0
3,Nutrient,36,4740.0
3,Nutrient,36,2810.0
3,Nutrient,37,23880.0
3,Nutrient,37,19490.0
3,Nutrient,37,19490.0
3,Nutrient,37,62780.0
3,Nutrient,37,23250.0
3,Nutrient,37,23250.0
3,Nutrient,37,48200.0
3,Nutrient,37,63600.0
3,Nutrient,37,66800.0
3,Nutrient,37,46350.0
3,Nutrient,38,6300.0
3,Nutrient,38,62100.0
3,Nutrient,38,0.0
3,Nutrient,38,0.0
3,Nutrient,38,9090.0
3,Nutrient,38,300.0
3,Nutrient,38,58660.0
3,Nutrient,38,300.0
3,Nutrient,38,85400.0
3,Nutrient,38,98550.0
3,Nutrient,38,58660.0
3,Nutrient,38,170.0
3,Nutrient,38,78520.0
3,Nutrient,38,98550.0
3,Nutrient,38,8610.0
3,Nutrient,38,85400.0
3,Nutrient,38,440.0
3,Nutrient,38,200.0
3,Nutrient,38,9770.0
3,Nutrient,38,8810.0
3,Nutrient,38,300.0
3,Nutrient,38,200.0
3,Nutrient,38,97600.0
3,Nutrient,38,0.0
3,Nutrient,38,56300.0
3,Nutrient,39,4890.0
3,Nutrient,39,53700.0
3,Nutrient,40,4900.0
3,Nutrient,40,6100.0
3,Nutrient,40,7700.0
3,Nutrient,40,9500.0
3,Nutrient,40,2700.0
3,Nutrient,40,3900.0
3,Nutrient,40,2800.0
3,Nutrient,40,4600.0
3,Nutrient,40,4500.0
3,Nutrient,40,6200.0
3,Nutrient,40,48300.0
3,Nutrient,40,74500.0
3,Nutrient,40,49700.0
3,Nutrient,40,53990.0
3,Nutrient,40,56630.0
3,Nutrient,40,5100.0
3,Nutrient,40,4640.0
3,Nutrient,40,6700.0
3,Nutrient,40,3900.0
3,Nutrient,40,4450.0
3,Nutrient,40,3900.0
3,Nutrient,40,4220.0
3,Nutrient,40,4740.0
3,Nutrient,40,68700.0
3,Nutrient,40,9460.0
3,Nutrient,40,8810.0
3,Nutrient,40,5100.0
3,Nutrient,40,6030.0
3,Nutrient,40,6110.0
3,Nutrient,40,6700.0
3,Nutrient,40,6110.0
3,Nutrient,40,3310.0
3,Nutrient,40,3900.0
3,Nutrient,40,4450.0
3,Nutrient,40,3310.0
3,Nutrient,40,3310.0
3,Nutrient,40,6570.0
3,Nutrient,40,68700.0
3,Nutrient,40,5100.0
3,Nutrient,40,6320.0
3,Nutrient,40,69860.0
3,Nutrient,40,5350.0
3,Nutrient,40,6700.0
3,Nutrient,40,51420.0
3,Nutrient,40,6500.0
3,Nutrient,40,4600.0
3,Nutrient,40,6700.0
3,Nutrient,40,51130.0
3,Nutrient,40,43305.0
3,Nutrient,41,9900.0
3,Nutrient,41,12000.0
3,Nutrient,41,10820.0
3,Nutrient,41,55830.0
3,Nutrient,41,14510.0
3,Nutrient,41,54300.0
3,Nutrient,41,33450.0
3,Nutrient,41,15500.0
3,Nutrient,42,0.0
3,Nutrient,42,0.0
3,Nutrient,42,0.0
3,Nutrient,42,0.0
3,Nutrient,42,0.0
3,Nutrient,42,0.0
3,Nutrient,42,34290.0
3,Nutrient,42,48730.0
3,Nutrient,42,79200.0
3,Nutrient,42,32700.0
3,Nutrient,43,49900.0
3,Nutrient,43,52650.0
3,Nutrient,44,4300.0
3,Nutrient,44,13900.0
3,Nutrient,44,4200.0
3,Nutrient,44,13600.0
3,Nutrient,44,3500.0
3,Nutrient,44,13000.0
3,Nutrient,44,13860.0
3,Nutrient,44,13550.0
3,Nutrient,44,13010.0
3,Nutrient,44,13550.0
3,Nutrient,44,13010.0
3,Nutrient,45,33900.0
3,Nutrient,45,40700.0
3,Nutrient,46,78500.0
3,Nutrient,47,49400.0
3,Nutrient,47,61600.0
3,Nutrient,47,60650.0
3,Nutrient,47,27420.0
3,Nutrient,47,13490.0
3,Nutrient,47,57820.0
3,Nutrient,47,27420.0
3,Nutrient,47,22530.0
3,Nutrient,47,22870.0
3,Nutrient,47,64615.0
3,Nutrient,48,300.0
3,Nutrient,48,3400.0
3,Nutrient,48,2400.0
3,Nutrient,48,3300.0
3,Nutrient,48,3350.0
3,Nutrient,48,28647.6
3,Nutrient,49,3600.0
3,Nutrient,49,4500.0
3,Nutrient,49,2700.0
3,Nutrient,49,3800.0
3,Nutrient,49,4000.0
3,Nutrient,49,4700.0
3,Nutrient,49,17510.0
3,Nutrient,49,4480.0
3,Nutrient,49,34300.0
3,Nutrient,49,52530.0
3,Nutrient,50,80590.0
3,Nutrient,50,85600.0
3,Nutrient,51,
3,Nutrient,52,8100.0
3,Nutrient,52,8600.0
3,Nutrient,52,7550.0
3,Nutrient,52,15310.0
3,Nutrient,52,43140.0
3,Nutrient,52,4600.0
3,Nutrient,53,7700.0
3,Nutrient,53,10500.0
3,Nutrient,53,47745.0
3,Nutrient,54,8600.0
3,Nutrient,54,8600.0
3,Nutrient,54,5400.0
3,Nutrient,54,16000.0
3,Nutrient,54,4300.0
3,Nutrient,54,5500.0
3,Nutrient,54,9320.0
3,Nutrient,54,6900.0
3,Nutrient,54,6480.0
3,Nutrient,54,6500.0
3,Nutrient,54,16000.0
3,Nutrient,54,48700.0
3,Nutrient,55,9620.0
3,Nutrient,56,13700.0
3,Nutrient,56,14300.0
3,Nutrient,56,9700.0
3,Nutrient,56,10900.0
3,Nutrient,56,13340.0
3,Nutrient,56,9570.0
3,Nutrient,56,16190.0
3,Nutrient,56,10100.0
3,Nutrient,56,12000.0
3,Nutrient,56,38850.0
3,Nutrient,56,11060.0
3,Nutrient,56,9410.0
3,Nutrient,56,12020.0
3,Nutrient,56,50195.7
3,Nutrient,57,49000.0
3,Nutrient,57,49700.0
3,Nutrient,57,9700.0
3,Nutrient,57,9900.0
3,Nutrient,57,9500.0
3,Nutrient,57,11500.0
3,Nutrient,57,11750.0
3,Nutrient,57,11890.0
3,Nutrient,57,12540.0
3,Nutrient,57,11540.0
3,Nutrient,57,15500.0
3,Nutrient,57,10400.0
3,Nutrient,57,11010.0
3,Nutrient,57,11540.0
3,Nutrient,57,11270.0
3,Nutrient,57,11270.0
3,Nutrient,57,38170.0
3,Nutrient,57,10780.0
3,Nutrient,57,25000.0
3,Nutrient,57,66300.0
3,Nutrient,57,49306.25
3,Nutrient,58,40200.0
3,Nutrient,58,60000.0
3,Nutrient,58,0.0
3,Nutrient,58,0.0
3,Nutrient,58,76000.0
3,Nutrient,58,76000.0
3,Nutrient,58,400.0
3,Nutrient,58,400.0
3,Nutrient,58,42600.0
3,Nutrient,58,61700.0
3,Nutrient,58,300.0
3,Nutrient,58,300.0
3,Nutrient,58,0.0
3,Nutrient,58,0.0
3,Nutrient,58,70600.0
3,Nutrient,58,0.0
3,Nutrient,58,0.0
3,Nutrient,58,41100.0
3,Nutrient,58,340.0
3,Nutrient,58,42600.0
3,Nutrient,58,430.0
3,Nutrient,58,74040.0
3,Nutrient,58,85940.0
3,Nutrient,58,65670.0
3,Nutrient,58,59940.0
3,Nutrient,59,68900.0
3,Nutrient,59,66400.0
3,Nutrient,61,13000.0
3,Nutrient,61,54900.0
3,Nutrient,61,41700.0
3,Nutrient,61,52100.0
3,Nutrient,61,900.0
3,Nutrient,61,3700.0
3,Nutrient,61,52100.0
3,Nutrient,61,54990.0
3,Nutrient,61,3670.0
3,Nutrient,61,57657.0
3,Nutrient,61,33100.0
3,Nutrient,62,20300.0
3,Nutrient,63,65370.0
3,Nutrient,63,50470.0
3,Nutrient,64,7300.0
3,Nutrient,64,8200.0
3,Nutrient,64,4300.0
3,Nutrient,64,5000.0
3,Nutrient,64,4600.0
3,Nutrient,64,5600.0
3,Nutrient,64,8160.0
3,Nutrient,64,6580.0
3,Nutrient,64,9090.0
3,Nutrient,64,7940.0
3,Nutrient,64,4060.0
3,Nutrient,64,45081.3
3,Nutrient,65,16500.0
3,Nutrient,65,17000.0
3,Nutrient,65,2000.0
3,Nutrient,65,2500.0
3,Nutrient,65,1400.0
3,Nutrient,65,2100.0
3,Nutrient,65,2100.0
3,Nutrient,65,3400.0
3,Nutrient,65,16100.0
3,Nutrient,65,17300.0
3,Nutrient,65,1100.0
3,Nutrient,65,2300.0
3,Nutrient,65,3630.0
3,Nutrient,65,2160.0
3,Nutrient,65,2590.0
3,Nutrient,65,21150.0
3,Nutrient,65,2260.0
3,Nutrient,65,2260.0
3,Nutrient,65,4130.0
3,Nutrient,65,33730.0
3,Nutrient,65,38290.45
3,Nutrient,66,24700.0
3,Nutrient,66,25600.0
3,Nutrient,66,3100.0
3,Nutrient,66,4200.0
3,Nutrient,66,1600.0
3,Nutrient,66,2700.0
3,Nutrient,66,1800.0
3,Nutrient,66,2900.0
3,Nutrient,66,3280.0
3,Nutrient,66,3300.0
3,Nutrient,66,2330.0
3,Nutrient,66,3390.0
3,Nutrient,66,6500.0
3,Nutrient,66,4900.0
3,Nutrient,66,8090.0
3,Nutrient,66,26390.0
3,Nutrient,66,3880.0
3,Nutrient,66,3790.0
3,Nutrient,66,2960.0
3,Nutrient,66,4800.0
3,Nutrient,66,5540.0
3,Nutrient,66,3840.0
3,Nutrient,66,3300.0
3,Nutrient,66,3110.0
3,Nutrient,66,2690.0
3,Nutrient,66,3590.0
3,Nutrient,66,3560.0
3,Nutrient,66,6850.0
3,Nutrient,66,6910.0
3,Nutrient,66,6460.0
3,Nutrient,66,3350.0
3,Nutrient,66,4310.0
3,Nutrient,66,8590.0
3,Nutrient,66,8850.0
3,Nutrient,66,4900.0
3,Nutrient,66,8090.0
3,Nutrient,66,3180.0
3,Nutrient,66,3390.0
3,Nutrient,66,4310.0
3,Nutrient,66,3790.0
3,Nutrient,66,5540.0
3,Nutrient,66,3300.0
3,Nutrient,66,2690.0
3,Nutrient,66,2970.0
3,Nutrient,66,8850.0
3,Nutrient,66,6460.0
3,Nutrient,66,3110.0
3,Nutrient,66,10710.0
3,Nutrient,66,14710.0
3,Nutrient,66,53750.0
3,Nutrient,66,14710.0
3,Nutrient,66,53750.0
3,Nutrient,66,36590.0
3,Nutrient,67,44240.0
3,Nutrient,67,50600.0
3,Nutrient,68,64930.0
3,Nutrient,68,45400.0
3,Nutrient,69,13400.0
3,Nutrient,69,15300.0
3,Nutrient,69,15300.0
3,Nutrient,69,53500.0
3,Nutrient,70,25310.0
3,Nutrient,71,5100.0
3,Nutrient,71,10500.0
3,Nutrient,71,10510.0
3,Nutrient,71,11950.0
3,Nutrient,71,7760.0
3,Nutrient,71,9180.0
3,Nutrient,71,11390.0
3,Nutrient,71,9180.0
3,Nutrient,245,8500.0
3,Nutrient,245,9300.0
3,Nutrient,245,4000.0
3,Nutrient,245,5500.0
3,Nutrient,245,5900.0
3,Nutrient,245,8800.0
3,Nutrient,245,6300.0
3,Nutrient,245,9300.0
3,Nutrient,245,6600.0
3,Nutrient,245,9300.0
3,Nutrient,245,4000.0
3,Nutrient,245,6300.0
3,Nutrient,245,9580.0
3,Nutrient,245,8220.0
3,Nutrient,245,5370.0
3,Nutrient,245,5540.0
3,Nutrient,245,7900.0
3,Nutrient,245,7730.0
3,Nutrient,245,9280.0
3,Nutrient,245,79570.0
3,Nutrient,245,8220.0
3,Nutrient,245,5360.0
3,Nutrient,245,5540.0
3,Nutrient,245,7730.0
3,Nutrient,245,8240.0
3,Nutrient,72,47550.0
3,Nutrient,73,18590.0
3,Nutrient,73,73430.0
3,Nutrient,74,68470.0
3,Nutrient,74,59950.0
3,Nutrient,74,71600.0
3,Nutrient,76,10400.0
3,Nutrient,76,12100.0
3,Nutrient,76,12140.0
3,Nutrient,76,51050.0
3,Nutrient,77,3650.0
3,Nutrient,79,76100.0
3,Nutrient,79,78000.0
3,Nutrient,79,77500.0
3,Nutrient,79,79800.0
3,Nutrient,79,67500.0
3,Nutrient,79,71500.0
3,Nutrient,79,71500.0
3,Nutrient,79,74950.0
3,Nutrient,79,19940.0
3,Nutrient,79,70590.0
3,Nutrient,79,73385.0
3,Nutrient,81,54600.0
3,Nutrient,81,63900.0
3,Nutrient,81,16300.0
3,Nutrient,81,19200.0
3,Nutrient,81,62700.0
3,Nutrient,81,70200.0
3,Nutrient,81,19180.0
3,Nutrient,81,13990.0
3,Nutrient,81,17950.0
3,Nutrient,81,22900.0
3,Nutrient,81,27860.0
3,Nutrient,81,63870.0
3,Nutrient,81,27570.0
3,Nutrient,81,50807.15
3,Nutrient,81,39800.0
3,Nutrient,82,12500.0
3,Nutrient,82,52300.0
3,Nutrient,82,3000.0
3,Nutrient,82,5000.0
3,Nutrient,82,52290.0
3,Nutrient,82,7290.0
3,Nutrient,82,28500.0
3,Nutrient,82,55029.0
3,Nutrient,83,52800.0
3,Nutrient,83,54000.0
3,Nutrient,83,20100.0
3,Nutrient,83,21000.0
3,Nutrient,83,19100.0
3,Nutrient,83,21000.0
3,Nutrient,83,7000.0
3,Nutrient,83,9100.0
3,Nutrient,83,41000.0
3,Nutrient,83,41000.0
3,Nutrient,83,7000.0
3,Nutrient,83,7000.0
3,Nutrient,83,49000.0
3,Nutrient,83,50000.0
3,Nutrient,83,7300.0
3,Nutrient,83,8800.0
3,Nutrient,83,7680.0
3,Nutrient,83,23530.0
3,Nutrient,83,9130.0
3,Nutrient,83,21000.0
3,Nutrient,83,25920.0
3,Nutrient,85,17400.0
3,Nutrient,85,34000.0
3,Nutrient,85,800.0
3,Nutrient,85,3800.0
3,Nutrient,85,4500.0
3,Nutrient,85,5300.0
3,Nutrient,85,20100.0
3,Nutrient,85,30500.0
3,Nutrient,85,0.0
3,Nutrient,85,0.0
3,Nutrient,85,0.0
3,Nutrient,85,0.0
3,Nutrient,85,0.0
3,Nutrient,85,0.0
3,Nutrient,85,0.0
3,Nutrient,85,0.0
3,Nutrient,85,0.0
3,Nutrient,85,0.0
3,Nutrient,85,0.0
3,Nutrient,85,0.0
3,Nutrient,85,0.0
3,Nutrient,85,0.0
3,Nutrient,85,0.0
3,Nutrient,85,11050.0
3,Nutrient,85,11050.0
3,Nutrient,85,9570.0
3,Nutrient,85,6530.0
3,Nutrient,85,9400.0
3,Nutrient,85,11050.0
3,Nutrient,85,6530.0
3,Nutrient,85,9400.0
3,Nutrient,85,30160.0
3,Nutrient,85,9930.0
3,Nutrient,85,33550.0
3,Nutrient,85,32720.0
3,Nutrient,85,35190.0
3,Nutrient,85,33670.0
3,Nutrient,85,38370.0
3,Nutrient,85,34930.0
3,Nutrient,85,40140.0
3,Nutrient,85,9930.0
3,Nutrient,85,33550.0
3,Nutrient,85,31930.0
3,Nutrient,85,30380.0
3,Nutrient,85,30630.0
3,Nutrient,85,33580.0
3,Nutrient,85,35890.0
3,Nutrient,85,28050.0
3,Nutrient,85,71950.0
3,Nutrient,85,24250.0
3,Nutrient,86,0.0
3,Nutrient,86,0.0
3,Nutrient,86,14400.0
3,Nutrient,86,17100.0
3,Nutrient,86,0.0
3,Nutrient,86,0.0
3,Nutrient,86,0.0
3,Nutrient,86,0.0
3,Nutrient,86,0.0
3,Nutrient,86,20000.0
3,Nutrient,86,24070.0
3,Nutrient,86,22890.0
3,Nutrient,86,20590.0
3,Nutrient,86,23320.0
3,Nutrient,86,35830.0
3,Nutrient,86,24070.0
3,Nutrient,86,22890.0
3,Nutrient,86,20590.0
3,Nutrient,86,23320.0
3,Nutrient,86,17300.0
3,Nutrient,88,64400.0
3,Nutrient,88,72000.0
3,Nutrient,88,67400.0
3,Nutrient,88,76900.0
3,Nutrient,88,73480.0
3,Nutrient,88,77720.0
3,Nutrient,88,28220.0
3,Nutrient,88,74520.0
3,Nutrient,88,78300.0
3,Nutrient,88,52500.0
3,Nutrient,88,73800.0
3,Nutrient,88,80100.0
3,Nutrient,91,3140.0
3,Nutrient,91,3710.0
3,Nutrient,91,3710.0
3,Nutrient,91,31570.0
3,Nutrient,92,14300.0
3,Nutrient,92,17000.0
3,Nutrient,92,6380.0
3,Nutrient,92,7320.0
3,Nutrient,92,20120.0
3,Nutrient,92,20710.0
3,Nutrient,92,17720.0
3,Nutrient,92,21120.0
3,Nutrient,92,23190.0
3,Nutrient,92,22220.0
3,Nutrient,92,23400.0
3,Nutrient,92,20930.0
3,Nutrient,92,25360.0
3,Nutrient,92,27860.0
3,Nutrient,92,7320.0
3,Nutrient,92,20710.0
3,Nutrient,92,17720.0
3,Nutrient,92,23400.0
3,Nutrient,92,35000.0
3,Nutrient,92,58390.0
3,Nutrient,93,9910.0
3,Nutrient,93,82100.0
3,Nutrient,93,
3,Nutrient,93,15050.0
3,Nutrient,94,13710.0
3,Nutrient,94,17900.0
3,Nutrient,95,2700.0
3,Nutrient,95,4000.0
3,Nutrient,95,1200.0
3,Nutrient,95,3300.0
3,Nutrient,95,2100.0
3,Nutrient,95,3200.0
3,Nutrient,95,1500.0
3,Nutrient,95,2800.0
3,Nutrient,95,3650.0
3,Nutrient,95,2230.0
3,Nutrient,95,3290.0
3,Nutrient,95,2970.0
3,Nutrient,95,2870.0
3,Nutrient,95,2260.0
3,Nutrient,95,30916.65
3,Nutrient,97,74970.0
3,Nutrient,98,48900.0
3,Nutrient,98,60100.0
3,Nutrient,98,50600.0
3,Nutrient,98,59300.0
3,Nutrient,98,52300.0
3,Nutrient,98,58500.0
3,Nutrient,98,19000.0
3,Nutrient,98,22100.0
3,Nutrient,98,22140.0
3,Nutrient,98,21250.0
3,Nutrient,98,21250.0
3,Nutrient,98,60080.0
3,Nutrient,98,20130.0
3,Nutrient,98,59150.0
3,Nutrient,98,19540.0
3,Nutrient,98,61990.0
3,Nutrient,98,22140.0
3,Nutrient,99,1200.0
3,Nutrient,99,2800.0
3,Nutrient,99,5500.0
3,Nutrient,99,3800.0
3,Nutrient,99,3800.0
3,Nutrient,99,28693.5
3,Nutrient,101,0.0
3,Nutrient,101,0.0
3,Nutrient,101,18100.0
3,Nutrient,101,36100.0
3,Nutrient,101,390.0
3,Nutrient,101,28880.0
3,Nutrient,101,0.0
3,Nutrient,101,80900.0
3,Nutrient,101,34800.0
3,Nutrient,103,15200.0
3,Nutrient,103,16500.0
3,Nutrient,103,16530.0
3,Nutrient,103,70700.0
3,Nutrient,105,59000.0
3,Nutrient,105,59000.0
3,Nutrient,105,10200.0
3,Nutrient,105,10200.0
3,Nutrient,105,9300.0
3,Nutrient,105,11500.0
3,Nutrient,105,57200.0
3,Nutrient,105,65900.0
3,Nutrient,105,11500.0
3,Nutrient,105,14000.0
3,Nutrient,105,10700.0
3,Nutrient,105,12900.0
3,Nutrient,105,13810.0
3,Nutrient,105,12760.0
3,Nutrient,105,13640.0
3,Nutrient,105,14410.0
3,Nutrient,105,16700.0
3,Nutrient,105,16840.0
3,Nutrient,105,93530.0
3,Nutrient,105,19910.0
3,Nutrient,105,65890.0
3,Nutrient,105,15320.0
3,Nutrient,105,20730.0
3,Nutrient,105,12310.0
3,Nutrient,105,12000.0
3,Nutrient,105,11300.0
3,Nutrient,105,41000.0
3,Nutrient,105,11540.0
3,Nutrient,105,11270.0
3,Nutrient,105,17490.0
3,Nutrient,105,11300.0
3,Nutrient,105,11270.0
3,Nutrient,105,19910.0
3,Nutrient,105,41000.0
3,Nutrient,105,11540.0
3,Nutrient,105,42470.0
3,Nutrient,105,12100.0
3,Nutrient,105,26120.0
3,Nutrient,105,55040.0
3,Nutrient,106,14100.0
3,Nutrient,106,16000.0
3,Nutrient,106,14980.0
3,Nutrient,106,13120.0
3,Nutrient,106,54969.5
3,Nutrient,106,35250.0
3,Nutrient,112,8410.0
3,Nutrient,112,52040.0
3,Nutrient,112,33415.0
3,Nutrient,113,14890.0
3,Nutrient,113,55700.0
3,Nutrient,115,3290.0
3,Nutrient,115,6680.0
3,Nutrient,115,3700.0
3,Nutrient,115,4320.0
3,Nutrient,115,6160.0
3,Nutrient,115,4320.0
3,Nutrient,115,40500.0
3,Nutrient,115,34400.0
3,Nutrient,117,9800.0
3,Nutrient,118,28500.0
3,Nutrient,118,49300.0
3,Nutrient,118,50500.0
3,Nutrient,118,49290.0
3,Nutrient,118,0.0
3,Nutrient,118,47800.0
3,Nutrient,118,28500.0
3,Nutrient,119,47750.0
3,Nutrient,119,2650.0
3,Nutrient,119,34000.0
3,Nutrient,120,56550.0
3,Nutrient,121,0.0
3,Nutrient,121,0.0
3,Nutrient,121,3000.0
3,Nutrient,121,7300.0
3,Nutrient,121,5200.0
3,Nutrient,121,7600.0
3,Nutrient,121,4900.0
3,Nutrient,121,8700.0
3,Nutrient,121,0.0
3,Nutrient,121,6260.0
3,Nutrient,121,5610.0
3,Nutrient,121,3840.0
3,Nutrient,121,3650.0
3,Nutrient,121,73500.0
3,Nutrient,121,76500.0
3,Nutrient,122,60560.0
3,Nutrient,122,62982.5
3,Nutrient,124,68920.0
3,Nutrient,124,66910.55
3,Nutrient,125,28700.0
3,Nutrient,125,49700.0
3,Nutrient,125,79300.0
3,Nutrient,125,80100.0
3,Nutrient,125,76300.0
3,Nutrient,125,78700.0
3,Nutrient,125,80300.0
3,Nutrient,125,80800.0
3,Nutrient,125,85000.0
3,Nutrient,125,85000.0
3,Nutrient,125,74200.0
3,Nutrient,125,76600.0
3,Nutrient,125,78900.0
3,Nutrient,125,79800.0
3,Nutrient,125,78300.0
3,Nutrient,125,79000.0
3,Nutrient,125,0.0
3,Nutrient,125,77240.0
3,Nutrient,125,22960.0
3,Nutrient,125,76170.0
3,Nutrient,125,23510.0
3,Nutrient,125,79950.0
3,Nutrient,125,28170.0
3,Nutrient,125,80890.0
3,Nutrient,125,26050.0
3,Nutrient,125,82320.0
3,Nutrient,125,25100.0
3,Nutrient,125,79340.0
3,Nutrient,125,28590.0
3,Nutrient,125,79150.0
3,Nutrient,125,28730.0
3,Nutrient,125,81680.0
3,Nutrient,125,21090.0
3,Nutrient,125,75320.0
3,Nutrient,125,21430.0
3,Nutrient,125,33880.0
3,Nutrient,125,49690.0
3,Nutrient,125,80130.0
3,Nutrient,125,76480.0
3,Nutrient,125,28170.0
3,Nutrient,125,79950.0
3,Nutrient,125,28170.0
3,Nutrient,125,80890.0
3,Nutrient,125,26050.0
3,Nutrient,125,79340.0
3,Nutrient,125,28590.0
3,Nutrient,125,79150.0
3,Nutrient,125,28730.0
3,Nutrient,125,28170.0
3,Nutrient,125,44900.0
3,Nutrient,125,81300.0
3,Nutrient,126,71800.0
3,Nutrient,126,73800.0
3,Nutrient,126,64300.0
3,Nutrient,126,72800.0
3,Nutrient,126,72850.0
3,Nutrient,126,23670.0
3,Nutrient,126,73050.0
3,Nutrient,126,80000.0
3,Nutrient,127,13700.0
3,Nutrient,127,23700.0
3,Nutrient,127,0.0
3,Nutrient,128,13000.0
3,Nutrient,128,23400.0
3,Nutrient,128,23380.0
3,Nutrient,128,13600.0
3,Nutrient,128,14450.0
3,Nutrient,128,53150.0
3,Nutrient,129,10100.0
3,Nutrient,129,14600.0
3,Nutrient,129,17990.0
3,Nutrient,129,17010.0
3,Nutrient,129,17010.0
3,Nutrient,129,45975.0
3,Nutrient,130,6500.0
3,Nutrient,130,11700.0
3,Nutrient,130,0.0
3,Nutrient,130,8530.0
3,Nutrient,130,8640.0
3,Nutrient,130,7820.0
3,Nutrient,130,31850.0
3,Nutrient,131,8000.0
3,Nutrient,131,12300.0
3,Nutrient,131,3900.0
3,Nutrient,131,8000.0
3,Nutrient,131,50640.0
3,Nutrient,131,6330.0
3,Nutrient,131,42380.0
3,Nutrient,131,32995.25
3,Nutrient,132,38050.0
3,Nutrient,132,58600.0
3,Nutrient,133,20170.0
3,Nutrient,133,23640.0
3,Nutrient,133,13330.0
3,Nutrient,133,19830.0
3,Nutrient,133,19320.0
3,Nutrient,133,25140.0
3,Nutrient,133,19450.0
3,Nutrient,133,23640.0
3,Nutrient,133,13330.0
3,Nutrient,133,19450.0
3,Nutrient,133,19320.0
3,Nutrient,133,63380.0
3,Nutrient,133,20880.0
3,Nutrient,133,14910.0
3,Nutrient,133,62830.0
3,Nutrient,133,23310.0
3,Nutrient,133,20880.0
3,Nutrient,133,23310.0
3,Nutrient,133,76600.0
3,Nutrient,133,34550.0
3,Nutrient,133,46600.0
3,Nutrient,133,37800.0
3,Nutrient,134,3700.0
3,Nutrient,134,4900.0
3,Nutrient,134,14200.0
3,Nutrient,134,20800.0
3,Nutrient,134,45600.0
3,Nutrient,134,63400.0
3,Nutrient,134,2400.0
3,Nutrient,134,4800.0
3,Nutrient,134,4100.0
3,Nutrient,134,7300.0
3,Nutrient,134,2700.0
3,Nutrient,134,5700.0
3,Nutrient,134,3700.0
3,Nutrient,134,5200.0
3,Nutrient,134,5600.0
3,Nutrient,134,7100.0
3,Nutrient,134,43900.0
3,Nutrient,134,62300.0
3,Nutrient,134,4100.0
3,Nutrient,134,4720.0
3,Nutrient,134,13050.0
3,Nutrient,134,15010.0
3,Nutrient,134,32500.0
3,Nutrient,134,30880.0
3,Nutrient,134,6970.0
3,Nutrient,134,7880.0
3,Nutrient,134,3270.0
3,Nutrient,134,4250.0
3,Nutrient,134,3490.0
3,Nutrient,134,7540.0
3,Nutrient,134,6450.0
3,Nutrient,134,6980.0
3,Nutrient,134,6410.0
3,Nutrient,134,3210.0
3,Nutrient,134,11600.0
3,Nutrient,134,4100.0
3,Nutrient,134,4720.0
3,Nutrient,134,15010.0
3,Nutrient,134,30880.0
3,Nutrient,134,3500.0
3,Nutrient,134,7130.0
3,Nutrient,134,7880.0
3,Nutrient,134,7880.0
3,Nutrient,134,7880.0
3,Nutrient,134,3500.0
3,Nutrient,134,3500.0
3,Nutrient,134,3500.0
3,Nutrient,134,4250.0
3,Nutrient,134,7580.0
3,Nutrient,134,5860.0
3,Nutrient,134,6450.0
3,Nutrient,134,5860.0
3,Nutrient,134,3210.0
3,Nutrient,134,4500.0
3,Nutrient,134,4500.0
3,Nutrient,134,62360.0
3,Nutrient,134,23710.0
3,Nutrient,134,60050.0
3,Nutrient,134,24460.0
3,Nutrient,134,15120.0
3,Nutrient,134,64110.0
3,Nutrient,134,24020.0
3,Nutrient,134,62370.0
3,Nutrient,134,21090.0
3,Nutrient,134,21020.0
3,Nutrient,134,60010.0
3,Nutrient,134,22800.0
3,Nutrient,134,14500.0
3,Nutrient,134,59800.0
3,Nutrient,134,22410.0
3,Nutrient,134,61290.0
3,Nutrient,134,22800.0
3,Nutrient,134,14830.0
3,Nutrient,134,58330.0
3,Nutrient,134,21850.0
3,Nutrient,134,60750.0
3,Nutrient,134,26050.0
3,Nutrient,134,20450.0
3,Nutrient,134,64190.0
3,Nutrient,134,27910.0
3,Nutrient,134,62550.0
3,Nutrient,134,26220.0
3,Nutrient,134,15180.0
3,Nutrient,134,62250.0
3,Nutrient,134,25810.0
3,Nutrient,134,60700.0
3,Nutrient,134,25270.0
3,Nutrient,134,60270.0
3,Nutrient,134,25090.0
3,Nutrient,134,21200.0
3,Nutrient,134,15260.0
3,Nutrient,134,14940.0
3,Nutrient,134,21490.0
3,Nutrient,134,20220.0
3,Nutrient,134,13500.0
3,Nutrient,134,13500.0
3,Nutrient,134,15470.0
3,Nutrient,134,23710.0
3,Nutrient,134,24460.0
3,Nutrient,134,24020.0
3,Nutrient,134,21090.0
3,Nutrient,134,22800.0
3,Nutrient,134,22410.0
3,Nutrient,134,22800.0
3,Nutrient,134,20800.0
3,Nutrient,134,21850.0
3,Nutrient,134,26050.0
3,Nutrient,134,27910.0
3,Nutrient,134,26220.0
3,Nutrient,134,20770.0
3,Nutrient,134,25810.0
3,Nutrient,134,25270.0
3,Nutrient,134,25090.0
3,Nutrient,134,14940.0
3,Nutrient,134,20490.0
3,Nutrient,134,39488.9
3,Nutrient,134,28300.0
3,Nutrient,134,48951.95
3,Nutrient,134,24093.0
3,Nutrient,135,74900.0
3,Nutrient,135,81300.0
3,Nutrient,135,75030.0
3,Nutrient,135,74970.0
3,Nutrient,135,84180.0
3,Nutrient,135,75400.0
3,Nutrient,137,50020.0
3,Nutrient,137,53050.0
3,Nutrient,138,9400.0
3,Nutrient,138,13100.0
3,Nutrient,138,13080.0
3,Nutrient,138,51060.0
3,Nutrient,139,44500.0
3,Nutrient,139,71000.0
3,Nutrient,139,63950.0
3,Nutrient,139,68610.0
3,Nutrient,139,64810.0
3,Nutrient,140,17700.0
3,Nutrient,140,28000.0
3,Nutrient,140,17400.0
3,Nutrient,140,27700.0
3,Nutrient,140,27510.0
3,Nutrient,140,29380.0
3,Nutrient,140,28660.0
3,Nutrient,140,22404.4
3,Nutrient,141,7700.0
3,Nutrient,141,14300.0
3,Nutrient,141,8900.0
3,Nutrient,141,13600.0
3,Nutrient,141,7000.0
3,Nutrient,141,12900.0
3,Nutrient,141,56500.0
3,Nutrient,141,63900.0
3,Nutrient,141,5300.0
3,Nutrient,141,7800.0
3,Nutrient,141,7550.0
3,Nutrient,141,7050.0
3,Nutrient,141,7200.0
3,Nutrient,141,9020.0
3,Nutrient,141,14450.0
3,Nutrient,141,15630.0
3,Nutrient,141,10600.0
3,Nutrient,141,11360.0
3,Nutrient,141,9250.0
3,Nutrient,141,11820.0
3,Nutrient,141,13620.0
3,Nutrient,141,14260.0
3,Nutrient,141,27110.0
3,Nutrient,141,17080.0
3,Nutrient,141,6460.0
3,Nutrient,141,8430.0
3,Nutrient,141,15630.0
3,Nutrient,141,9750.0
3,Nutrient,141,12580.0
3,Nutrient,141,14260.0
3,Nutrient,141,17080.0
3,Nutrient,141,60370.0
3,Nutrient,141,21100.0
3,Nutrient,141,20510.0
3,Nutrient,141,41168.7
3,Nutrient,141,40100.0
3,Nutrient,141,41430.0
3,Nutrient,142,3430.0
3,Nutrient,142,3550.0
3,Nutrient,142,3550.0
3,Nutrient,142,33375.0
3,Nutrient,143,41000.0
3,Nutrient,143,41000.0
3,Nutrient,143,13000.0
3,Nutrient,143,13000.0
3,Nutrient,143,34400.0
3,Nutrient,143,35000.0
3,Nutrient,143,10900.0
3,Nutrient,143,12200.0
3,Nutrient,143,41970.0
3,Nutrient,144,14900.0
3,Nutrient,144,16400.0
3,Nutrient,144,57200.0
3,Nutrient,144,66500.0
3,Nutrient,144,7800.0
3,Nutrient,144,9400.0
3,Nutrient,144,0.0
3,Nutrient,144,11120.0
3,Nutrient,144,6390.0
3,Nutrient,144,5480.0
3,Nutrient,144,12340.0
3,Nutrient,144,12500.0
3,Nutrient,144,16490.0
3,Nutrient,144,21470.0
3,Nutrient,144,21450.0
3,Nutrient,144,24850.0
3,Nutrient,144,82890.0
3,Nutrient,144,32620.0
3,Nutrient,144,62640.0
3,Nutrient,144,22150.0
3,Nutrient,144,29260.0
3,Nutrient,144,25100.0
3,Nutrient,144,14390.0
3,Nutrient,144,21310.0
3,Nutrient,144,14390.0
3,Nutrient,144,64400.0
3,Nutrient,144,49210.0
3,Nutrient,144,14000.0
3,Nutrient,145,16010.0
3,Nutrient,145,11760.0
3,Nutrient,145,13810.0
3,Nutrient,145,17290.0
3,Nutrient,145,21270.0
3,Nutrient,145,26230.0
3,Nutrient,145,22360.0
3,Nutrient,145,21070.0
3,Nutrient,146,12180.0
3,Nutrient,146,8940.0
3,Nutrient,146,19300.0
3,Nutrient,146,23270.0
3,Nutrient,146,29230.0
3,Nutrient,146,11020.0
3,Nutrient,146,48998.0
3,Nutrient,147,8600.0
3,Nutrient,147,10200.0
3,Nutrient,147,55700.0
3,Nutrient,147,63300.0
3,Nutrient,147,11420.0
3,Nutrient,147,11030.0
3,Nutrient,147,15150.0
3,Nutrient,147,16280.0
3,Nutrient,147,23240.0
3,Nutrient,147,26310.0
3,Nutrient,147,27800.0
3,Nutrient,147,89070.0
3,Nutrient,147,29700.0
3,Nutrient,147,63880.0
3,Nutrient,147,28080.0
3,Nutrient,147,32880.0
3,Nutrient,147,17450.0
3,Nutrient,147,23120.0
3,Nutrient,147,65100.0
3,Nutrient,147,21950.0
3,Nutrient,147,50457.7
3,Nutrient,148,20300.0
3,Nutrient,148,29500.0
3,Nutrient,148,0.0
3,Nutrient,148,21670.0
3,Nutrient,148,18670.0
3,Nutrient,148,21200.0
3,Nutrient,148,17680.0
3,Nutrient,148,47810.0
3,Nutrient,148,18820.0
3,Nutrient,148,27900.0
3,Nutrient,148,21200.0
3,Nutrient,148,17680.0
3,Nutrient,148,18820.0
3,Nutrient,148,18600.0
3,Nutrient,149,16900.0
3,Nutrient,149,18100.0
3,Nutrient,149,68900.0
3,Nutrient,149,83200.0
3,Nutrient,149,9000.0
3,Nutrient,149,10700.0
3,Nutrient,149,9540.0
3,Nutrient,149,6110.0
3,Nutrient,149,11570.0
3,Nutrient,149,11100.0
3,Nutrient,149,14550.0
3,Nutrient,149,19940.0
3,Nutrient,149,26060.0
3,Nutrient,149,20080.0
3,Nutrient,149,83180.0
3,Nutrient,149,34140.0
3,Nutrient,149,61330.0
3,Nutrient,149,19690.0
3,Nutrient,149,26600.0
3,Nutrient,149,23980.0
3,Nutrient,149,13920.0
3,Nutrient,149,18430.0
3,Nutrient,149,13920.0
3,Nutrient,149,15650.0
3,Nutrient,149,51050.0
3,Nutrient,150,6100.0
3,Nutrient,150,11000.0
3,Nutrient,150,14320.0
3,Nutrient,150,9480.0
3,Nutrient,150,14870.0
3,Nutrient,150,48708.0
3,Nutrient,151,16600.0
3,Nutrient,151,17200.0
3,Nutrient,151,18700.0
3,Nutrient,151,13130.0
3,Nutrient,151,54450.0
3,Nutrient,152,15800.0
3,Nutrient,152,18200.0
3,Nutrient,152,10900.0
3,Nutrient,152,14100.0
3,Nutrient,152,15460.0
3,Nutrient,152,7810.0
3,Nutrient,152,12940.0
3,Nutrient,152,12200.0
3,Nutrient,152,15170.0
3,Nutrient,152,19170.0
3,Nutrient,152,25250.0
3,Nutrient,152,69700.0
3,Nutrient,152,33810.0
3,Nutrient,152,37140.0
3,Nutrient,152,15760.0
3,Nutrient,152,19080.0
3,Nutrient,152,15760.0
3,Nutrient,152,12910.0
3,Nutrient,152,16210.0
3,Nutrient,152,54214.6
3,Nutrient,153,1200.0
3,Nutrient,153,2500.0
3,Nutrient,153,3400.0
3,Nutrient,153,2630.0
3,Nutrient,153,3600.0
3,Nutrient,153,5200.0
3,Nutrient,153,37750.0
3,Nutrient,153,27650.0
3,Nutrient,153,39650.0
3,Nutrient,154,3000.0
3,Nutrient,154,6800.0
3,Nutrient,154,3000.0
3,Nutrient,154,6800.0
3,Nutrient,154,4540.0
3,Nutrient,154,5100.0
3,Nutrient,154,31200.0
3,Nutrient,154,36200.0
3,Nutrient,154,40550.0
3,Nutrient,155,48000.0
3,Nutrient,155,49000.0
3,Nutrient,155,48000.0
3,Nutrient,155,48000.0
3,Nutrient,155,11000.0
3,Nutrient,155,11000.0
3,Nutrient,155,11700.0
3,Nutrient,155,17500.0
3,Nutrient,155,48600.0
3,Nutrient,155,49600.0
3,Nutrient,155,15380.0
3,Nutrient,155,50292.5
3,Nutrient,156,59000.0
3,Nutrient,156,59000.0
3,Nutrient,156,41000.0
3,Nutrient,156,41000.0
3,Nutrient,156,8000.0
3,Nutrient,156,8000.0
3,Nutrient,156,9200.0
3,Nutrient,156,13400.0
3,Nutrient,156,13800.0
3,Nutrient,156,49887.0
3,Nutrient,157,6900.0
3,Nutrient,157,10100.0
3,Nutrient,157,10180.0
3,Nutrient,157,18750.0
3,Nutrient,157,47051.95
3,Nutrient,158,900.0
3,Nutrient,158,2100.0
3,Nutrient,158,1290.0
3,Nutrient,158,1935.0
3,Nutrient,159,64060.0
3,Nutrient,159,20700.0
3,Nutrient,159,67263.0
3,Nutrient,160,13000.0
3,Nutrient,160,15700.0
3,Nutrient,160,4700.0
3,Nutrient,160,9000.0
3,Nutrient,160,48100.0
3,Nutrient,160,49300.0
3,Nutrient,160,41000.0
3,Nutrient,160,41000.0
3,Nutrient,160,7000.0
3,Nutrient,160,7000.0
3,Nutrient,160,6900.0
3,Nutrient,160,11300.0
3,Nutrient,160,6900.0
3,Nutrient,160,11300.0
3,Nutrient,160,9610.0
3,Nutrient,160,7800.0
3,Nutrient,160,23100.0
3,Nutrient,160,15670.0
3,Nutrient,160,11940.0
3,Nutrient,160,9840.0
3,Nutrient,160,13850.0
3,Nutrient,161,8600.0
3,Nutrient,162,23360.0
3,Nutrient,162,26160.0
3,Nutrient,162,
3,Nutrient,162,79000.0
3,Nutrient,164,300.0
3,Nutrient,164,3200.0
3,Nutrient,164,29300.0
3,Nutrient,165,60730.0
3,Nutrient,165,66000.0
3,Nutrient,167,68730.0
3,Nutrient,167,75500.0
3,Nutrient,169,62300.0
3,Nutrient,169,77100.0
3,Nutrient,169,62400.0
3,Nutrient,169,77200.0
3,Nutrient,169,73700.0
3,Nutrient,169,80000.0
3,Nutrient,169,66500.0
3,Nutrient,169,77000.0
3,Nutrient,169,71400.0
3,Nutrient,169,75800.0
3,Nutrient,169,75860.0
3,Nutrient,169,68630.0
3,Nutrient,169,75430.0
3,Nutrient,169,76680.0
3,Nutrient,169,84885.0
3,Nutrient,169,76116.0
3,Nutrient,170,0.0
3,Nutrient,170,0.0
3,Nutrient,170,8600.0
3,Nutrient,170,20700.0
3,Nutrient,170,5500.0
3,Nutrient,170,23500.0
3,Nutrient,170,0.0
3,Nutrient,170,23450.0
3,Nutrient,170,25740.0
3,Nutrient,170,26040.0
3,Nutrient,170,35140.0
3,Nutrient,170,35510.0
3,Nutrient,170,26040.0
3,Nutrient,170,21190.0
3,Nutrient,170,24050.0
3,Nutrient,170,26620.0
3,Nutrient,170,17890.0
3,Nutrient,170,26190.0
3,Nutrient,170,11730.0
3,Nutrient,170,26040.0
3,Nutrient,170,21500.0
3,Nutrient,170,59300.0
3,Nutrient,170,16994.5
3,Nutrient,171,14500.0
3,Nutrient,171,18600.0
3,Nutrient,171,16000.0
3,Nutrient,171,19600.0
3,Nutrient,171,2700.0
3,Nutrient,171,4600.0
3,Nutrient,171,43500.0
3,Nutrient,171,55800.0
3,Nutrient,171,5100.0
3,Nutrient,171,7200.0
3,Nutrient,171,3000.0
3,Nutrient,171,3900.0
3,Nutrient,171,4300.0
3,Nutrient,171,5700.0
3,Nutrient,171,3700.0
3,Nutrient,171,4300.0
3,Nutrient,171,0.0
3,Nutrient,171,5100.0
3,Nutrient,171,3890.0
3,Nutrient,171,4010.0
3,Nutrient,171,4000.0
3,Nutrient,171,6190.0
3,Nutrient,171,3620.0
3,Nutrient,171,4240.0
3,Nutrient,171,18910.0
3,Nutrient,171,8980.0
3,Nutrient,171,74680.0
3,Nutrient,171,13050.0
3,Nutrient,171,7290.0
3,Nutrient,171,3180.0
3,Nutrient,171,2980.0
3,Nutrient,171,4010.0
3,Nutrient,171,4000.0
3,Nutrient,171,4240.0
3,Nutrient,171,18910.0
3,Nutrient,171,8980.0
3,Nutrient,171,55760.0
3,Nutrient,171,23330.0
3,Nutrient,173,38040.0
3,Nutrient,174,2600.0
3,Nutrient,174,5000.0
3,Nutrient,174,5700.0
3,Nutrient,174,8730.0
3,Nutrient,174,8140.0
3,Nutrient,174,9770.0
3,Nutrient,174,43350.0
3,Nutrient,174,27550.0
3,Nutrient,175,39400.0
3,Nutrient,175,42400.0
3,Nutrient,175,54600.0
3,Nutrient,175,58000.0
3,Nutrient,175,57400.0
3,Nutrient,175,61000.0
3,Nutrient,175,62400.0
3,Nutrient,175,65800.0
3,Nutrient,175,85000.0
3,Nutrient,175,85300.0
3,Nutrient,175,18200.0
3,Nutrient,175,19600.0
3,Nutrient,175,11300.0
3,Nutrient,175,13600.0
3,Nutrient,175,15900.0
3,Nutrient,175,17200.0
3,Nutrient,175,16800.0
3,Nutrient,175,18200.0
3,Nutrient,175,16900.0
3,Nutrient,175,18300.0
3,Nutrient,175,62800.0
3,Nutrient,175,77700.0
3,Nutrient,175,70600.0
3,Nutrient,175,85500.0
3,Nutrient,175,17470.0
3,Nutrient,175,18070.0
3,Nutrient,175,15710.0
3,Nutrient,175,15900.0
3,Nutrient,175,21440.0
3,Nutrient,175,21080.0
3,Nutrient,175,19590.0
3,Nutrient,175,29920.0
3,Nutrient,175,27500.0
3,Nutrient,175,12440.0
3,Nutrient,175,21550.0
3,Nutrient,175,46060.0
3,Nutrient,175,20130.0
3,Nutrient,175,17210.0
3,Nutrient,175,20010.0
3,Nutrient,175,23280.0
3,Nutrient,175,29630.0
3,Nutrient,175,35110.0
3,Nutrient,175,16940.0
3,Nutrient,175,9890.0
3,Nutrient,175,13610.0
3,Nutrient,175,81170.0
3,Nutrient,175,10870.0
3,Nutrient,175,85510.0
3,Nutrient,175,14360.0
3,Nutrient,175,77700.0
3,Nutrient,175,16130.0
3,Nutrient,175,17720.0
3,Nutrient,175,28100.0
3,Nutrient,175,18280.0
3,Nutrient,175,24130.0
3,Nutrient,175,26780.0
3,Nutrient,175,31660.0
3,Nutrient,175,17470.0
3,Nutrient,175,21860.0
3,Nutrient,175,17470.0
3,Nutrient,175,14520.0
3,Nutrient,175,24810.0
3,Nutrient,175,27740.0
3,Nutrient,175,23980.0
3,Nutrient,175,34030.0
3,Nutrient,175,30150.0
3,Nutrient,175,39680.0
3,Nutrient,175,25500.0
3,Nutrient,175,23510.0
3,Nutrient,175,26980.0
3,Nutrient,175,83100.0
3,Nutrient,175,17570.0
3,Nutrient,175,15470.0
3,Nutrient,175,21150.0
3,Nutrient,175,24240.0
3,Nutrient,175,21150.0
3,Nutrient,175,21550.0
3,Nutrient,175,46060.0
3,Nutrient,175,20130.0
3,Nutrient,175,17200.0
3,Nutrient,175,20010.0
3,Nutrient,175,24240.0
3,Nutrient,175,23280.0
3,Nutrient,175,29630.0
3,Nutrient,175,13930.0
3,Nutrient,175,34030.0
3,Nutrient,175,28710.0
3,Nutrient,175,24810.0
3,Nutrient,175,14400.0
3,Nutrient,175,15020.0
3,Nutrient,175,16810.0
3,Nutrient,175,32200.0
3,Nutrient,175,38440.0
3,Nutrient,175,14650.0
3,Nutrient,175,39020.0
3,Nutrient,175,40080.0
3,Nutrient,175,26300.0
3,Nutrient,175,34550.0
3,Nutrient,175,35060.0
3,Nutrient,175,33550.0
3,Nutrient,175,37410.0
3,Nutrient,175,37340.0
3,Nutrient,175,36600.0
3,Nutrient,175,29190.0
3,Nutrient,175,35060.0
3,Nutrient,175,13600.0
3,Nutrient,175,51650.0
3,Nutrient,177,74630.0
3,Nutrient,177,77470.0
3,Nutrient,178,900.0
3,Nutrient,178,2900.0
3,Nutrient,178,1500.0
3,Nutrient,178,3400.0
3,Nutrient,178,3630.0
3,Nutrient,178,3750.0
3,Nutrient,178,2920.0
3,Nutrient,178,3400.0
3,Nutrient,178,4210.0
3,Nutrient,178,4800.0
3,Nutrient,178,3750.0
3,Nutrient,178,2920.0
3,Nutrient,178,4800.0
3,Nutrient,178,22533.0
3,Nutrient,179,65530.0
3,Nutrient,179,58350.0
3,Nutrient,180,57400.0
3,Nutrient,180,62500.0
3,Nutrient,180,62500.0
3,Nutrient,180,14730.0
3,Nutrient,180,75000.0
3,Nutrient,180,77500.0
3,Nutrient,180,72800.0
3,Nutrient,180,69550.0
3,Nutrient,181,6100.0
3,Nutrient,181,8000.0
3,Nutrient,181,9200.0
3,Nutrient,181,6400.0
3,Nutrient,181,6400.0
3,Nutrient,181,28900.0
3,Nutrient,181,74900.0
3,Nutrient,182,57983.25
3,Nutrient,182,39600.0
3,Nutrient,183,63940.0
3,Nutrient,183,24450.0
3,Nutrient,183,69300.0
3,Nutrient,183,66497.6
3,Nutrient,184,47950.0
3,Nutrient,184,61400.0
3,Nutrient,186,58350.0
3,Nutrient,186,59100.0
3,Nutrient,187,68030.0
3,Nutrient,187,71180.0
3,Nutrient,187,74240.0
3,Nutrient,187,75900.0
3,Nutrient,187,75360.0
3,Nutrient,187,61000.0
3,Nutrient,188,10700.0
3,Nutrient,188,12200.0
3,Nutrient,188,7600.0
3,Nutrient,188,12200.0
3,Nutrient,188,14490.0
3,Nutrient,188,22060.0
3,Nutrient,188,13850.0
3,Nutrient,188,12170.0
3,Nutrient,188,21950.0
3,Nutrient,188,22660.0
3,Nutrient,188,28320.0
3,Nutrient,188,13520.0
3,Nutrient,188,4600.0
3,Nutrient,188,51450.0
3,Nutrient,188,11810.0
3,Nutrient,191,52971.5
3,Nutrient,192,12200.0
3,Nutrient,192,82360.0
3,Nutrient,192,38900.0
3,Nutrient,192,12200.0
3,Nutrient,192,52502.5
3,Nutrient,193,8700.0
3,Nutrient,193,11500.0
3,Nutrient,194,36500.0
3,Nutrient,194,39000.0
3,Nutrient,194,7800.0
3,Nutrient,194,11500.0
3,Nutrient,194,12200.0
3,Nutrient,195,12650.0
3,Nutrient,197,11700.0
3,Nutrient,197,10100.0
3,Nutrient,197,10100.0
3,Nutrient,197,17630.0
3,Nutrient,197,58290.0
3,Nutrient,197,19650.0
3,Nutrient,197,12410.0
3,Nutrient,197,19650.0
3,Nutrient,197,36639.5
3,Nutrient,198,18800.0
3,Nutrient,198,24000.0
3,Nutrient,198,62900.0
3,Nutrient,198,24770.0
3,Nutrient,198,55010.0
3,Nutrient,198,60720.0
3,Nutrient,198,24770.0
3,Nutrient,198,67783.2
3,Nutrient,199,58990.0
3,Nutrient,199,18340.0
3,Nutrient,199,18340.0
3,Nutrient,199,76500.0
3,Nutrient,199,75700.0
3,Nutrient,199,62700.0
3,Nutrient,200,4100.0
3,Nutrient,200,5900.0
3,Nutrient,200,47600.0
3,Nutrient,200,62600.0
3,Nutrient,200,5940.0
3,Nutrient,200,4190.0
3,Nutrient,200,10590.0
3,Nutrient,200,2140.0
3,Nutrient,200,3600.0
3,Nutrient,200,62620.0
3,Nutrient,200,19150.0
3,Nutrient,200,19150.0
3,Nutrient,200,65735.5
3,Nutrient,200,34109.95
3,Nutrient,202,9500.0
3,Nutrient,202,7000.0
3,Nutrient,202,4820.0
3,Nutrient,202,2800.0
3,Nutrient,202,7000.0
3,Nutrient,202,2800.0
3,Nutrient,203,13930.0
3,Nutrient,204,74080.0
3,Nutrient,204,18100.0
3,Nutrient,204,79520.0
3,Nutrient,204,79180.0
3,Nutrient,204,78470.0
3,Nutrient,204,17310.0
3,Nutrient,204,54589.75
3,Nutrient,205,75500.0
3,Nutrient,205,78700.0
3,Nutrient,205,0.0
3,Nutrient,205,0.0
3,Nutrient,205,88300.0
3,Nutrient,205,88800.0
3,Nutrient,205,54900.0
3,Nutrient,205,63000.0
3,Nutrient,205,54900.0
3,Nutrient,205,63000.0
3,Nutrient,205,54900.0
3,Nutrient,205,63000.0
3,Nutrient,205,18500.0
3,Nutrient,205,21000.0
3,Nutrient,205,20400.0
3,Nutrient,205,22600.0
3,Nutrient,205,13600.0
3,Nutrient,205,16400.0
3,Nutrient,205,0.0
3,Nutrient,205,18700.0
3,Nutrient,205,20980.0
3,Nutrient,205,13860.0
3,Nutrient,205,17770.0
3,Nutrient,205,18130.0
3,Nutrient,205,19440.0
3,Nutrient,205,13020.0
3,Nutrient,205,20710.0
3,Nutrient,205,19300.0
3,Nutrient,205,23500.0
3,Nutrient,205,22330.0
3,Nutrient,205,25870.0
3,Nutrient,205,20980.0
3,Nutrient,205,13860.0
3,Nutrient,205,18130.0
3,Nutrient,205,19440.0
3,Nutrient,205,18710.0
3,Nutrient,205,22330.0
3,Nutrient,205,19020.0
3,Nutrient,205,21710.0
3,Nutrient,205,21710.0
3,Nutrient,205,15410.0
3,Nutrient,205,15410.0
3,Nutrient,205,18590.0
3,Nutrient,205,18130.0
3,Nutrient,205,18130.0
3,Nutrient,205,19440.0
3,Nutrient,205,19440.0
3,Nutrient,205,20810.0
3,Nutrient,205,19560.0
3,Nutrient,205,19560.0
3,Nutrient,205,23500.0
3,Nutrient,205,22330.0
3,Nutrient,205,22330.0
3,Nutrient,205,74260.0
3,Nutrient,205,85640.0
3,Nutrient,205,76850.0
3,Nutrient,205,76290.0
3,Nutrient,205,82750.0
3,Nutrient,205,76290.0
3,Nutrient,205,76890.0
3,Nutrient,205,79450.0
3,Nutrient,205,70280.0
3,Nutrient,205,73430.0
3,Nutrient,205,74790.0
3,Nutrient,205,91270.0
3,Nutrient,205,14260.0
3,Nutrient,205,74260.0
3,Nutrient,205,73890.0
3,Nutrient,205,76850.0
3,Nutrient,205,76290.0
3,Nutrient,205,76890.0
3,Nutrient,205,79450.0
3,Nutrient,205,70280.0
3,Nutrient,205,73430.0
3,Nutrient,205,74790.0
3,Nutrient,205,14260.0
3,Nutrient,205,79450.0
3,Nutrient,205,79450.0
3,Nutrient,205,21880.0
3,Nutrient,205,11740.0
3,Nutrient,205,76930.0
3,Nutrient,205,74930.0
3,Nutrient,205,75200.0
3,Nutrient,205,77140.0
3,Nutrient,205,72900.0
3,Nutrient,205,66270.0
3,Nutrient,205,51410.45
3,Nutrient,205,82500.0
3,Nutrient,206,15800.0
3,Nutrient,206,17800.0
3,Nutrient,206,71620.0
3,Nutrient,206,17770.0
3,Nutrient,206,45762.0
3,Nutrient,208,17400.0
3,Nutrient,208,19000.0
3,Nutrient,208,22840.0
3,Nutrient,208,88280.0
3,Nutrient,214,4300.0
3,Nutrient,214,8200.0
3,Nutrient,224,15140.0
3,Nutrient,224,74000.0
3,Nutrient,229,8900.0
3,Nutrient,229,10600.0
3,Nutrient,229,10550.0
3,Nutrient,234,20870.0
3,Nutrient,237,2100.0
3,Nutrient,237,3700.0
3,Nutrient,237,3740.0
3,Nutrient,237,4130.0
3,Nutrient,237,4130.0
3,Nutrient,241,6500.0
3,Nutrient,242,71130.0
3,Nutrient,243,80700.0
3,Nutrient,243,16800.0
3,Nutrient,246,72130.0
3,Nutrient,246,73140.0
3,Nutrient,247,5690.0
3,Nutrient,247,4910.0
3,Nutrient,247,6460.0
3,Nutrient,247,7100.0
3,Nutrient,247,4910.0
3,Nutrient,247,7100.0
3,Nutrient,249,4300.0
3,Nutrient,249,8200.0
3,Nutrient,252,1200.0
3,Nutrient,252,2200.0
3,Nutrient,252,2180.0
3,Nutrient,252,1780.0
3,Nutrient,252,1780.0
3,Nutrient,253,3230.0
3,Nutrient,253,2410.0
3,Nutrient,253,2410.0
3,Nutrient,256,8400.0
3,Nutrient,256,9800.0
3,Nutrient,256,7900.0
3,Nutrient,256,7900.0
3,Nutrient,256,8080.0
3,Nutrient,256,10660.0
3,Nutrient,256,9690.0
3,Nutrient,256,7500.0
3,Nutrient,256,8410.0
3,Nutrient,256,9090.0
3,Nutrient,256,8190.0
3,Nutrient,256,9150.0
3,Nutrient,256,9210.0
3,Nutrient,256,15440.0
3,Nutrient,256,8960.0
3,Nutrient,256,11130.0
3,Nutrient,256,34560.0
3,Nutrient,256,9730.0
3,Nutrient,256,9200.0
3,Nutrient,256,9200.0
3,Nutrient,261,3200.0
3,Nutrient,261,3900.0
3,Nutrient,261,2500.0
3,Nutrient,261,4100.0
3,Nutrient,261,4100.0
3,Nutrient,261,3430.0
3,Nutrient,261,63370.0
3,Nutrient,261,3430.0
3,Nutrient,264,12400.0
3,Nutrient,264,14400.0
3,Nutrient,264,4900.0
3,Nutrient,264,7200.0
3,Nutrient,264,9100.0
3,Nutrient,264,11400.0
3,Nutrient,264,32250.0
3,Nutrient,264,44450.0
3,Nutrient,268,8600.0
3,Nutrient,268,8600.0
3,Nutrient,268,5700.0
3,Nutrient,268,5700.0
3,Nutrient,268,3200.0
3,Nutrient,268,3200.0
3,Nutrient,268,2700.0
3,Nutrient,268,2700.0
3,Nutrient,268,2700.0
3,Nutrient,268,2700.0
3,Nutrient,268,4600.0
3,Nutrient,268,4600.0
3,Nutrient,268,3550.0
3,Nutrient,268,2970.0
3,Nutrient,268,870.0
3,Nutrient,268,1640.0
3,Nutrient,268,1860.0
3,Nutrient,268,730.0
3,Nutrient,269,49500.0
3,Nutrient,269,54000.0
3,Nutrient,269,48600.0
3,Nutrient,269,53000.0
3,Nutrient,269,46000.0
3,Nutrient,269,49900.0
3,Nutrient,269,44200.0
3,Nutrient,269,48300.0
3,Nutrient,269,46700.0
3,Nutrient,269,51000.0
3,Nutrient,269,47200.0
3,Nutrient,269,51000.0
3,Nutrient,269,44200.0
3,Nutrient,269,48000.0
3,Nutrient,269,45400.0
3,Nutrient,269,50000.0
3,Nutrient,269,44100.0
3,Nutrient,269,50000.0
3,Nutrient,269,43300.0
3,Nutrient,269,47800.0
3,Nutrient,269,52600.0
3,Nutrient,269,56000.0
3,Nutrient,269,50000.0
3,Nutrient,269,43800.0
3,Nutrient,269,68400.0
3,Nutrient,269,52040.0
3,Nutrient,269,52000.0
3,Nutrient,269,50200.0
3,Nutrient,269,50150.0
3,Nutrient,269,44600.0
3,Nutrient,269,42100.0
3,Nutrient,269,52700.0
3,Nutrient,269,48100.0
3,Nutrient,269,53400.0
3,Nutrient,269,50840.0
3,Nutrient,269,51290.0
3,Nutrient,269,41720.0
3,Nutrient,269,49590.0
3,Nutrient,269,44830.0
3,Nutrient,269,71040.0
3,Nutrient,269,39470.0
3,Nutrient,269,69390.0
3,Nutrient,270,61900.0
3,Nutrient,270,70700.0
3,Nutrient,270,61900.0
3,Nutrient,270,70700.0
3,Nutrient,270,62100.0
3,Nutrient,270,70700.0
3,Nutrient,270,80100.0
3,Nutrient,270,83200.0
3,Nutrient,270,86100.0
3,Nutrient,270,88000.0
3,Nutrient,270,74240.0
3,Nutrient,270,83700.0
3,Nutrient,270,88200.0
3,Nutrient,270,80000.0
3,Nutrient,270,85510.0
3,Nutrient,270,85900.0
3,Nutrient,270,78650.0
3,Nutrient,270,74680.0
3,Nutrient,270,86050.0
3,Nutrient,270,85800.0
3,Nutrient,270,84620.0
3,Nutrient,270,83680.0
3,Nutrient,270,83870.0
3,Nutrient,270,87110.0
3,Nutrient,270,88800.0
3,Nutrient,270,71800.0
3,Nutrient,270,86220.0
3,Nutrient,270,79000.0
3,Nutrient,270,80400.0
3,Nutrient,270,86700.0
3,Nutrient,270,82000.0
3,Nutrient,270,90900.0
3,Nutrient,270,86200.0
3,Nutrient,270,83870.0
3,Nutrient,270,53250.0
3,Nutrient,270,80100.0
3,Nutrient,270,81900.0
3,Nutrient,270,78570.0
3,Nutrient,270,87400.0
3,Nutrient,270,83850.0
3,Nutrient,270,82820.0
3,Nutrient,270,77690.0
3,Nutrient,270,81480.0
3,Nutrient,270,78200.0
3,Nutrient,270,73650.0
3,Nutrient,270,87500.0
3,Nutrient,270,83000.0
3,Nutrient,270,85030.0
3,Nutrient,270,77360.0
3,Nutrient,270,78100.0
3,Nutrient,270,85190.0
3,Nutrient,270,85240.0
3,Nutrient,270,87780.0
3,Nutrient,270,74100.0
3,Nutrient,270,90400.0
3,Nutrient,270,90860.0
3,Nutrient,270,89000.0
3,Nutrient,270,90700.0
3,Nutrient,270,74220.0
3,Nutrient,270,86700.0
3,Nutrient,270,76670.0
3,Nutrient,270,84380.0
3,Nutrient,270,86300.0
3,Nutrient,270,83600.0
3,Nutrient,270,82980.0
3,Nutrient,270,93700.0
3,Nutrient,270,49600.0
3,Nutrient,270,58110.0
3,Nutrient,270,77550.0
3,Nutrient,270,79310.0
3,Nutrient,270,82600.0
3,Nutrient,270,82400.0
3,Nutrient,270,11400.0
3,Nutrient,270,76500.0
3,Nutrient,270,10520.0
3,Nutrient,270,73190.0
3,Nutrient,270,10920.0
3,Nutrient,270,75500.0
3,Nutrient,270,13080.0
3,Nutrient,270,75600.0
3,Nutrient,270,15100.0
3,Nutrient,270,81600.0
3,Nutrient,270,19300.0
3,Nutrient,270,10920.0
3,Nutrient,270,77300.0
3,Nutrient,270,15810.0
3,Nutrient,270,75600.0
3,Nutrient,270,72000.0
3,Nutrient,270,13300.0
3,Nutrient,270,67700.0
3,Nutrient,270,12000.0
3,Nutrient,270,67550.0
3,Nutrient,270,11670.0
3,Nutrient,270,75960.0
3,Nutrient,270,76970.0
3,Nutrient,270,21520.0
3,Nutrient,270,73280.0
3,Nutrient,270,76310.0
3,Nutrient,270,20320.0
3,Nutrient,270,72100.0
3,Nutrient,270,11200.0
3,Nutrient,270,72000.0
3,Nutrient,270,13700.0
3,Nutrient,270,83300.0
3,Nutrient,270,81900.0
3,Nutrient,270,75600.0
3,Nutrient,270,11800.0
3,Nutrient,270,75200.0
3,Nutrient,270,13700.0
3,Nutrient,270,76390.0
3,Nutrient,270,78760.0
3,Nutrient,270,81400.0
3,Nutrient,270,14200.0
3,Nutrient,270,89800.0
3,Nutrient,270,79600.0
3,Nutrient,270,11500.0
3,Nutrient,270,10660.0
3,Nutrient,270,13080.0
3,Nutrient,270,78000.0
3,Nutrient,270,10920.0
3,Nutrient,270,15810.0
3,Nutrient,270,79900.0
3,Nutrient,270,13230.0
3,Nutrient,270,12000.0
3,Nutrient,270,13700.0
3,Nutrient,270,11740.0
3,Nutrient,270,13700.0
3,Nutrient,270,14200.0
3,Nutrient,270,11200.0
3,Nutrient,270,81500.0
3,Nutrient,270,84000.0
3,Nutrient,270,83800.0
3,Nutrient,270,81600.0
3,Nutrient,270,75860.0
3,Nutrient,270,73440.0
3,Nutrient,270,78900.0
3,Nutrient,270,87200.0
3,Nutrient,270,89500.0
3,Nutrient,270,79160.0
3,Nutrient,270,83690.0
3,Nutrient,270,67200.0
3,Nutrient,270,77770.0
3,Nutrient,270,78070.0
3,Nutrient,270,74890.0
3,Nutrient,270,85900.0
3,Nutrient,270,74670.0
3,Nutrient,270,81240.0
3,Nutrient,270,80570.0
3,Nutrient,270,90000.0
3,Nutrient,270,75420.0
3,Nutrient,270,72410.0
3,Nutrient,270,76130.0
3,Nutrient,270,62940.0
3,Nutrient,270,76380.0
3,Nutrient,270,7490.0
3,Nutrient,270,11260.0
3,Nutrient,270,81480.0
3,Nutrient,270,7490.0
3,Nutrient,270,11240.0
3,Nutrient,270,83700.0
3,Nutrient,270,84210.0
3,Nutrient,270,83330.0
3,Nutrient,270,82260.0
3,Nutrient,270,85550.0
3,Nutrient,270,76360.0
3,Nutrient,270,13490.0
3,Nutrient,270,13470.0
3,Nutrient,270,77000.0
3,Nutrient,270,80100.0
3,Nutrient,270,77000.0
3,Nutrient,270,85700.0
3,Nutrient,270,79590.0
3,Nutrient,270,80000.0
3,Nutrient,270,80000.0
3,Nutrient,270,82140.0
3,Nutrient,270,84850.0
3,Nutrient,270,85190.0
3,Nutrient,270,85190.0
3,Nutrient,270,79730.0
3,Nutrient,270,84850.0
3,Nutrient,270,84850.0
3,Nutrient,270,80000.0
3,Nutrient,270,87260.0
3,Nutrient,270,81700.0
3,Nutrient,270,79300.0
3,Nutrient,270,73000.0
3,Nutrient,270,84700.0
3,Nutrient,270,78150.0
3,Nutrient,270,88740.0
3,Nutrient,270,88700.0
3,Nutrient,270,87210.0
3,Nutrient,270,84270.0
3,Nutrient,270,87990.0
3,Nutrient,270,79900.0
3,Nutrient,270,87000.0
3,Nutrient,270,74540.0
3,Nutrient,270,86000.0
3,Nutrient,270,82250.0
3,Nutrient,270,82980.0
3,Nutrient,270,86600.0
3,Nutrient,270,85900.0
3,Nutrient,270,86400.0
3,Nutrient,270,87900.0
3,Nutrient,270,74600.0
3,Nutrient,270,78270.0
3,Nutrient,270,74920.0
3,Nutrient,270,79210.0
3,Nutrient,270,86380.0
3,Nutrient,270,87640.0
3,Nutrient,270,79690.0
3,Nutrient,270,83640.0
3,Nutrient,270,77910.0
3,Nutrient,270,59510.0
3,Nutrient,270,81010.0
3,Nutrient,270,49380.0
3,Nutrient,270,80950.0
3,Nutrient,270,87900.0
3,Nutrient,270,84900.0
3,Nutrient,270,86300.0
3,Nutrient,270,80000.0
3,Nutrient,270,69000.0
3,Nutrient,270,76400.0
3,Nutrient,270,79400.0
3,Nutrient,270,79000.0
3,Nutrient,270,79300.0
3,Nutrient,270,58000.0
3,Nutrient,270,87770.0
3,Nutrient,270,84530.0
3,Nutrient,270,76980.0
3,Nutrient,270,68180.0
3,Nutrient,270,90900.0
3,Nutrient,270,73490.0
3,Nutrient,270,75850.0
3,Nutrient,270,77010.0
3,Nutrient,270,75860.0
3,Nutrient,270,77430.0
3,Nutrient,270,76340.0
3,Nutrient,270,65780.0
3,Nutrient,270,75310.0
3,Nutrient,270,68180.0
3,Nutrient,270,74800.0
3,Nutrient,270,87000.0
3,Nutrient,270,82000.0
3,Nutrient,270,80300.0
3,Nutrient,270,79000.0
3,Nutrient,270,87100.0
3,Nutrient,270,89000.0
3,Nutrient,270,47800.0
3,Nutrient,270,87600.0
3,Nutrient,270,89720.0
3,Nutrient,270,80330.0
3,Nutrient,270,78800.0
3,Nutrient,270,76900.0
3,Nutrient,270,80000.0
3,Nutrient,270,74300.0
3,Nutrient,270,84500.0
3,Nutrient,270,81530.0
3,Nutrient,270,90200.0
3,Nutrient,270,87300.0
3,Nutrient,270,79100.0
3,Nutrient,270,89400.0
3,Nutrient,270,82900.0
3,Nutrient,270,90100.0
3,Nutrient,270,73370.0
3,Nutrient,270,69090.0
3,Nutrient,270,79770.0
3,Nutrient,270,85790.0
3,Nutrient,270,88010.0
3,Nutrient,270,86780.0
3,Nutrient,270,86850.0
3,Nutrient,270,86040.0
3,Nutrient,270,8720.0
3,Nutrient,270,9220.0
3,Nutrient,270,82140.0
3,Nutrient,270,89260.0
3,Nutrient,270,88000.0
3,Nutrient,270,83000.0
3,Nutrient,270,80000.0
3,Nutrient,270,79000.0
3,Nutrient,270,83000.0
3,Nutrient,270,85400.0
3,Nutrient,270,81800.0
3,Nutrient,270,79800.0
3,Nutrient,270,79000.0
3,Nutrient,270,82700.0
3,Nutrient,270,83100.0
3,Nutrient,270,78900.0
3,Nutrient,270,80720.0
3,Nutrient,270,80390.0
3,Nutrient,270,78560.0
3,Nutrient,270,85920.0
3,Nutrient,270,81750.0
3,Nutrient,270,76900.0
3,Nutrient,270,78400.0
3,Nutrient,270,67000.0
3,Nutrient,270,63000.0
3,Nutrient,270,65000.0
3,Nutrient,270,66300.0
3,Nutrient,270,70900.0
3,Nutrient,270,69200.0
3,Nutrient,270,81000.0
3,Nutrient,270,78000.0
3,Nutrient,270,77000.0
3,Nutrient,270,71790.0
3,Nutrient,270,11740.0
3,Nutrient,270,10100.0
3,Nutrient,270,72630.0
3,Nutrient,270,11160.0
3,Nutrient,270,10670.0
3,Nutrient,270,78570.0
3,Nutrient,270,85440.0
3,Nutrient,270,83000.0
3,Nutrient,270,85190.0
3,Nutrient,270,81000.0
3,Nutrient,270,78000.0
3,Nutrient,270,85490.0
3,Nutrient,270,75100.0
3,Nutrient,270,83300.0
3,Nutrient,270,68700.0
3,Nutrient,270,75800.0
3,Nutrient,270,80800.0
3,Nutrient,270,84700.0
3,Nutrient,270,83400.0
3,Nutrient,270,80400.0
3,Nutrient,270,82400.0
3,Nutrient,270,82800.0
3,Nutrient,270,81700.0
3,Nutrient,270,85200.0
3,Nutrient,270,85300.0
3,Nutrient,270,76800.0
3,Nutrient,270,82800.0
3,Nutrient,270,81300.0
3,Nutrient,270,86500.0
3,Nutrient,270,79800.0
3,Nutrient,270,76000.0
3,Nutrient,270,78100.0
3,Nutrient,270,78400.0
3,Nutrient,270,84900.0
3,Nutrient,270,82500.0
3,Nutrient,270,84200.0
3,Nutrient,270,81900.0
3,Nutrient,270,80900.0
3,Nutrient,270,85000.0
3,Nutrient,270,84100.0
3,Nutrient,270,82300.0
3,Nutrient,270,82000.0
3,Nutrient,270,83500.0
3,Nutrient,270,86680.0
3,Nutrient,270,85000.0
3,Nutrient,270,77400.0
3,Nutrient,270,82100.0
3,Nutrient,270,78810.0
3,Nutrient,270,79960.0
3,Nutrient,270,85900.0
3,Nutrient,270,85140.0
3,Nutrient,270,85900.0
3,Nutrient,270,78860.0
3,Nutrient,270,87600.0
3,Nutrient,270,81900.0
3,Nutrient,270,78020.0
3,Nutrient,270,81700.0
3,Nutrient,270,83300.0
3,Nutrient,270,86100.0
3,Nutrient,270,80600.0
3,Nutrient,270,71130.0
3,Nutrient,270,69690.0
3,Nutrient,270,67000.0
3,Nutrient,270,71570.0
3,Nutrient,270,74120.0
3,Nutrient,270,85200.0
3,Nutrient,270,84600.0
3,Nutrient,270,86700.0
3,Nutrient,270,77800.0
3,Nutrient,270,84100.0
3,Nutrient,270,77400.0
3,Nutrient,270,79700.0
3,Nutrient,270,72700.0
3,Nutrient,270,73700.0
3,Nutrient,270,74500.0
3,Nutrient,270,75700.0
3,Nutrient,270,73800.0
3,Nutrient,270,76200.0
3,Nutrient,270,16220.0
3,Nutrient,270,82400.0
3,Nutrient,270,78000.0
3,Nutrient,270,86000.0
3,Nutrient,270,83000.0
3,Nutrient,270,71150.0
3,Nutrient,272,8580.0
3,Nutrient,272,9940.0
3,Nutrient,272,9390.0
3,Nutrient,272,30910.0
3,Nutrient,272,7360.0
3,Nutrient,272,12540.0
3,Nutrient,272,9350.0
3,Nutrient,272,0.0
3,Nutrient,272,0.0
3,Nutrient,272,1500.0
3,Nutrient,272,30910.0
3,Nutrient,272,25410.0
3,Nutrient,272,10220.0
3,Nutrient,272,2590.0
3,Nutrient,272,6900.0
3,Nutrient,273,13790.0
3,Nutrient,274,26900.0
3,Nutrient,274,28900.0
3,Nutrient,274,72800.0
3,Nutrient,274,76000.0
3,Nutrient,274,63700.0
3,Nutrient,274,73300.0
3,Nutrient,274,86090.0
3,Nutrient,274,79260.0
3,Nutrient,274,27910.0
3,Nutrient,274,54730.0
3,Nutrient,274,24930.0
3,Nutrient,274,55720.0
3,Nutrient,274,25040.0
3,Nutrient,274,23540.0
3,Nutrient,274,25120.0
3,Nutrient,274,74670.0
3,Nutrient,274,30860.0
3,Nutrient,274,67560.0
3,Nutrient,274,31660.0
3,Nutrient,274,74880.0
3,Nutrient,274,26610.0
3,Nutrient,274,75030.0
3,Nutrient,274,26540.0
3,Nutrient,274,71270.0
3,Nutrient,274,25160.0
3,Nutrient,274,70320.0
3,Nutrient,274,24250.0
3,Nutrient,274,57540.0
3,Nutrient,274,74620.0
3,Nutrient,274,21440.0
3,Nutrient,274,74100.0
3,Nutrient,274,27540.0
3,Nutrient,274,51900.0
3,Nutrient,274,74670.0
3,Nutrient,274,30860.0
3,Nutrient,274,67560.0
3,Nutrient,274,31660.0
3,Nutrient,274,75030.0
3,Nutrient,274,26540.0
3,Nutrient,274,74810.0
3,Nutrient,274,26150.0
3,Nutrient,274,83240.0
3,Nutrient,274,24900.0
3,Nutrient,274,65650.0
3,Nutrient,274,30880.0
3,Nutrient,274,25160.0
3,Nutrient,274,30590.0
3,Nutrient,274,30860.0
3,Nutrient,274,71270.0
3,Nutrient,274,25160.0
3,Nutrient,274,74670.0
3,Nutrient,274,30860.0
3,Nutrient,274,74670.0
3,Nutrient,274,25160.0
3,Nutrient,274,30590.0
3,Nutrient,274,30880.0
3,Nutrient,274,65650.0
3,Nutrient,274,82320.0
3,Nutrient,275,71300.0
3,Nutrient,275,74300.0
3,Nutrient,275,66400.0
3,Nutrient,275,69400.0
3,Nutrient,275,55900.0
3,Nutrient,275,58900.0
3,Nutrient,275,60100.0
3,Nutrient,275,63100.0
3,Nutrient,275,60500.0
3,Nutrient,275,66000.0
3,Nutrient,275,60400.0
3,Nutrient,275,63400.0
3,Nutrient,275,48500.0
3,Nutrient,275,63300.0
3,Nutrient,275,48400.0
3,Nutrient,275,47600.0
3,Nutrient,275,55400.0
3,Nutrient,275,43270.0
3,Nutrient,275,46630.0
3,Nutrient,275,44600.0
3,Nutrient,275,47400.0
3,Nutrient,275,74100.0
3,Nutrient,275,63900.0
3,Nutrient,275,76600.0
3,Nutrient,275,50200.0
3,Nutrient,275,68900.0
3,Nutrient,275,78300.0
3,Nutrient,275,72400.0
3,Nutrient,275,73300.0
3,Nutrient,275,63860.0
3,Nutrient,275,65050.0
3,Nutrient,275,66100.0
3,Nutrient,275,61400.0
3,Nutrient,275,68200.0
3,Nutrient,275,58400.0
3,Nutrient,275,70670.0
3,Nutrient,275,66100.0
3,Nutrient,275,68200.0
3,Nutrient,275,72200.0
3,Nutrient,275,70900.0
3,Nutrient,275,84000.0
3,Nutrient,275,76900.0
3,Nutrient,275,76800.0
3,Nutrient,275,66500.0
3,Nutrient,275,59700.0
3,Nutrient,275,67700.0
3,Nutrient,275,73800.0
3,Nutrient,275,68700.0
3,Nutrient,275,65700.0
3,Nutrient,275,67300.0
3,Nutrient,275,59100.0
3,Nutrient,275,65700.0
3,Nutrient,275,68400.0
3,Nutrient,275,58900.0
3,Nutrient,275,57700.0
3,Nutrient,275,52100.0
3,Nutrient,275,57300.0
3,Nutrient,275,58900.0
3,Nutrient,275,65600.0
3,Nutrient,275,68000.0
3,Nutrient,275,64500.0
3,Nutrient,275,58300.0
3,Nutrient,275,80400.0
3,Nutrient,275,71300.0
3,Nutrient,275,73400.0
3,Nutrient,275,67700.0
3,Nutrient,275,69900.0
3,Nutrient,275,50800.0
3,Nutrient,275,66000.0
3,Nutrient,275,76800.0
3,Nutrient,275,67900.0
3,Nutrient,275,59000.0
3,Nutrient,275,65600.0
3,Nutrient,275,60000.0
3,Nutrient,275,70640.0
3,Nutrient,275,72100.0
3,Nutrient,275,73600.0
3,Nutrient,275,71100.0
3,Nutrient,275,66400.0
3,Nutrient,275,58200.0
3,Nutrient,275,68900.0
3,Nutrient,275,66800.0
3,Nutrient,275,59700.0
3,Nutrient,275,78600.0
3,Nutrient,275,67200.0
3,Nutrient,275,65020.0
3,Nutrient,275,61230.0
3,Nutrient,275,68160.0
3,Nutrient,275,69440.0
3,Nutrient,275,64780.0
3,Nutrient,275,69120.0
3,Nutrient,275,66760.0
3,Nutrient,275,69410.0
3,Nutrient,275,68170.0
3,Nutrient,275,69270.0
3,Nutrient,275,70550.0
3,Nutrient,275,72230.0
3,Nutrient,275,58480.0
3,Nutrient,275,65920.0
3,Nutrient,275,65920.0
3,Nutrient,275,76230.0
3,Nutrient,275,71800.0
3,Nutrient,275,69700.0
3,Nutrient,275,55200.0
3,Nutrient,275,83580.0
3,Nutrient,275,59410.0
3,Nutrient,275,45310.0
3,Nutrient,275,60710.0
3,Nutrient,275,41380.0
3,Nutrient,275,41180.0
3,Nutrient,275,74250.0
3,Nutrient,275,66280.0
3,Nutrient,275,75330.0
3,Nutrient,275,65860.0
3,Nutrient,275,43770.0
3,Nutrient,275,66240.0
3,Nutrient,275,72750.0
3,Nutrient,275,40840.0
3,Nutrient,275,42510.0
3,Nutrient,275,43760.0
3,Nutrient,277,500.0
3,Nutrient,277,500.0
3,Nutrient,277,500.0
3,Nutrient,277,500.0
3,Nutrient,277,1000.0
3,Nutrient,277,1000.0
3,Nutrient,277,500.0
3,Nutrient,277,500.0
3,Nutrient,279,0.0
3,Nutrient,279,0.0
3,Nutrient,279,0.0
3,Nutrient,279,100.0
3,Nutrient,279,0.0
3,Nutrient,280,6010.0
3,Nutrient,280,11050.0
3,Nutrient,281,17600.0
3,Nutrient,282,7690.0
3,Nutrient,282,4800.0
3,Nutrient,283,40750.0
3,Nutrient,283,53660.0
3,Nutrient,283,54650.0
3,Nutrient,284,10420.0
3,Nutrient,284,14580.0
3,Nutrient,284,8790.0
3,Nutrient,284,8700.0
3,Nutrient,284,10810.0
3,Nutrient,284,6460.0
3,Nutrient,284,14580.0
3,Nutrient,284,8790.0
3,Nutrient,284,10810.0
3,Nutrient,284,6460.0
3,Nutrient,285,6750.0
3,Nutrient,285,80880.0
3,Nutrient,286,0.0
3,Nutrient,286,0.0
3,Nutrient,287,33900.0
3,Nutrient,287,41800.0
3,Nutrient,287,200.0
3,Nutrient,287,2100.0
3,Nutrient,287,2100.0
3,Nutrient,288,72120.0
3,Nutrient,288,75300.0
3,Nutrient,289,4020.0
3,Nutrient,289,4110.0
3,Nutrient,289,4110.0
3,Nutrient,289,65250.0
3,Nutrient,289,18690.0
3,Nutrient,289,29015.0
3,Nutrient,290,20230.0
3,Nutrient,290,16140.0
3,Nutrient,290,16140.0
3,Nutrient,291,13390.0
3,Nutrient,291,88150.0
3,Nutrient,291,60300.0
3,Nutrient,292,10650.0
3,Nutrient,293,0.0
3,Nutrient,293,0.0
3,Nutrient,293,9640.0
3,Nutrient,293,0.0
3,Nutrient,293,0.0
3,Nutrient,294,0.0
3,Nutrient,294,0.0
3,Nutrient,295,0.0
3,Nutrient,295,0.0
3,Nutrient,296,0.0
3,Nutrient,296,0.0
3,Nutrient,297,0.0
3,Nutrient,297,0.0
3,Nutrient,297,0.0
3,Nutrient,297,0.0
3,Nutrient,298,3200.0
3,Nutrient,298,3700.0
3,Nutrient,298,3200.0
3,Nutrient,298,3700.0
3,Nutrient,298,6000.0
3,Nutrient,298,6700.0
3,Nutrient,298,5200.0
3,Nutrient,298,1920.0
3,Nutrient,298,3220.0
3,Nutrient,298,1520.0
3,Nutrient,299,0.0
3,Nutrient,299,0.0
3,Nutrient,301,33500.0
3,Nutrient,302,0.0
3,Nutrient,302,0.0
3,Nutrient,302,0.0
3,Nutrient,302,0.0
3,Nutrient,302,2000.0
3,Nutrient,302,0.0
3,Nutrient,305,0.0
3,Nutrient,306,40.0
3,Nutrient,306,0.0
3,Nutrient,306,0.0
3,Nutrient,306,480.0
3,Nutrient,307,3690.0
3,Nutrient,307,7390.0
3,Nutrient,308,0.0
3,Nutrient,308,0.0
3,Nutrient,309,0.0
3,Nutrient,309,0.0
3,Nutrient,311,0.0
3,Nutrient,311,0.0
3,Nutrient,311,0.0
3,Nutrient,312,27120.0
3,Nutrient,312,29240.0
3,Nutrient,312,32000.0
3,Nutrient,312,40100.0
3,Nutrient,312,55082.5
3,Nutrient,312,41800.0
3,Nutrient,313,46280.0
3,Nutrient,313,79390.0
3,Nutrient,313,43862.5
3,Nutrient,314,2850.0
3,Nutrient,314,3120.0
3,Nutrient,317,0.0
3,Nutrient,317,0.0
3,Nutrient,317,0.0
3,Nutrient,317,0.0
3,Nutrient,318,3610.0
3,Nutrient,318,2160.0
3,Nutrient,318,380.0
3,Nutrient,318,2160.0
3,Nutrient,318,33768.0
3,Nutrient,319,0.0
3,Nutrient,319,0.0
3,Nutrient,320,12050.0
3,Nutrient,320,12258.2
3,Nutrient,321,11690.0
3,Nutrient,321,10490.0
3,Nutrient,321,14410.0
3,Nutrient,321,10050.0
3,Nutrient,321,10490.0
3,Nutrient,321,10040.0
3,Nutrient,322,3390.0
3,Nutrient,322,3690.0
3,Nutrient,322,65040.0
3,Nutrient,322,3100.0
3,Nutrient,322,39450.0
3,Nutrient,322,8300.0
3,Nutrient,323,4070.0
3,Nutrient,323,5330.0
3,Nutrient,323,4740.0
3,Nutrient,325,13630.0
3,Nutrient,326,88880.0
3,Nutrient,327,0.0
3,Nutrient,327,0.0
3,Nutrient,328,36300.0
3,Nutrient,328,38100.0
3,Nutrient,328,38060.0
3,Nutrient,328,56203.75
3,Nutrient,329,0.0
3,Nutrient,329,8040.0
3,Nutrient,329,0.0
3,Nutrient,329,0.0
3,Nutrient,329,0.0
3,Nutrient,330,2800.0
3,Nutrient,330,4500.0
3,Nutrient,330,4510.0
3,Nutrient,330,5090.0
3,Nutrient,330,4500.0
3,Nutrient,330,41271.5
3,Nutrient,331,15400.0
3,Nutrient,331,17700.0
3,Nutrient,331,17710.0
3,Nutrient,331,57000.0
3,Nutrient,332,1700.0
3,Nutrient,332,3700.0
3,Nutrient,332,8200.0
3,Nutrient,332,10200.0
3,Nutrient,332,49100.0
3,Nutrient,332,51015.0
3,Nutrient,333,42120.0
3,Nutrient,335,3810.0
3,Nutrient,336,49070.0
3,Nutrient,336,79760.0
3,Nutrient,336,33640.0
3,Nutrient,336,52360.0
3,Nutrient,337,23940.0
3,Nutrient,337,12300.0
3,Nutrient,337,51850.0
3,Nutrient,338,3020.0
3,Nutrient,338,4310.0
3,Nutrient,338,3010.0
3,Nutrient,338,4310.0
3,Nutrient,338,31553.25
3,Nutrient,338,27035.0
3,Nutrient,339,0.0
3,Nutrient,339,0.0
3,Nutrient,340,4700.0
3,Nutrient,341,11300.0
3,Nutrient,341,23900.0
3,Nutrient,341,0.0
3,Nutrient,341,0.0
3,Nutrient,341,900.0
3,Nutrient,341,14900.0
3,Nutrient,341,0.0
3,Nutrient,341,0.0
3,Nutrient,341,0.0
3,Nutrient,341,0.0
3,Nutrient,341,0.0
3,Nutrient,341,0.0
3,Nutrient,341,15230.0
3,Nutrient,341,23650.0
3,Nutrient,341,51850.0
3,Nutrient,341,40910.0
3,Nutrient,341,44400.0
3,Nutrient,341,6650.0
3,Nutrient,341,53210.0
3,Nutrient,341,5540.0
3,Nutrient,341,2810.0
3,Nutrient,341,3710.0
3,Nutrient,341,5580.0
3,Nutrient,341,21520.0
3,Nutrient,341,47670.0
3,Nutrient,341,21250.0
3,Nutrient,342,0.0
3,Nutrient,342,0.0
3,Nutrient,343,0.0
3,Nutrient,343,0.0
3,Nutrient,343,0.0
3,Nutrient,343,0.0
3,Nutrient,344,1500.0
3,Nutrient,344,1500.0
3,Nutrient,344,2200.0
3,Nutrient,344,4400.0
3,Nutrient,345,3600.0
3,Nutrient,345,26800.0
3,Nutrient,346,0.0
3,Nutrient,346,0.0
3,Nutrient,346,0.0
3,Nutrient,346,0.0
3,Nutrient,346,40540.0
3,Nutrient,346,36100.0
3,Nutrient,346,38430.0
3,Nutrient,346,21900.0
3,Nutrient,346,52750.0
3,Nutrient,347,59640.0
3,Nutrient,347,20320.0
3,Nutrient,347,20320.0
3,Nutrient,348,19400.0
3,Nutrient,348,20000.0
3,Nutrient,348,19950.0
3,Nutrient,349,12300.0
3,Nutrient,350,0.0
3,Nutrient,350,7540.0
3,Nutrient,351,0.0
3,Nutrient,351,0.0
3,Nutrient,352,820.0
3,Nutrient,352,1640.0
3,Nutrient,354,0.0
3,Nutrient,355,3200.0
3,Nutrient,355,2930.0
3,Nutrient,355,2930.0
3,Nutrient,356,0.0
3,Nutrient,356,0.0
3,Nutrient,357,0.0
3,Nutrient,357,0.0
3,Nutrient,359,740.0
3,Nutrient,359,950.0
3,Nutrient,360,27090.0
3,Nutrient,360,51084.25
3,Nutrient,361,2720.0
3,Nutrient,361,5450.0
3,Nutrient,361,3910.0
3,Nutrient,361,4230.0
3,Nutrient,361,5530.0
3,Nutrient,361,7280.0
3,Nutrient,362,0.0
3,Nutrient,362,0.0
3,Nutrient,363,43000.0
3,Nutrient,363,43000.0
3,Nutrient,363,6000.0
3,Nutrient,363,6000.0
3,Nutrient,363,11400.0
3,Nutrient,363,18400.0
3,Nutrient,363,18400.0
3,Nutrient,366,31680.0
3,Nutrient,367,0.0
3,Nutrient,367,0.0
3,Nutrient,368,45540.0
3,Nutrient,368,44170.0
3,Nutrient,368,77310.0
3,Nutrient,368,78430.0
3,Nutrient,368,27760.0
3,Nutrient,368,52960.0
3,Nutrient,368,64448.0
3,Nutrient,369,0.0
3,Nutrient,369,0.0
3,Nutrient,369,0.0
3,Nutrient,369,0.0
3,Nutrient,370,19220.0
3,Nutrient,370,6300.0
3,Nutrient,371,0.0
3,Nutrient,371,0.0
3,Nutrient,372,37600.0
3,Nutrient,372,72450.0
3,Nutrient,372,22100.0
3,Nutrient,372,60970.0
3,Nutrient,374,14900.0
3,Nutrient,374,15000.0
3,Nutrient,374,13300.0
3,Nutrient,374,14700.0
3,Nutrient,374,0.0
3,Nutrient,374,0.0
3,Nutrient,374,74400.0
3,Nutrient,374,78000.0
3,Nutrient,374,0.0
3,Nutrient,374,14770.0
3,Nutrient,374,17150.0
3,Nutrient,374,10300.0
3,Nutrient,374,19650.0
3,Nutrient,374,14770.0
3,Nutrient,374,44370.0
3,Nutrient,374,12750.0
3,Nutrient,374,11710.0
3,Nutrient,374,15750.0
3,Nutrient,374,14550.0
3,Nutrient,375,0.0
3,Nutrient,375,0.0
3,Nutrient,375,0.0
3,Nutrient,375,0.0
3,Nutrient,375,0.0
3,Nutrient,375,0.0
3,Nutrient,375,0.0
3,Nutrient,375,0.0
3,Nutrient,376,5900.0
3,Nutrient,376,10200.0
3,Nutrient,376,11200.0
3,Nutrient,377,0.0
3,Nutrient,377,0.0
3,Nutrient,379,1800.0
3,Nutrient,379,2000.0
3,Nutrient,379,0.0
3,Nutrient,379,0.0
3,Nutrient,379,0.0
3,Nutrient,379,0.0
3,Nutrient,379,0.0
3,Nutrient,379,0.0
3,Nutrient,379,0.0
3,Nutrient,380,0.0
3,Nutrient,380,0.0
3,Nutrient,380,1810.0
3,Nutrient,380,0.0
3,Nutrient,381,21100.0
3,Nutrient,381,29300.0
3,Nutrient,381,0.0
3,Nutrient,381,16700.0
3,Nutrient,381,17000.0
3,Nutrient,381,17600.0
3,Nutrient,381,22980.0
3,Nutrient,382,18250.0
3,Nutrient,384,8280.0
3,Nutrient,384,11150.0
3,Nutrient,384,8530.0
3,Nutrient,384,8180.0
3,Nutrient,384,11150.0
3,Nutrient,384,8180.0
3,Nutrient,384,40409.0
3,Nutrient,384,33500.0
3,Nutrient,384,20314.5
3,Nutrient,384,23540.0
3,Nutrient,385,10400.0
3,Nutrient,385,8700.0
3,Nutrient,385,12310.0
3,Nutrient,386,9190.0
3,Nutrient,386,9200.0
3,Nutrient,386,9200.0
3,Nutrient,386,60740.0
3,Nutrient,386,20690.0
3,Nutrient,386,20700.0
3,Nutrient,386,33409.1
3,Nutrient,386,42476.4
3,Nutrient,387,12290.0
3,Nutrient,387,86200.0
3,Nutrient,388,0.0
3,Nutrient,389,23250.0
3,Nutrient,389,23940.0
3,Nutrient,389,54295.0
3,Nutrient,389,58870.0
3,Nutrient,390,81430.0
3,Nutrient,390,34910.0
3,Nutrient,390,12640.0
3,Nutrient,390,45130.0
3,Nutrient,391,15560.0
3,Nutrient,391,52150.0
3,Nutrient,392,11500.0
3,Nutrient,392,14100.0
3,Nutrient,392,17440.0
3,Nutrient,392,50600.0
3,Nutrient,393,20230.0
3,Nutrient,393,73600.0
3,Nutrient,394,5800.0
3,Nutrient,394,7290.0
3,Nutrient,394,7290.0
3,Nutrient,394,34550.0
3,Nutrient,395,2200.0
3,Nutrient,395,5600.0
3,Nutrient,395,1800.0
3,Nutrient,395,5200.0
3,Nutrient,395,4200.0
3,Nutrient,395,10400.0
3,Nutrient,395,5630.0
3,Nutrient,395,4900.0
3,Nutrient,395,5230.0
3,Nutrient,395,8320.0
3,Nutrient,395,5630.0
3,Nutrient,395,5630.0
3,Nutrient,395,5230.0
3,Nutrient,395,5620.0
3,Nutrient,396,9570.0
3,Nutrient,397,0.0
3,Nutrient,397,0.0
3,Nutrient,398,9600.0
3,Nutrient,398,14000.0
3,Nutrient,398,15900.0
3,Nutrient,399,7300.0
3,Nutrient,399,5000.0
3,Nutrient,399,5000.0
3,Nutrient,399,6960.0
3,Nutrient,399,7470.0
3,Nutrient,399,28650.0
3,Nutrient,400,0.0
3,Nutrient,401,14150.0
3,Nutrient,401,7620.0
3,Nutrient,401,74650.0
3,Nutrient,401,7620.0
3,Nutrient,401,36300.0
3,Nutrient,401,41850.0
3,Nutrient,401,42750.0
3,Nutrient,402,0.0
3,Nutrient,402,0.0
3,Nutrient,402,0.0
3,Nutrient,402,0.0
3,Nutrient,403,0.0
3,Nutrient,403,0.0
3,Nutrient,403,0.0
3,Nutrient,403,6000.0
3,Nutrient,404,0.0
3,Nutrient,404,0.0
3,Nutrient,405,7700.0
3,Nutrient,405,13000.0
3,Nutrient,405,13020.0
3,Nutrient,406,64470.0
3,Nutrient,406,17280.0
3,Nutrient,407,17230.0
3,Nutrient,407,16020.0
3,Nutrient,407,16020.0
3,Nutrient,407,70300.0
3,Nutrient,407,47244.0
3,Nutrient,407,45050.0
3,Nutrient,408,40380.0
3,Nutrient,408,9880.0
3,Nutrient,408,9290.0
3,Nutrient,408,40868.5
3,Nutrient,409,3400.0
3,Nutrient,409,2710.0
3,Nutrient,409,26337.5
3,Nutrient,410,12500.0
3,Nutrient,410,51600.0
3,Nutrient,411,17910.0
3,Nutrient,411,55150.0
3,Nutrient,412,22600.0
3,Nutrient,413,0.0
3,Nutrient,413,0.0
3,Nutrient,414,0.0
3,Nutrient,414,0.0
3,Nutrient,416,61520.0
3,Nutrient,416,20960.0
3,Nutrient,416,20960.0
3,Nutrient,416,73100.0
3,Nutrient,416,73800.0
3,Nutrient,416,71850.0
3,Nutrient,416,64816.7
3,Nutrient,417,16310.0
3,Nutrient,417,20000.0
3,Nutrient,417,19990.0
3,Nutrient,417,52093.5
3,Nutrient,418,0.0
3,Nutrient,418,0.0
3,Nutrient,420,28090.0
3,Nutrient,420,5330.0
3,Nutrient,420,0.0
3,Nutrient,420,29092.9
3,Nutrient,421,3900.0
3,Nutrient,421,2800.0
3,Nutrient,421,2800.0
3,Nutrient,422,2500.0
3,Nutrient,422,2130.0
3,Nutrient,422,2130.0
3,Nutrient,422,22083.25
3,Nutrient,423,3330.0
3,Nutrient,423,3280.0
3,Nutrient,424,0.0
3,Nutrient,424,0.0
3,Nutrient,425,0.0
3,Nutrient,426,6840.0
3,Nutrient,427,3800.0
3,Nutrient,427,7000.0
3,Nutrient,427,7030.0
3,Nutrient,427,4510.0
3,Nutrient,427,6630.0
3,Nutrient,427,6410.0
3,Nutrient,427,4510.0
3,Nutrient,427,6410.0
3,Nutrient,427,
3,Nutrient,428,0.0
3,Nutrient,431,0.0
3,Nutrient,432,0.0
3,Nutrient,432,0.0
3,Nutrient,432,2800.0
3,Nutrient,432,4470.0
3,Nutrient,432,0.0
3,Nutrient,433,4950.0
3,Nutrient,433,9900.0
3,Nutrient,434,0.0
3,Nutrient,434,0.0
3,Nutrient,436,46800.0
3,Nutrient,437,33500.0
3,Nutrient,437,63800.0
3,Nutrient,439,0.0
3,Nutrient,439,0.0
3,Nutrient,439,0.0
3,Nutrient,439,0.0
3,Nutrient,439,4300.0
3,Nutrient,440,3980.0
3,Nutrient,441,19300.0
3,Nutrient,441,16840.0
3,Nutrient,442,7490.0
3,Nutrient,442,50315.0
3,Nutrient,443,10170.0
3,Nutrient,443,21570.0
3,Nutrient,444,29600.0
3,Nutrient,444,31900.0
3,Nutrient,444,31890.0
3,Nutrient,444,31150.0
3,Nutrient,444,49170.0
3,Nutrient,444,40770.0
3,Nutrient,444,
3,Nutrient,444,
3,Nutrient,444,
3,Nutrient,444,
3,Nutrient,444,
3,Nutrient,444,
3,Nutrient,444,
3,Nutrient,445,3700.0
3,Nutrient,445,3100.0
3,Nutrient,445,3100.0
3,Nutrient,445,23900.0
3,Nutrient,447,28130.0
3,Nutrient,447,24551.5
3,Nutrient,448,35670.0
3,Nutrient,448,29990.0
3,Nutrient,449,6000.0
3,Nutrient,449,9600.0
3,Nutrient,449,9570.0
3,Nutrient,450,64160.0
3,Nutrient,450,21300.0
3,Nutrient,453,0.0
3,Nutrient,453,0.0
3,Nutrient,454,0.0
3,Nutrient,454,0.0
3,Nutrient,454,0.0
3,Nutrient,454,0.0
3,Nutrient,454,0.0
3,Nutrient,454,0.0
3,Nutrient,454,0.0
3,Nutrient,454,0.0
3,Nutrient,455,5700.0
3,Nutrient,455,55433.25
3,Nutrient,456,57000.0
3,Nutrient,456,57000.0
3,Nutrient,456,40000.0
3,Nutrient,456,83000.0
3,Nutrient,456,8600.0
3,Nutrient,456,14700.0
3,Nutrient,456,38220.0
3,Nutrient,457,11310.0
3,Nutrient,457,44000.0
3,Nutrient,457,42850.0
3,Nutrient,457,55700.0
3,Nutrient,458,0.0
3,Nutrient,458,0.0
3,Nutrient,459,0.0
3,Nutrient,459,0.0
3,Nutrient,459,0.0
3,Nutrient,460,0.0
3,Nutrient,460,0.0
3,Nutrient,460,0.0
3,Nutrient,460,0.0
3,Nutrient,460,0.0
3,Nutrient,460,0.0
3,Nutrient,461,0.0
3,Nutrient,461,0.0
3,Nutrient,461,0.0
3,Nutrient,461,0.0
3,Nutrient,461,0.0
3,Nutrient,461,0.0
3,Nutrient,462,0.0
3,Nutrient,462,0.0
3,Nutrient,462,0.0
3,Nutrient,462,0.0
3,Nutrient,462,0.0
3,Nutrient,462,0.0
3,Nutrient,463,0.0
3,Nutrient,463,0.0
3,Nutrient,463,0.0
3,Nutrient,463,0.0
3,Nutrient,463,0.0
3,Nutrient,463,0.0
3,Nutrient,463,0.0
3,Nutrient,463,0.0
3,Nutrient,463,0.0
3,Nutrient,463,0.0
3,Nutrient,463,0.0
3,Nutrient,464,0.0
3,Nutrient,464,0.0
3,Nutrient,464,0.0
3,Nutrient,464,0.0
3,Nutrient,464,0.0
3,Nutrient,464,0.0
3,Nutrient,464,0.0
3,Nutrient,464,4300.0
3,Nutrient,464,0.0
3,Nutrient,464,0.0
3,Nutrient,465,0.0
3,Nutrient,465,0.0
3,Nutrient,465,0.0
3,Nutrient,465,0.0
3,Nutrient,466,10050.0
3,Nutrient,467,18600.0
3,Nutrient,467,15360.0
3,Nutrient,467,15360.0
3,Nutrient,467,53700.0
3,Nutrient,468,19960.0
3,Nutrient,468,55700.0
3,Nutrient,469,32100.0
3,Nutrient,470,0.0
3,Nutrient,470,0.0
3,Nutrient,471,540.0
3,Nutrient,472,3180.0
3,Nutrient,472,10130.0
3,Nutrient,472,26730.0
3,Nutrient,472,5410.0
3,Nutrient,473,0.0
3,Nutrient,473,0.0
3,Nutrient,474,0.0
3,Nutrient,475,0.0
3,Nutrient,475,1400.0
3,Nutrient,475,1000.0
3,Nutrient,475,0.0
3,Nutrient,475,5550.0
3,Nutrient,475,0.0
3,Nutrient,476,0.0
3,Nutrient,476,0.0
3,Nutrient,476,0.0
3,Nutrient,476,0.0
3,Nutrient,476,0.0
3,Nutrient,476,0.0
3,Nutrient,477,0.0
3,Nutrient,477,2900.0
3,Nutrient,478,0.0
3,Nutrient,478,0.0
3,Nutrient,479,6730.0
3,Nutrient,479,5230.0
3,Nutrient,479,5100.0
3,Nutrient,480,0.0
3,Nutrient,480,0.0
3,Nutrient,481,0.0
3,Nutrient,481,6390.0
3,Nutrient,482,0.0
3,Nutrient,484,0.0
3,Nutrient,484,0.0
3,Nutrient,485,58260.0
3,Nutrient,486,0.0
3,Nutrient,486,0.0
3,Nutrient,487,0.0
3,Nutrient,487,0.0
3,Nutrient,488,16840.0
3,Nutrient,488,14930.0
3,Nutrient,489,70190.0
3,Nutrient,489,26440.0
3,Nutrient,490,2420.0
3,Nutrient,490,23900.0
3,Nutrient,493,17360.0
3,Nutrient,493,54200.0
3,Nutrient,494,0.0
3,Nutrient,494,0.0
3,Nutrient,494,0.0
3,Nutrient,495,0.0
3,Nutrient,495,0.0
3,Nutrient,496,23640.0
3,Nutrient,496,55200.0
3,Nutrient,497,0.0
3,Nutrient,497,0.0
3,Nutrient,498,0.0
3,Nutrient,498,0.0
3,Nutrient,499,27230.0
3,Nutrient,499,26460.0
3,Nutrient,499,34600.0
3,Nutrient,499,6700.0
3,Nutrient,499,4020.0
3,Nutrient,499,2320.0
3,Nutrient,499,3200.0
3,Nutrient,499,6910.0
3,Nutrient,499,6850.0
3,Nutrient,499,34600.0
3,Nutrient,499,3890.0
3,Nutrient,499,3190.0
3,Nutrient,499,6850.0
3,Nutrient,499,34400.0
3,Nutrient,499,54250.0
3,Nutrient,500,73130.0
3,Nutrient,500,19860.0
3,Nutrient,501,0.0
3,Nutrient,501,0.0
3,Nutrient,502,5840.0
3,Nutrient,502,40575.0
3,Nutrient,503,4350.0
3,Nutrient,503,14340.0
3,Nutrient,503,13750.0
3,Nutrient,503,45780.0
3,Nutrient,503,41550.0
3,Nutrient,504,0.0
3,Nutrient,504,0.0
3,Nutrient,504,2800.0
3,Nutrient,504,2800.0
3,Nutrient,504,0.0
3,Nutrient,504,0.0
3,Nutrient,504,0.0
3,Nutrient,504,0.0
3,Nutrient,504,0.0
3,Nutrient,504,0.0
3,Nutrient,504,0.0
3,Nutrient,504,0.0
3,Nutrient,504,0.0
3,Nutrient,504,0.0
3,Nutrient,504,0.0
3,Nutrient,504,13960.0
3,Nutrient,504,11850.0
3,Nutrient,506,0.0
3,Nutrient,506,0.0
3,Nutrient,506,1000.0
3,Nutrient,506,1000.0
3,Nutrient,506,0.0
3,Nutrient,506,0.0
3,Nutrient,506,0.0
3,Nutrient,506,0.0
3,Nutrient,506,0.0
3,Nutrient,506,0.0
3,Nutrient,506,0.0
3,Nutrient,506,0.0
3,Nutrient,506,0.0
3,Nutrient,506,0.0
3,Nutrient,506,1000.0
3,Nutrient,506,1000.0
3,Nutrient,506,0.0
3,Nutrient,506,0.0
3,Nutrient,506,0.0
3,Nutrient,506,0.0
3,Nutrient,506,0.0
3,Nutrient,506,0.0
3,Nutrient,506,0.0
3,Nutrient,506,0.0
3,Nutrient,506,0.0
3,Nutrient,506,0.0
3,Nutrient,506,0.0
3,Nutrient,506,0.0
3,Nutrient,506,0.0
3,Nutrient,506,0.0
3,Nutrient,506,0.0
3,Nutrient,506,0.0
3,Nutrient,506,0.0
3,Nutrient,506,0.0
3,Nutrient,506,0.0
3,Nutrient,506,0.0
3,Nutrient,506,0.0
3,Nutrient,506,0.0
3,Nutrient,506,0.0
3,Nutrient,506,0.0
3,Nutrient,506,0.0
3,Nutrient,506,0.0
3,Nutrient,506,0.0
3,Nutrient,506,0.0
3,Nutrient,506,0.0
3,Nutrient,506,0.0
3,Nutrient,506,0.0
3,Nutrient,506,0.0
3,Nutrient,506,0.0
3,Nutrient,506,0.0
3,Nutrient,506,0.0
3,Nutrient,506,0.0
3,Nutrient,506,0.0
3,Nutrient,506,0.0
3,Nutrient,506,0.0
3,Nutrient,506,0.0
3,Nutrient,506,0.0
3,Nutrient,506,0.0
3,Nutrient,506,0.0
3,Nutrient,506,0.0
3,Nutrient,506,0.0
3,Nutrient,506,0.0
3,Nutrient,506,700.0
3,Nutrient,506,700.0
3,Nutrient,506,1800.0
3,Nutrient,506,1800.0
3,Nutrient,506,200.0
3,Nutrient,506,200.0
3,Nutrient,506,900.0
3,Nutrient,506,900.0
3,Nutrient,506,4000.0
3,Nutrient,506,4000.0
3,Nutrient,506,4500.0
3,Nutrient,506,4500.0
3,Nutrient,506,300.0
3,Nutrient,506,300.0
3,Nutrient,506,0.0
3,Nutrient,506,0.0
3,Nutrient,506,900.0
3,Nutrient,506,900.0
3,Nutrient,506,900.0
3,Nutrient,506,900.0
3,Nutrient,506,400.0
3,Nutrient,506,400.0
3,Nutrient,506,700.0
3,Nutrient,506,700.0
3,Nutrient,506,0.0
3,Nutrient,506,0.0
3,Nutrient,506,0.0
3,Nutrient,506,0.0
3,Nutrient,506,0.0
3,Nutrient,506,0.0
3,Nutrient,506,0.0
3,Nutrient,506,0.0
3,Nutrient,506,1000.0
3,Nutrient,506,600.0
3,Nutrient,506,1000.0
3,Nutrient,506,1540.0
3,Nutrient,506,0.0
3,Nutrient,506,0.0
3,Nutrient,506,0.0
3,Nutrient,506,0.0
3,Nutrient,506,0.0
3,Nutrient,506,0.0
3,Nutrient,506,0.0
3,Nutrient,506,0.0
3,Nutrient,506,0.0
3,Nutrient,506,0.0
3,Nutrient,506,0.0
3,Nutrient,506,0.0
3,Nutrient,506,0.0
3,Nutrient,506,0.0
3,Nutrient,506,0.0
3,Nutrient,506,0.0
3,Nutrient,506,0.0
3,Nutrient,506,0.0
3,Nutrient,506,0.0
3,Nutrient,506,0.0
3,Nutrient,506,0.0
3,Nutrient,506,0.0
3,Nutrient,506,0.0
3,Nutrient,506,0.0
3,Nutrient,506,0.0
3,Nutrient,506,0.0
3,Nutrient,506,0.0
3,Nutrient,506,0.0
3,Nutrient,506,0.0
3,Nutrient,506,0.0
3,Nutrient,506,310.0
3,Nutrient,506,390.0
3,Nutrient,506,0.0
3,Nutrient,506,1050.0
3,Nutrient,506,0.0
3,Nutrient,506,1480.0
3,Nutrient,506,140.0
3,Nutrient,506,150.0
3,Nutrient,506,290.0
3,Nutrient,506,0.0
3,Nutrient,506,3890.0
3,Nutrient,506,5130.0
3,Nutrient,506,5160.0
3,Nutrient,506,0.0
3,Nutrient,506,0.0
3,Nutrient,506,0.0
3,Nutrient,506,0.0
3,Nutrient,506,0.0
3,Nutrient,506,0.0
3,Nutrient,506,0.0
3,Nutrient,506,0.0
3,Nutrient,506,0.0
3,Nutrient,506,0.0
3,Nutrient,506,3680.0
3,Nutrient,506,0.0
3,Nutrient,506,0.0
3,Nutrient,506,0.0
3,Nutrient,506,0.0
3,Nutrient,506,700.0
3,Nutrient,506,1400.0
3,Nutrient,506,140.0
3,Nutrient,506,470.0
3,Nutrient,506,0.0
3,Nutrient,506,190.0
3,Nutrient,506,2760.0
3,Nutrient,506,140.0
3,Nutrient,506,280.0
3,Nutrient,506,0.0
3,Nutrient,506,360.0
3,Nutrient,506,490.0
3,Nutrient,506,1860.0
3,Nutrient,506,670.0
3,Nutrient,506,5710.0
3,Nutrient,506,0.0
3,Nutrient,506,0.0
3,Nutrient,506,0.0
3,Nutrient,506,0.0
3,Nutrient,506,0.0
3,Nutrient,506,0.0
3,Nutrient,506,0.0
3,Nutrient,506,0.0
3,Nutrient,506,0.0
3,Nutrient,506,0.0
3,Nutrient,506,0.0
3,Nutrient,506,0.0
3,Nutrient,506,0.0
3,Nutrient,506,0.0
3,Nutrient,506,0.0
3,Nutrient,506,0.0
3,Nutrient,506,0.0
3,Nutrient,506,0.0
3,Nutrient,506,0.0
3,Nutrient,506,0.0
3,Nutrient,506,0.0
3,Nutrient,506,0.0
3,Nutrient,506,0.0
3,Nutrient,506,0.0
3,Nutrient,506,0.0
3,Nutrient,506,0.0
3,Nutrient,506,0.0
3,Nutrient,506,0.0
3,Nutrient,506,0.0
3,Nutrient,506,0.0
3,Nutrient,506,0.0
3,Nutrient,506,0.0
3,Nutrient,506,0.0
3,Nutrient,506,0.0
3,Nutrient,506,0.0
3,Nutrient,506,0.0
3,Nutrient,506,0.0
3,Nutrient,506,0.0
3,Nutrient,506,0.0
3,Nutrient,506,0.0
3,Nutrient,506,0.0
3,Nutrient,506,0.0
3,Nutrient,506,0.0
3,Nutrient,506,0.0
3,Nutrient,506,0.0
3,Nutrient,506,0.0
3,Nutrient,506,0.0
3,Nutrient,506,0.0
3,Nutrient,506,0.0
3,Nutrient,506,0.0
3,Nutrient,506,0.0
3,Nutrient,506,0.0
3,Nutrient,506,0.0
3,Nutrient,506,0.0
3,Nutrient,506,0.0
3,Nutrient,506,0.0
3,Nutrient,506,0.0
3,Nutrient,506,0.0
3,Nutrient,506,0.0
3,Nutrient,506,0.0
3,Nutrient,506,0.0
3,Nutrient,506,0.0
3,Nutrient,506,0.0
3,Nutrient,506,0.0
3,Nutrient,506,0.0
3,Nutrient,506,0.0
3,Nutrient,506,0.0
3,Nutrient,506,0.0
3,Nutrient,506,0.0
3,Nutrient,506,0.0
3,Nutrient,506,0.0
3,Nutrient,506,0.0
3,Nutrient,506,0.0
3,Nutrient,506,0.0
3,Nutrient,506,0.0
3,Nutrient,506,0.0
3,Nutrient,506,0.0
3,Nutrient,506,0.0
3,Nutrient,506,0.0
3,Nutrient,506,0.0
3,Nutrient,506,0.0
3,Nutrient,506,0.0
3,Nutrient,506,0.0
3,Nutrient,506,0.0
3,Nutrient,506,0.0
3,Nutrient,506,0.0
3,Nutrient,506,0.0
3,Nutrient,506,0.0
3,Nutrient,506,0.0
3,Nutrient,506,0.0
3,Nutrient,506,0.0
3,Nutrient,506,0.0
3,Nutrient,506,0.0
3,Nutrient,506,0.0
3,Nutrient,506,0.0
3,Nutrient,506,0.0
3,Nutrient,506,0.0
3,Nutrient,506,0.0
3,Nutrient,506,0.0
3,Nutrient,506,0.0
3,Nutrient,506,0.0
3,Nutrient,506,0.0
3,Nutrient,506,0.0
3,Nutrient,506,0.0
3,Nutrient,506,0.0
3,Nutrient,506,0.0
3,Nutrient,506,210.0
3,Nutrient,506,0.0
3,Nutrient,506,0.0
3,Nutrient,506,0.0
3,Nutrient,506,0.0
3,Nutrient,506,0.0
3,Nutrient,506,0.0
3,Nutrient,506,0.0
3,Nutrient,506,0.0
3,Nutrient,506,0.0
3,Nutrient,506,0.0
3,Nutrient,506,0.0
3,Nutrient,506,110.0
3,Nutrient,506,0.0
3,Nutrient,506,0.0
3,Nutrient,506,0.0
3,Nutrient,506,0.0
3,Nutrient,506,0.0
3,Nutrient,506,0.0
3,Nutrient,506,0.0
3,Nutrient,506,0.0
3,Nutrient,506,0.0
3,Nutrient,506,0.0
3,Nutrient,506,0.0
3,Nutrient,506,0.0
3,Nutrient,506,0.0
3,Nutrient,506,0.0
3,Nutrient,506,0.0
3,Nutrient,506,0.0
3,Nutrient,506,0.0
3,Nutrient,506,0.0
3,Nutrient,506,0.0
3,Nutrient,506,0.0
3,Nutrient,506,0.0
3,Nutrient,506,0.0
3,Nutrient,506,0.0
3,Nutrient,506,0.0
3,Nutrient,506,0.0
3,Nutrient,506,0.0
3,Nutrient,506,0.0
3,Nutrient,506,0.0
3,Nutrient,506,0.0
3,Nutrient,506,0.0
3,Nutrient,506,0.0
3,Nutrient,506,0.0
3,Nutrient,506,0.0
3,Nutrient,506,0.0
3,Nutrient,506,0.0
3,Nutrient,506,0.0
3,Nutrient,506,0.0
3,Nutrient,506,0.0
3,Nutrient,506,0.0
3,Nutrient,506,0.0
3,Nutrient,506,0.0
3,Nutrient,506,0.0
3,Nutrient,506,0.0
3,Nutrient,506,0.0
3,Nutrient,506,0.0
3,Nutrient,506,0.0
3,Nutrient,506,0.0
3,Nutrient,506,0.0
3,Nutrient,506,0.0
3,Nutrient,506,0.0
3,Nutrient,506,0.0
3,Nutrient,506,0.0
3,Nutrient,506,0.0
3,Nutrient,506,0.0
3,Nutrient,506,0.0
3,Nutrient,506,0.0
3,Nutrient,506,0.0
3,Nutrient,506,0.0
3,Nutrient,506,0.0
3,Nutrient,506,0.0
3,Nutrient,506,0.0
3,Nutrient,506,0.0
3,Nutrient,506,0.0
3,Nutrient,506,0.0
3,Nutrient,506,0.0
3,Nutrient,506,0.0
3,Nutrient,506,0.0
3,Nutrient,506,0.0
3,Nutrient,506,0.0
3,Nutrient,506,0.0
3,Nutrient,506,0.0
3,Nutrient,506,0.0
3,Nutrient,506,0.0
3,Nutrient,506,0.0
3,Nutrient,506,0.0
3,Nutrient,506,0.0
3,Nutrient,506,0.0
3,Nutrient,506,0.0
3,Nutrient,506,0.0
3,Nutrient,506,0.0
3,Nutrient,506,0.0
3,Nutrient,506,0.0
3,Nutrient,506,0.0
3,Nutrient,506,0.0
3,Nutrient,506,0.0
3,Nutrient,506,0.0
3,Nutrient,506,0.0
3,Nutrient,506,0.0
3,Nutrient,506,0.0
3,Nutrient,506,0.0
3,Nutrient,506,0.0
3,Nutrient,506,0.0
3,Nutrient,506,0.0
3,Nutrient,506,0.0
3,Nutrient,506,0.0
3,Nutrient,506,0.0
3,Nutrient,506,0.0
3,Nutrient,506,0.0
3,Nutrient,506,2030.0
3,Nutrient,506,0.0
3,Nutrient,506,0.0
3,Nutrient,506,0.0
3,Nutrient,506,0.0
3,Nutrient,506,0.0
3,Nutrient,506,0.0
3,Nutrient,506,0.0
3,Nutrient,506,0.0
3,Nutrient,506,0.0
3,Nutrient,506,0.0
3,Nutrient,506,0.0
3,Nutrient,506,0.0
3,Nutrient,506,0.0
3,Nutrient,506,0.0
3,Nutrient,506,0.0
3,Nutrient,506,0.0
3,Nutrient,506,0.0
3,Nutrient,506,0.0
3,Nutrient,506,0.0
3,Nutrient,506,0.0
3,Nutrient,506,0.0
3,Nutrient,506,0.0
3,Nutrient,506,0.0
3,Nutrient,506,0.0
3,Nutrient,506,0.0
3,Nutrient,506,0.0
3,Nutrient,506,0.0
3,Nutrient,506,0.0
3,Nutrient,506,0.0
3,Nutrient,506,0.0
3,Nutrient,506,0.0
3,Nutrient,506,0.0
3,Nutrient,506,0.0
3,Nutrient,506,0.0
3,Nutrient,506,0.0
3,Nutrient,506,0.0
3,Nutrient,506,0.0
3,Nutrient,506,0.0
3,Nutrient,506,0.0
3,Nutrient,506,0.0
3,Nutrient,506,0.0
3,Nutrient,506,0.0
3,Nutrient,506,0.0
3,Nutrient,506,0.0
3,Nutrient,506,0.0
3,Nutrient,506,0.0
3,Nutrient,506,0.0
3,Nutrient,506,0.0
3,Nutrient,506,0.0
3,Nutrient,506,0.0
3,Nutrient,506,0.0
3,Nutrient,506,0.0
3,Nutrient,506,0.0
3,Nutrient,506,0.0
3,Nutrient,506,0.0
3,Nutrient,506,0.0
3,Nutrient,506,0.0
3,Nutrient,506,0.0
3,Nutrient,506,0.0
3,Nutrient,506,0.0
3,Nutrient,506,0.0
3,Nutrient,506,0.0
3,Nutrient,506,0.0
3,Nutrient,506,0.0
3,Nutrient,506,0.0
3,Nutrient,506,0.0
3,Nutrient,506,0.0
3,Nutrient,506,0.0
3,Nutrient,506,0.0
3,Nutrient,506,0.0
3,Nutrient,506,0.0
3,Nutrient,506,0.0
3,Nutrient,506,0.0
3,Nutrient,506,0.0
3,Nutrient,506,0.0
3,Nutrient,506,0.0
3,Nutrient,506,0.0
3,Nutrient,506,0.0
3,Nutrient,506,0.0
3,Nutrient,506,0.0
3,Nutrient,506,0.0
3,Nutrient,506,0.0
3,Nutrient,506,0.0
3,Nutrient,506,0.0
3,Nutrient,506,0.0
3,Nutrient,506,0.0
3,Nutrient,506,0.0
3,Nutrient,506,0.0
3,Nutrient,506,0.0
3,Nutrient,506,0.0
3,Nutrient,506,0.0
3,Nutrient,506,9910.0
3,Nutrient,506,0.0
3,Nutrient,506,0.0
3,Nutrient,506,0.0
3,Nutrient,506,0.0
3,Nutrient,506,9840.0
3,Nutrient,506,0.0
3,Nutrient,506,0.0
3,Nutrient,506,0.0
3,Nutrient,506,0.0
3,Nutrient,506,0.0
3,Nutrient,506,0.0
3,Nutrient,506,0.0
3,Nutrient,506,0.0
3,Nutrient,506,0.0
3,Nutrient,506,0.0
3,Nutrient,506,0.0
3,Nutrient,506,0.0
3,Nutrient,506,0.0
3,Nutrient,506,0.0
3,Nutrient,506,0.0
3,Nutrient,506,0.0
3,Nutrient,506,0.0
3,Nutrient,506,0.0
3,Nutrient,506,0.0
3,Nutrient,506,0.0
3,Nutrient,506,0.0
3,Nutrient,506,0.0
3,Nutrient,506,0.0
3,Nutrient,506,0.0
3,Nutrient,506,0.0
3,Nutrient,506,0.0
3,Nutrient,506,0.0
3,Nutrient,506,0.0
3,Nutrient,506,0.0
3,Nutrient,506,0.0
3,Nutrient,506,0.0
3,Nutrient,506,0.0
3,Nutrient,506,0.0
3,Nutrient,506,0.0
3,Nutrient,506,0.0
3,Nutrient,506,0.0
3,Nutrient,506,0.0
3,Nutrient,506,0.0
3,Nutrient,506,0.0
3,Nutrient,506,0.0
3,Nutrient,506,0.0
3,Nutrient,506,0.0
3,Nutrient,506,0.0
3,Nutrient,506,0.0
3,Nutrient,506,0.0
3,Nutrient,506,80.0
3,Nutrient,506,130.0
3,Nutrient,506,850.0
3,Nutrient,506,0.0
3,Nutrient,506,2910.0
3,Nutrient,506,3770.0
3,Nutrient,506,4470.0
3,Nutrient,506,0.0
3,Nutrient,506,0.0
3,Nutrient,506,0.0
3,Nutrient,506,0.0
3,Nutrient,506,0.0
3,Nutrient,506,0.0
3,Nutrient,506,0.0
3,Nutrient,506,0.0
3,Nutrient,506,1910.0
3,Nutrient,506,0.0
3,Nutrient,506,0.0
3,Nutrient,506,0.0
3,Nutrient,506,0.0
3,Nutrient,506,0.0
3,Nutrient,506,0.0
3,Nutrient,506,0.0
3,Nutrient,506,0.0
3,Nutrient,506,0.0
3,Nutrient,506,0.0
3,Nutrient,506,0.0
3,Nutrient,506,11000.0
3,Nutrient,506,5400.0
3,Nutrient,506,0.0
3,Nutrient,506,0.0
3,Nutrient,506,0.0
3,Nutrient,506,0.0
3,Nutrient,506,0.0
3,Nutrient,506,0.0
3,Nutrient,506,0.0
3,Nutrient,506,0.0
3,Nutrient,506,0.0
3,Nutrient,506,0.0
3,Nutrient,506,0.0
3,Nutrient,506,0.0
3,Nutrient,506,0.0
3,Nutrient,506,0.0
3,Nutrient,506,0.0
3,Nutrient,506,0.0
3,Nutrient,506,0.0
3,Nutrient,506,0.0
3,Nutrient,506,0.0
3,Nutrient,506,0.0
3,Nutrient,506,0.0
3,Nutrient,506,0.0
3,Nutrient,506,0.0
3,Nutrient,506,0.0
3,Nutrient,506,0.0
3,Nutrient,506,0.0
3,Nutrient,506,0.0
3,Nutrient,506,0.0
3,Nutrient,506,0.0
3,Nutrient,506,0.0
3,Nutrient,506,0.0
3,Nutrient,506,0.0
3,Nutrient,506,0.0
3,Nutrient,506,0.0
3,Nutrient,506,0.0
3,Nutrient,506,0.0
3,Nutrient,506,0.0
3,Nutrient,506,0.0
3,Nutrient,506,0.0
3,Nutrient,506,0.0
3,Nutrient,506,0.0
3,Nutrient,506,0.0
3,Nutrient,506,0.0
3,Nutrient,506,0.0
3,Nutrient,506,0.0
3,Nutrient,506,290.0
3,Nutrient,506,0.0
3,Nutrient,506,50.0
3,Nutrient,506,0.0
3,Nutrient,506,0.0
3,Nutrient,506,0.0
3,Nutrient,506,0.0
3,Nutrient,506,0.0
3,Nutrient,506,0.0
3,Nutrient,506,0.0
3,Nutrient,506,0.0
3,Nutrient,506,0.0
3,Nutrient,506,0.0
3,Nutrient,506,0.0
3,Nutrient,506,0.0
3,Nutrient,506,0.0
3,Nutrient,506,0.0
3,Nutrient,506,0.0
3,Nutrient,506,0.0
3,Nutrient,506,0.0
3,Nutrient,506,0.0
3,Nutrient,506,0.0
3,Nutrient,506,0.0
3,Nutrient,506,0.0
3,Nutrient,506,0.0
3,Nutrient,506,0.0
3,Nutrient,506,0.0
3,Nutrient,506,160.0
3,Nutrient,506,210.0
3,Nutrient,506,120.0
3,Nutrient,506,0.0
3,Nutrient,506,0.0
3,Nutrient,506,0.0
3,Nutrient,506,0.0
3,Nutrient,506,0.0
3,Nutrient,506,0.0
3,Nutrient,506,0.0
3,Nutrient,506,0.0
3,Nutrient,506,0.0
3,Nutrient,506,210.0
3,Nutrient,506,400.0
3,Nutrient,506,0.0
3,Nutrient,506,360.0
3,Nutrient,506,530.0
3,Nutrient,506,90.0
3,Nutrient,506,70.0
3,Nutrient,506,0.0
3,Nutrient,506,0.0
3,Nutrient,506,0.0
3,Nutrient,506,0.0
3,Nutrient,506,0.0
3,Nutrient,506,0.0
3,Nutrient,506,0.0
3,Nutrient,506,0.0
3,Nutrient,506,0.0
3,Nutrient,506,0.0
3,Nutrient,506,0.0
3,Nutrient,506,0.0
3,Nutrient,506,0.0
3,Nutrient,506,0.0
3,Nutrient,506,0.0
3,Nutrient,506,0.0
3,Nutrient,506,0.0
3,Nutrient,506,0.0
3,Nutrient,506,0.0
3,Nutrient,506,0.0
3,Nutrient,506,0.0
3,Nutrient,506,0.0
3,Nutrient,506,0.0
3,Nutrient,506,0.0
3,Nutrient,506,0.0
3,Nutrient,506,0.0
3,Nutrient,506,0.0
3,Nutrient,506,0.0
3,Nutrient,506,0.0
3,Nutrient,506,0.0
3,Nutrient,506,0.0
3,Nutrient,506,0.0
3,Nutrient,506,0.0
3,Nutrient,506,0.0
3,Nutrient,506,0.0
3,Nutrient,506,0.0
3,Nutrient,506,0.0
3,Nutrient,506,0.0
3,Nutrient,506,0.0
3,Nutrient,506,0.0
3,Nutrient,506,0.0
3,Nutrient,506,0.0
3,Nutrient,506,0.0
3,Nutrient,506,0.0
3,Nutrient,506,0.0
3,Nutrient,506,0.0
3,Nutrient,506,0.0
3,Nutrient,506,0.0
3,Nutrient,506,0.0
3,Nutrient,506,0.0
3,Nutrient,506,0.0
3,Nutrient,506,0.0
3,Nutrient,506,0.0
3,Nutrient,506,0.0
3,Nutrient,506,0.0
3,Nutrient,506,0.0
3,Nutrient,506,0.0
3,Nutrient,506,190.0
3,Nutrient,506,0.0
3,Nutrient,506,170.0
3,Nutrient,506,0.0
3,Nutrient,506,230.0
3,Nutrient,506,0.0
3,Nutrient,506,0.0
3,Nutrient,506,0.0
3,Nutrient,506,0.0
3,Nutrient,506,0.0
3,Nutrient,506,0.0
3,Nutrient,506,0.0
3,Nutrient,506,460.0
3,Nutrient,506,0.0
3,Nutrient,506,640.0
3,Nutrient,506,0.0
3,Nutrient,506,200.0
3,Nutrient,506,0.0
3,Nutrient,506,0.0
3,Nutrient,506,0.0
3,Nutrient,506,0.0
3,Nutrient,506,0.0
3,Nutrient,506,0.0
3,Nutrient,506,0.0
3,Nutrient,506,0.0
3,Nutrient,506,0.0
3,Nutrient,506,0.0
3,Nutrient,506,0.0
3,Nutrient,506,0.0
3,Nutrient,506,0.0
3,Nutrient,506,0.0
3,Nutrient,506,0.0
3,Nutrient,506,0.0
3,Nutrient,506,0.0
3,Nutrient,506,0.0
3,Nutrient,506,0.0
3,Nutrient,506,0.0
3,Nutrient,506,0.0
3,Nutrient,506,0.0
3,Nutrient,506,0.0
3,Nutrient,506,0.0
3,Nutrient,506,620.0
3,Nutrient,506,0.0
3,Nutrient,506,0.0
3,Nutrient,506,0.0
3,Nutrient,506,350.0
3,Nutrient,506,350.0
3,Nutrient,506,360.0
3,Nutrient,506,0.0
3,Nutrient,506,0.0
3,Nutrient,506,0.0
3,Nutrient,506,120.0
3,Nutrient,506,200.0
3,Nutrient,506,0.0
3,Nutrient,506,0.0
3,Nutrient,506,0.0
3,Nutrient,506,0.0
3,Nutrient,506,780.0
3,Nutrient,506,900.0
3,Nutrient,506,600.0
3,Nutrient,506,0.0
3,Nutrient,506,0.0
3,Nutrient,506,730.0
3,Nutrient,506,1070.0
3,Nutrient,506,220.0
3,Nutrient,506,0.0
3,Nutrient,506,0.0
3,Nutrient,506,0.0
3,Nutrient,506,300.0
3,Nutrient,506,360.0
3,Nutrient,506,200.0
3,Nutrient,506,820.0
3,Nutrient,506,880.0
3,Nutrient,506,740.0
3,Nutrient,506,0.0
3,Nutrient,506,230.0
3,Nutrient,506,0.0
3,Nutrient,506,0.0
3,Nutrient,506,0.0
3,Nutrient,506,0.0
3,Nutrient,506,0.0
3,Nutrient,506,0.0
3,Nutrient,506,0.0
3,Nutrient,506,0.0
3,Nutrient,506,40.0
3,Nutrient,506,180.0
3,Nutrient,506,0.0
3,Nutrient,506,1530.0
3,Nutrient,506,1810.0
3,Nutrient,506,1100.0
3,Nutrient,506,1510.0
3,Nutrient,506,1750.0
3,Nutrient,506,1150.0
3,Nutrient,506,170.0
3,Nutrient,506,510.0
3,Nutrient,506,0.0
3,Nutrient,506,0.0
3,Nutrient,506,0.0
3,Nutrient,506,0.0
3,Nutrient,506,800.0
3,Nutrient,506,1100.0
3,Nutrient,506,400.0
3,Nutrient,506,0.0
3,Nutrient,506,0.0
3,Nutrient,506,0.0
3,Nutrient,506,600.0
3,Nutrient,506,600.0
3,Nutrient,506,400.0
3,Nutrient,506,1000.0
3,Nutrient,506,1100.0
3,Nutrient,506,900.0
3,Nutrient,506,300.0
3,Nutrient,506,600.0
3,Nutrient,506,0.0
3,Nutrient,506,7890.0
3,Nutrient,506,0.0
3,Nutrient,506,910.0
3,Nutrient,506,3840.0
3,Nutrient,506,0.0
3,Nutrient,506,0.0
3,Nutrient,506,0.0
3,Nutrient,506,0.0
3,Nutrient,506,0.0
3,Nutrient,506,0.0
3,Nutrient,506,0.0
3,Nutrient,506,0.0
3,Nutrient,506,0.0
3,Nutrient,506,0.0
3,Nutrient,506,0.0
3,Nutrient,506,0.0
3,Nutrient,506,0.0
3,Nutrient,506,0.0
3,Nutrient,506,0.0
3,Nutrient,506,0.0
3,Nutrient,506,0.0
3,Nutrient,506,0.0
3,Nutrient,506,0.0
3,Nutrient,506,0.0
3,Nutrient,506,0.0
3,Nutrient,506,0.0
3,Nutrient,506,0.0
3,Nutrient,506,0.0
3,Nutrient,506,0.0
3,Nutrient,506,0.0
3,Nutrient,506,0.0
3,Nutrient,506,0.0
3,Nutrient,506,0.0
3,Nutrient,506,0.0
3,Nutrient,506,0.0
3,Nutrient,506,0.0
3,Nutrient,506,0.0
3,Nutrient,506,0.0
3,Nutrient,506,0.0
3,Nutrient,506,0.0
3,Nutrient,506,0.0
3,Nutrient,506,0.0
3,Nutrient,506,0.0
3,Nutrient,506,0.0
3,Nutrient,506,0.0
3,Nutrient,506,0.0
3,Nutrient,506,0.0
3,Nutrient,506,0.0
3,Nutrient,506,0.0
3,Nutrient,506,0.0
3,Nutrient,506,0.0
3,Nutrient,506,0.0
3,Nutrient,506,0.0
3,Nutrient,506,0.0
3,Nutrient,506,0.0
3,Nutrient,506,0.0
3,Nutrient,506,0.0
3,Nutrient,506,0.0
3,Nutrient,506,0.0
3,Nutrient,506,0.0
3,Nutrient,506,0.0
3,Nutrient,506,0.0
3,Nutrient,506,0.0
3,Nutrient,506,0.0
3,Nutrient,506,0.0
3,Nutrient,506,0.0
3,Nutrient,506,0.0
3,Nutrient,506,0.0
3,Nutrient,506,0.0
3,Nutrient,506,0.0
3,Nutrient,506,0.0
3,Nutrient,506,0.0
3,Nutrient,506,0.0
3,Nutrient,506,0.0
3,Nutrient,506,0.0
3,Nutrient,506,0.0
3,Nutrient,506,0.0
3,Nutrient,506,0.0
3,Nutrient,506,0.0
3,Nutrient,506,0.0
3,Nutrient,506,0.0
3,Nutrient,506,0.0
3,Nutrient,506,0.0
3,Nutrient,506,0.0
3,Nutrient,506,0.0
3,Nutrient,506,0.0
3,Nutrient,506,0.0
3,Nutrient,506,0.0
3,Nutrient,506,0.0
3,Nutrient,506,0.0
3,Nutrient,506,0.0
3,Nutrient,506,0.0
3,Nutrient,506,0.0
3,Nutrient,506,0.0
3,Nutrient,506,0.0
3,Nutrient,506,0.0
3,Nutrient,506,0.0
3,Nutrient,506,0.0
3,Nutrient,506,0.0
3,Nutrient,506,0.0
3,Nutrient,506,0.0
3,Nutrient,506,0.0
3,Nutrient,506,0.0
3,Nutrient,506,0.0
3,Nutrient,506,0.0
3,Nutrient,506,0.0
3,Nutrient,506,0.0
3,Nutrient,506,0.0
3,Nutrient,506,0.0
3,Nutrient,506,0.0
3,Nutrient,506,1990.0
3,Nutrient,506,0.0
3,Nutrient,506,0.0
3,Nutrient,506,0.0
3,Nutrient,506,0.0
3,Nutrient,506,0.0
3,Nutrient,506,0.0
3,Nutrient,506,0.0
3,Nutrient,506,0.0
3,Nutrient,506,0.0
3,Nutrient,506,0.0
3,Nutrient,506,0.0
3,Nutrient,506,0.0
3,Nutrient,506,120.0
3,Nutrient,506,0.0
3,Nutrient,506,0.0
3,Nutrient,506,0.0
3,Nutrient,506,0.0
3,Nutrient,506,70.0
3,Nutrient,506,150.0
3,Nutrient,506,140.0
3,Nutrient,507,0.0
3,Nutrient,507,0.0
3,Nutrient,508,0.0
3,Nutrient,508,0.0
3,Nutrient,509,23540.0
3,Nutrient,510,3000.0
3,Nutrient,510,3040.0
3,Nutrient,510,2450.0
3,Nutrient,510,42700.0
3,Nutrient,511,7760.0
3,Nutrient,511,15520.0
3,Nutrient,513,5100.0
3,Nutrient,513,0.0
3,Nutrient,514,0.0
3,Nutrient,514,0.0
3,Nutrient,514,0.0
3,Nutrient,514,0.0
3,Nutrient,514,0.0
3,Nutrient,514,0.0
3,Nutrient,514,4890.0
3,Nutrient,514,0.0
3,Nutrient,515,0.0
3,Nutrient,515,0.0
3,Nutrient,515,0.0
3,Nutrient,515,0.0
3,Nutrient,516,74900.0
3,Nutrient,516,21340.0
3,Nutrient,517,8100.0
3,Nutrient,517,20700.0
3,Nutrient,518,4310.0
3,Nutrient,518,14100.0
3,Nutrient,518,28100.0
3,Nutrient,518,41710.0
3,Nutrient,518,37503.55
3,Nutrient,518,24907.55
3,Nutrient,518,47031.2
3,Nutrient,519,23800.0
3,Nutrient,519,27900.0
3,Nutrient,519,27880.0
3,Nutrient,519,27480.0
3,Nutrient,519,26990.0
3,Nutrient,519,89700.0
3,Nutrient,520,8820.0
3,Nutrient,520,8820.0
3,Nutrient,520,8230.0
3,Nutrient,520,44697.5
3,Nutrient,521,23630.0
3,Nutrient,521,30300.0
3,Nutrient,521,49650.0
3,Nutrient,522,0.0
3,Nutrient,522,0.0
3,Nutrient,523,0.0
3,Nutrient,523,0.0
3,Nutrient,524,0.0
3,Nutrient,524,0.0
3,Nutrient,524,0.0
3,Nutrient,524,0.0
3,Nutrient,524,0.0
3,Nutrient,524,0.0
3,Nutrient,525,0.0
3,Nutrient,525,0.0
3,Nutrient,525,0.0
3,Nutrient,525,0.0
3,Nutrient,526,0.0
3,Nutrient,526,0.0
3,Nutrient,526,0.0
3,Nutrient,526,0.0
3,Nutrient,526,10900.0
3,Nutrient,526,11400.0
3,Nutrient,526,0.0
3,Nutrient,526,0.0
3,Nutrient,526,0.0
3,Nutrient,526,0.0
3,Nutrient,526,0.0
3,Nutrient,526,0.0
3,Nutrient,526,1000.0
3,Nutrient,526,1000.0
3,Nutrient,526,1000.0
3,Nutrient,526,1000.0
3,Nutrient,526,1000.0
3,Nutrient,526,1000.0
3,Nutrient,526,2800.0
3,Nutrient,526,2800.0
3,Nutrient,526,1500.0
3,Nutrient,526,1500.0
3,Nutrient,526,100.0
3,Nutrient,526,100.0
3,Nutrient,526,0.0
3,Nutrient,526,0.0
3,Nutrient,526,0.0
3,Nutrient,526,0.0
3,Nutrient,526,0.0
3,Nutrient,527,0.0
3,Nutrient,527,0.0
3,Nutrient,527,0.0
3,Nutrient,527,0.0
3,Nutrient,529,0.0
3,Nutrient,530,0.0
3,Nutrient,531,200.0
3,Nutrient,531,200.0
3,Nutrient,531,0.0
3,Nutrient,531,0.0
3,Nutrient,531,21800.0
3,Nutrient,531,22000.0
3,Nutrient,531,18800.0
3,Nutrient,531,18800.0
3,Nutrient,531,8000.0
3,Nutrient,531,8000.0
3,Nutrient,531,13100.0
3,Nutrient,531,13100.0
3,Nutrient,531,8000.0
3,Nutrient,531,8000.0
3,Nutrient,531,10700.0
3,Nutrient,531,10700.0
3,Nutrient,531,0.0
3,Nutrient,531,0.0
3,Nutrient,531,0.0
3,Nutrient,531,0.0
3,Nutrient,531,0.0
3,Nutrient,531,0.0
3,Nutrient,531,0.0
3,Nutrient,531,0.0
3,Nutrient,531,0.0
3,Nutrient,531,0.0
3,Nutrient,531,0.0
3,Nutrient,531,0.0
3,Nutrient,531,0.0
3,Nutrient,531,0.0
3,Nutrient,531,500.0
3,Nutrient,531,500.0
3,Nutrient,531,10000.0
3,Nutrient,531,10000.0
3,Nutrient,531,0.0
3,Nutrient,531,0.0
3,Nutrient,531,0.0
3,Nutrient,531,0.0
3,Nutrient,532,2430.0
3,Nutrient,532,3120.0
3,Nutrient,533,0.0
3,Nutrient,533,0.0
3,Nutrient,534,18830.0
3,Nutrient,534,20320.0
3,Nutrient,534,25130.0
3,Nutrient,534,23760.0
3,Nutrient,534,19730.0
3,Nutrient,534,23500.0
3,Nutrient,534,60030.0
3,Nutrient,534,20760.0
3,Nutrient,534,13630.0
3,Nutrient,534,16530.0
3,Nutrient,534,20760.0
3,Nutrient,534,
3,Nutrient,534,
3,Nutrient,535,0.0
3,Nutrient,535,0.0
3,Nutrient,535,0.0
3,Nutrient,535,0.0
3,Nutrient,535,0.0
3,Nutrient,535,0.0
3,Nutrient,535,0.0
3,Nutrient,535,0.0
3,Nutrient,535,0.0
3,Nutrient,536,13820.0
3,Nutrient,536,13380.0
3,Nutrient,536,12830.0
3,Nutrient,536,14815.0
3,Nutrient,537,0.0
3,Nutrient,537,0.0
3,Nutrient,537,0.0
3,Nutrient,537,0.0
3,Nutrient,537,0.0
3,Nutrient,537,0.0
3,Nutrient,538,0.0
3,Nutrient,538,0.0
3,Nutrient,538,0.0
3,Nutrient,538,0.0
3,Nutrient,538,0.0
3,Nutrient,539,0.0
3,Nutrient,540,0.0
3,Nutrient,540,0.0
3,Nutrient,540,0.0
3,Nutrient,540,0.0
3,Nutrient,541,0.0
3,Nutrient,541,0.0
3,Nutrient,542,0.0
3,Nutrient,542,0.0
3,Nutrient,544,3570.0
3,Nutrient,544,10330.0
3,Nutrient,544,5130.0
3,Nutrient,544,5900.0
3,Nutrient,544,100.0
3,Nutrient,544,11620.0
3,Nutrient,544,33750.0
3,Nutrient,544,28690.0
3,Nutrient,545,3080.0
3,Nutrient,545,7790.0
3,Nutrient,546,0.0
3,Nutrient,546,0.0
3,Nutrient,546,800.0
3,Nutrient,546,800.0
3,Nutrient,546,700.0
3,Nutrient,546,700.0
3,Nutrient,546,910.0
3,Nutrient,546,11470.0
3,Nutrient,546,1520.0
3,Nutrient,546,0.0
3,Nutrient,546,27990.0
3,Nutrient,546,23920.0
3,Nutrient,546,12430.0
3,Nutrient,546,20010.0
3,Nutrient,546,23470.0
3,Nutrient,546,20210.0
3,Nutrient,547,1200.0
3,Nutrient,547,1200.0
3,Nutrient,547,0.0
3,Nutrient,547,0.0
3,Nutrient,547,0.0
3,Nutrient,547,0.0
3,Nutrient,548,0.0
3,Nutrient,548,0.0
3,Nutrient,548,0.0
3,Nutrient,548,0.0
3,Nutrient,549,0.0
3,Nutrient,549,0.0
3,Nutrient,549,800.0
3,Nutrient,549,800.0
3,Nutrient,549,800.0
3,Nutrient,549,800.0
3,Nutrient,549,400.0
3,Nutrient,549,400.0
3,Nutrient,549,1100.0
3,Nutrient,549,1100.0
3,Nutrient,549,2300.0
3,Nutrient,549,2300.0
3,Nutrient,549,800.0
3,Nutrient,549,800.0
3,Nutrient,549,0.0
3,Nutrient,549,0.0
3,Nutrient,549,200.0
3,Nutrient,549,200.0
3,Nutrient,549,0.0
3,Nutrient,549,0.0
3,Nutrient,549,0.0
3,Nutrient,549,0.0
3,Nutrient,549,0.0
3,Nutrient,549,0.0
3,Nutrient,549,0.0
3,Nutrient,549,0.0
3,Nutrient,549,0.0
3,Nutrient,549,0.0
3,Nutrient,549,0.0
3,Nutrient,549,0.0
3,Nutrient,549,0.0
3,Nutrient,549,0.0
3,Nutrient,549,0.0
3,Nutrient,549,0.0
3,Nutrient,549,600.0
3,Nutrient,549,600.0
3,Nutrient,549,400.0
3,Nutrient,549,400.0
3,Nutrient,549,200.0
3,Nutrient,549,200.0
3,Nutrient,549,0.0
3,Nutrient,549,0.0
3,Nutrient,549,0.0
3,Nutrient,549,0.0
3,Nutrient,549,0.0
3,Nutrient,549,0.0
3,Nutrient,549,0.0
3,Nutrient,549,0.0
3,Nutrient,549,0.0
3,Nutrient,549,0.0
3,Nutrient,549,0.0
3,Nutrient,549,0.0
3,Nutrient,549,0.0
3,Nutrient,549,0.0
3,Nutrient,549,0.0
3,Nutrient,549,0.0
3,Nutrient,549,0.0
3,Nutrient,549,0.0
3,Nutrient,549,0.0
3,Nutrient,549,0.0
3,Nutrient,549,0.0
3,Nutrient,549,0.0
3,Nutrient,549,0.0
3,Nutrient,549,0.0
3,Nutrient,549,0.0
3,Nutrient,549,0.0
3,Nutrient,549,0.0
3,Nutrient,549,0.0
3,Nutrient,549,0.0
3,Nutrient,549,0.0
3,Nutrient,549,0.0
3,Nutrient,549,0.0
3,Nutrient,549,0.0
3,Nutrient,549,0.0
3,Nutrient,549,0.0
3,Nutrient,549,0.0
3,Nutrient,549,0.0
3,Nutrient,549,0.0
3,Nutrient,549,0.0
3,Nutrient,549,0.0
3,Nutrient,549,0.0
3,Nutrient,549,0.0
3,Nutrient,549,0.0
3,Nutrient,549,0.0
3,Nutrient,549,0.0
3,Nutrient,549,0.0
3,Nutrient,549,0.0
3,Nutrient,549,0.0
3,Nutrient,549,5200.0
3,Nutrient,549,5600.0
3,Nutrient,549,12700.0
3,Nutrient,549,13000.0
3,Nutrient,549,0.0
3,Nutrient,549,0.0
3,Nutrient,549,0.0
3,Nutrient,549,0.0
3,Nutrient,549,0.0
3,Nutrient,549,0.0
3,Nutrient,549,300.0
3,Nutrient,549,300.0
3,Nutrient,549,0.0
3,Nutrient,549,0.0
3,Nutrient,549,0.0
3,Nutrient,549,0.0
3,Nutrient,549,0.0
3,Nutrient,549,0.0
3,Nutrient,549,0.0
3,Nutrient,549,0.0
3,Nutrient,549,0.0
3,Nutrient,549,0.0
3,Nutrient,549,0.0
3,Nutrient,549,0.0
3,Nutrient,549,0.0
3,Nutrient,549,0.0
3,Nutrient,549,0.0
3,Nutrient,549,0.0
3,Nutrient,549,0.0
3,Nutrient,549,0.0
3,Nutrient,549,0.0
3,Nutrient,549,0.0
3,Nutrient,549,0.0
3,Nutrient,549,0.0
3,Nutrient,549,0.0
3,Nutrient,549,0.0
3,Nutrient,549,0.0
3,Nutrient,549,0.0
3,Nutrient,549,100.0
3,Nutrient,549,100.0
3,Nutrient,549,0.0
3,Nutrient,549,0.0
3,Nutrient,549,0.0
3,Nutrient,549,0.0
3,Nutrient,549,800.0
3,Nutrient,549,800.0
3,Nutrient,549,800.0
3,Nutrient,549,800.0
3,Nutrient,549,0.0
3,Nutrient,549,0.0
3,Nutrient,549,0.0
3,Nutrient,549,0.0
3,Nutrient,549,0.0
3,Nutrient,549,0.0
3,Nutrient,549,0.0
3,Nutrient,549,0.0
3,Nutrient,549,0.0
3,Nutrient,549,0.0
3,Nutrient,549,0.0
3,Nutrient,549,0.0
3,Nutrient,549,0.0
3,Nutrient,549,0.0
3,Nutrient,549,0.0
3,Nutrient,549,0.0
3,Nutrient,549,0.0
3,Nutrient,549,0.0
3,Nutrient,549,0.0
3,Nutrient,549,0.0
3,Nutrient,549,0.0
3,Nutrient,549,0.0
3,Nutrient,549,500.0
3,Nutrient,549,500.0
3,Nutrient,549,500.0
3,Nutrient,549,500.0
3,Nutrient,549,260.0
3,Nutrient,549,4200.0
3,Nutrient,549,590.0
3,Nutrient,549,3830.0
3,Nutrient,549,1840.0
3,Nutrient,549,3650.0
3,Nutrient,549,1830.0
3,Nutrient,549,1200.0
3,Nutrient,549,3100.0
3,Nutrient,549,100.0
3,Nutrient,549,1900.0
3,Nutrient,549,1100.0
3,Nutrient,549,7270.0
3,Nutrient,549,320.0
3,Nutrient,549,0.0
3,Nutrient,549,0.0
3,Nutrient,549,0.0
3,Nutrient,549,0.0
3,Nutrient,549,0.0
3,Nutrient,549,0.0
3,Nutrient,549,0.0
3,Nutrient,549,0.0
3,Nutrient,549,0.0
3,Nutrient,549,0.0
3,Nutrient,549,0.0
3,Nutrient,549,0.0
3,Nutrient,549,0.0
3,Nutrient,549,0.0
3,Nutrient,549,0.0
3,Nutrient,549,0.0
3,Nutrient,549,0.0
3,Nutrient,549,0.0
3,Nutrient,549,0.0
3,Nutrient,549,0.0
3,Nutrient,549,0.0
3,Nutrient,549,0.0
3,Nutrient,549,0.0
3,Nutrient,549,0.0
3,Nutrient,549,0.0
3,Nutrient,549,0.0
3,Nutrient,549,0.0
3,Nutrient,549,0.0
3,Nutrient,549,0.0
3,Nutrient,549,0.0
3,Nutrient,549,0.0
3,Nutrient,549,0.0
3,Nutrient,549,0.0
3,Nutrient,549,0.0
3,Nutrient,549,0.0
3,Nutrient,549,0.0
3,Nutrient,549,0.0
3,Nutrient,549,0.0
3,Nutrient,549,0.0
3,Nutrient,549,0.0
3,Nutrient,549,0.0
3,Nutrient,549,0.0
3,Nutrient,549,0.0
3,Nutrient,549,0.0
3,Nutrient,549,0.0
3,Nutrient,549,0.0
3,Nutrient,549,0.0
3,Nutrient,549,0.0
3,Nutrient,549,0.0
3,Nutrient,549,0.0
3,Nutrient,549,0.0
3,Nutrient,549,0.0
3,Nutrient,549,0.0
3,Nutrient,549,0.0
3,Nutrient,549,0.0
3,Nutrient,549,0.0
3,Nutrient,549,0.0
3,Nutrient,549,0.0
3,Nutrient,549,0.0
3,Nutrient,549,0.0
3,Nutrient,549,0.0
3,Nutrient,549,0.0
3,Nutrient,549,0.0
3,Nutrient,549,0.0
3,Nutrient,549,0.0
3,Nutrient,549,0.0
3,Nutrient,549,0.0
3,Nutrient,549,0.0
3,Nutrient,549,0.0
3,Nutrient,549,0.0
3,Nutrient,549,0.0
3,Nutrient,549,0.0
3,Nutrient,549,0.0
3,Nutrient,549,0.0
3,Nutrient,549,0.0
3,Nutrient,549,0.0
3,Nutrient,549,0.0
3,Nutrient,549,0.0
3,Nutrient,549,0.0
3,Nutrient,549,0.0
3,Nutrient,549,0.0
3,Nutrient,549,0.0
3,Nutrient,549,0.0
3,Nutrient,549,0.0
3,Nutrient,549,0.0
3,Nutrient,549,0.0
3,Nutrient,549,0.0
3,Nutrient,549,0.0
3,Nutrient,549,0.0
3,Nutrient,549,0.0
3,Nutrient,549,0.0
3,Nutrient,549,0.0
3,Nutrient,549,0.0
3,Nutrient,549,0.0
3,Nutrient,549,600.0
3,Nutrient,549,200.0
3,Nutrient,549,0.0
3,Nutrient,549,1330.0
3,Nutrient,549,400.0
3,Nutrient,549,0.0
3,Nutrient,549,0.0
3,Nutrient,549,0.0
3,Nutrient,549,0.0
3,Nutrient,549,2470.0
3,Nutrient,549,3760.0
3,Nutrient,549,0.0
3,Nutrient,549,0.0
3,Nutrient,549,0.0
3,Nutrient,549,0.0
3,Nutrient,549,0.0
3,Nutrient,549,0.0
3,Nutrient,549,0.0
3,Nutrient,549,0.0
3,Nutrient,549,0.0
3,Nutrient,549,0.0
3,Nutrient,549,0.0
3,Nutrient,549,660.0
3,Nutrient,549,1430.0
3,Nutrient,549,700.0
3,Nutrient,549,1050.0
3,Nutrient,549,1680.0
3,Nutrient,549,1350.0
3,Nutrient,549,10.0
3,Nutrient,549,1500.0
3,Nutrient,549,0.0
3,Nutrient,549,0.0
3,Nutrient,549,520.0
3,Nutrient,549,20.0
3,Nutrient,549,420.0
3,Nutrient,549,300.0
3,Nutrient,549,50.0
3,Nutrient,549,1690.0
3,Nutrient,549,1700.0
3,Nutrient,549,0.0
3,Nutrient,549,60.0
3,Nutrient,549,0.0
3,Nutrient,549,50.0
3,Nutrient,549,0.0
3,Nutrient,549,590.0
3,Nutrient,549,0.0
3,Nutrient,549,90.0
3,Nutrient,549,0.0
3,Nutrient,549,0.0
3,Nutrient,549,0.0
3,Nutrient,549,0.0
3,Nutrient,549,370.0
3,Nutrient,549,0.0
3,Nutrient,549,0.0
3,Nutrient,549,0.0
3,Nutrient,549,0.0
3,Nutrient,549,0.0
3,Nutrient,549,0.0
3,Nutrient,549,0.0
3,Nutrient,549,0.0
3,Nutrient,549,0.0
3,Nutrient,549,2280.0
3,Nutrient,549,500.0
3,Nutrient,549,0.0
3,Nutrient,549,490.0
3,Nutrient,549,0.0
3,Nutrient,549,0.0
3,Nutrient,549,0.0
3,Nutrient,549,0.0
3,Nutrient,549,0.0
3,Nutrient,549,0.0
3,Nutrient,549,0.0
3,Nutrient,549,0.0
3,Nutrient,549,0.0
3,Nutrient,549,0.0
3,Nutrient,549,0.0
3,Nutrient,549,0.0
3,Nutrient,549,0.0
3,Nutrient,549,0.0
3,Nutrient,549,0.0
3,Nutrient,549,0.0
3,Nutrient,549,0.0
3,Nutrient,549,0.0
3,Nutrient,549,0.0
3,Nutrient,549,0.0
3,Nutrient,549,0.0
3,Nutrient,549,0.0
3,Nutrient,549,0.0
3,Nutrient,549,0.0
3,Nutrient,549,0.0
3,Nutrient,549,0.0
3,Nutrient,549,0.0
3,Nutrient,549,0.0
3,Nutrient,549,0.0
3,Nutrient,549,0.0
3,Nutrient,549,0.0
3,Nutrient,549,0.0
3,Nutrient,549,0.0
3,Nutrient,549,0.0
3,Nutrient,549,0.0
3,Nutrient,549,0.0
3,Nutrient,549,0.0
3,Nutrient,549,0.0
3,Nutrient,549,0.0
3,Nutrient,549,0.0
3,Nutrient,549,0.0
3,Nutrient,549,0.0
3,Nutrient,549,0.0
3,Nutrient,549,690.0
3,Nutrient,549,0.0
3,Nutrient,549,210.0
3,Nutrient,549,4630.0
3,Nutrient,549,1820.0
3,Nutrient,549,1790.0
3,Nutrient,549,840.0
3,Nutrient,549,760.0
3,Nutrient,549,1870.0
3,Nutrient,549,0.0
3,Nutrient,549,0.0
3,Nutrient,549,1350.0
3,Nutrient,549,1050.0
3,Nutrient,549,1500.0
3,Nutrient,549,90.0
3,Nutrient,549,0.0
3,Nutrient,549,870.0
3,Nutrient,549,560.0
3,Nutrient,549,1200.0
3,Nutrient,549,1030.0
3,Nutrient,549,1350.0
3,Nutrient,549,4380.0
3,Nutrient,549,4490.0
3,Nutrient,549,4000.0
3,Nutrient,549,430.0
3,Nutrient,549,10.0
3,Nutrient,549,0.0
3,Nutrient,549,410.0
3,Nutrient,549,1000.0
3,Nutrient,549,1240.0
3,Nutrient,549,1380.0
3,Nutrient,549,1180.0
3,Nutrient,549,1200.0
3,Nutrient,549,990.0
3,Nutrient,549,840.0
3,Nutrient,549,950.0
3,Nutrient,549,0.0
3,Nutrient,549,320.0
3,Nutrient,549,1240.0
3,Nutrient,549,2820.0
3,Nutrient,549,1200.0
3,Nutrient,549,60.0
3,Nutrient,549,0.0
3,Nutrient,549,0.0
3,Nutrient,549,630.0
3,Nutrient,549,2000.0
3,Nutrient,549,1870.0
3,Nutrient,549,0.0
3,Nutrient,549,230.0
3,Nutrient,549,950.0
3,Nutrient,549,690.0
3,Nutrient,549,170.0
3,Nutrient,549,290.0
3,Nutrient,549,420.0
3,Nutrient,549,4000.0
3,Nutrient,549,2720.0
3,Nutrient,549,1420.0
3,Nutrient,549,1350.0
3,Nutrient,549,1200.0
3,Nutrient,549,580.0
3,Nutrient,549,330.0
3,Nutrient,549,800.0
3,Nutrient,549,990.0
3,Nutrient,549,1350.0
3,Nutrient,549,1120.0
3,Nutrient,549,1260.0
3,Nutrient,549,1390.0
3,Nutrient,549,1150.0
3,Nutrient,549,1420.0
3,Nutrient,549,1410.0
3,Nutrient,549,4380.0
3,Nutrient,549,4490.0
3,Nutrient,549,600.0
3,Nutrient,549,260.0
3,Nutrient,549,170.0
3,Nutrient,549,990.0
3,Nutrient,549,460.0
3,Nutrient,549,840.0
3,Nutrient,549,370.0
3,Nutrient,549,150.0
3,Nutrient,549,320.0
3,Nutrient,549,0.0
3,Nutrient,549,180.0
3,Nutrient,549,240.0
3,Nutrient,549,410.0
3,Nutrient,549,390.0
3,Nutrient,549,0.0
3,Nutrient,549,210.0
3,Nutrient,549,0.0
3,Nutrient,549,0.0
3,Nutrient,549,310.0
3,Nutrient,549,0.0
3,Nutrient,549,0.0
3,Nutrient,549,180.0
3,Nutrient,549,0.0
3,Nutrient,549,0.0
3,Nutrient,549,0.0
3,Nutrient,549,0.0
3,Nutrient,549,0.0
3,Nutrient,549,310.0
3,Nutrient,549,160.0
3,Nutrient,549,30.0
3,Nutrient,549,520.0
3,Nutrient,549,0.0
3,Nutrient,549,0.0
3,Nutrient,549,0.0
3,Nutrient,549,0.0
3,Nutrient,549,0.0
3,Nutrient,549,0.0
3,Nutrient,549,0.0
3,Nutrient,549,0.0
3,Nutrient,549,660.0
3,Nutrient,549,440.0
3,Nutrient,549,210.0
3,Nutrient,549,1390.0
3,Nutrient,549,580.0
3,Nutrient,549,0.0
3,Nutrient,549,1080.0
3,Nutrient,549,0.0
3,Nutrient,549,570.0
3,Nutrient,549,820.0
3,Nutrient,549,0.0
3,Nutrient,549,890.0
3,Nutrient,549,0.0
3,Nutrient,549,0.0
3,Nutrient,549,0.0
3,Nutrient,549,830.0
3,Nutrient,549,760.0
3,Nutrient,549,0.0
3,Nutrient,549,0.0
3,Nutrient,549,0.0
3,Nutrient,549,0.0
3,Nutrient,549,0.0
3,Nutrient,549,1600.0
3,Nutrient,549,18740.0
3,Nutrient,549,23340.0
3,Nutrient,549,1400.0
3,Nutrient,549,500.0
3,Nutrient,549,300.0
3,Nutrient,549,1500.0
3,Nutrient,549,1430.0
3,Nutrient,550,0.0
3,Nutrient,550,0.0
3,Nutrient,550,0.0
3,Nutrient,550,3500.0
3,Nutrient,550,0.0
3,Nutrient,551,9900.0
3,Nutrient,552,70380.0
3,Nutrient,552,30460.0
3,Nutrient,553,8350.0
3,Nutrient,553,9180.0
3,Nutrient,553,9170.0
3,Nutrient,553,61910.0
3,Nutrient,553,21090.0
3,Nutrient,553,21090.0
3,Nutrient,553,38537.15
3,Nutrient,553,64754.75
3,Nutrient,554,0.0
3,Nutrient,555,0.0
3,Nutrient,555,0.0
3,Nutrient,555,0.0
3,Nutrient,555,0.0
3,Nutrient,556,22310.0
3,Nutrient,556,12190.0
3,Nutrient,557,10540.0
3,Nutrient,557,8420.0
3,Nutrient,557,6690.0
3,Nutrient,558,12920.0
3,Nutrient,559,23900.0
3,Nutrient,560,6750.0
3,Nutrient,560,81030.0
3,Nutrient,561,700.0
3,Nutrient,561,3100.0
3,Nutrient,561,1700.0
3,Nutrient,561,3400.0
3,Nutrient,561,4440.0
3,Nutrient,561,3260.0
3,Nutrient,561,5290.0
3,Nutrient,561,4040.0
3,Nutrient,561,5090.0
3,Nutrient,561,3870.0
3,Nutrient,561,4300.0
3,Nutrient,561,5290.0
3,Nutrient,561,4440.0
3,Nutrient,561,4640.0
3,Nutrient,561,6040.0
3,Nutrient,561,3870.0
3,Nutrient,562,6790.0
3,Nutrient,562,7680.0
3,Nutrient,562,75370.0
3,Nutrient,562,14390.0
3,Nutrient,562,14390.0
3,Nutrient,563,5110.0
3,Nutrient,564,9140.0
3,Nutrient,565,7810.0
3,Nutrient,566,7440.0
3,Nutrient,567,6090.0
3,Nutrient,568,73010.0
3,Nutrient,569,6970.0
3,Nutrient,570,5540.0
3,Nutrient,570,5740.0
3,Nutrient,571,0.0
3,Nutrient,571,0.0
3,Nutrient,572,6500.0
3,Nutrient,573,5640.0
3,Nutrient,573,3220.0
3,Nutrient,574,0.0
3,Nutrient,574,0.0
3,Nutrient,575,24900.0
3,Nutrient,575,65100.0
3,Nutrient,575,72000.0
3,Nutrient,575,75700.0
3,Nutrient,575,0.0
3,Nutrient,575,0.0
3,Nutrient,575,39000.0
3,Nutrient,575,51300.0
3,Nutrient,575,70400.0
3,Nutrient,575,73500.0
3,Nutrient,575,70200.0
3,Nutrient,575,73500.0
3,Nutrient,575,69000.0
3,Nutrient,575,76700.0
3,Nutrient,575,62500.0
3,Nutrient,575,74100.0
3,Nutrient,575,64400.0
3,Nutrient,575,75400.0
3,Nutrient,575,0.0
3,Nutrient,575,64510.0
3,Nutrient,575,51800.0
3,Nutrient,575,71970.0
3,Nutrient,575,76310.0
3,Nutrient,575,74220.0
3,Nutrient,575,72530.0
3,Nutrient,575,78030.0
3,Nutrient,575,67140.0
3,Nutrient,575,42530.0
3,Nutrient,575,72530.0
3,Nutrient,575,76310.0
3,Nutrient,575,76310.0
3,Nutrient,575,76310.0
3,Nutrient,575,77320.0
3,Nutrient,575,77320.0
3,Nutrient,575,76220.0
3,Nutrient,575,76220.0
3,Nutrient,575,76220.0
3,Nutrient,575,73810.0
3,Nutrient,575,73810.0
3,Nutrient,575,73810.0
3,Nutrient,575,72200.0
3,Nutrient,575,72200.0
3,Nutrient,575,69880.0
3,Nutrient,575,69880.0
3,Nutrient,575,74480.0
3,Nutrient,576,33880.0
3,Nutrient,576,33620.0
3,Nutrient,577,16230.0
3,Nutrient,577,32000.0
3,Nutrient,577,81980.0
3,Nutrient,578,5140.0
3,Nutrient,579,0.0
3,Nutrient,580,10000.0
3,Nutrient,580,10000.0
3,Nutrient,581,0.0
3,Nutrient,581,0.0
3,Nutrient,582,0.0
3,Nutrient,582,0.0
3,Nutrient,583,1700.0
3,Nutrient,583,6700.0
3,Nutrient,583,6860.0
3,Nutrient,584,800.0
3,Nutrient,584,800.0
3,Nutrient,584,5700.0
3,Nutrient,584,5700.0
3,Nutrient,585,0.0
3,Nutrient,585,0.0
3,Nutrient,585,0.0
3,Nutrient,585,0.0
3,Nutrient,586,27500.0
3,Nutrient,586,80600.0
3,Nutrient,587,1100.0
3,Nutrient,587,1100.0
3,Nutrient,587,1100.0
3,Nutrient,587,1100.0
3,Nutrient,587,500.0
3,Nutrient,587,500.0
3,Nutrient,588,0.0
3,Nutrient,588,0.0
3,Nutrient,589,0.0
3,Nutrient,589,0.0
3,Nutrient,590,0.0
3,Nutrient,590,0.0
3,Nutrient,590,0.0
3,Nutrient,590,0.0
3,Nutrient,590,0.0
3,Nutrient,590,0.0
3,Nutrient,590,3500.0
3,Nutrient,590,3500.0
3,Nutrient,591,0.0
3,Nutrient,591,0.0
3,Nutrient,591,0.0
3,Nutrient,591,0.0
3,Nutrient,592,0.0
3,Nutrient,592,0.0
3,Nutrient,592,0.0
3,Nutrient,593,0.0
3,Nutrient,593,0.0
3,Nutrient,594,0.0
3,Nutrient,594,0.0
3,Nutrient,595,0.0
3,Nutrient,595,0.0
3,Nutrient,596,0.0
3,Nutrient,596,0.0
3,Nutrient,597,0.0
3,Nutrient,597,0.0
3,Nutrient,598,300.0
3,Nutrient,598,300.0
3,Nutrient,598,300.0
3,Nutrient,598,300.0
3,Nutrient,598,800.0
3,Nutrient,598,800.0
3,Nutrient,599,0.0
3,Nutrient,599,0.0
3,Nutrient,599,0.0
3,Nutrient,599,0.0
3,Nutrient,600,0.0
3,Nutrient,600,0.0
3,Nutrient,600,300.0
3,Nutrient,600,500.0
3,Nutrient,600,0.0
3,Nutrient,600,0.0
3,Nutrient,600,0.0
3,Nutrient,600,0.0
3,Nutrient,601,3700.0
3,Nutrient,601,3700.0
3,Nutrient,601,7400.0
3,Nutrient,601,7400.0
3,Nutrient,601,1900.0
3,Nutrient,601,1900.0
3,Nutrient,602,0.0
3,Nutrient,602,0.0
3,Nutrient,603,800.0
3,Nutrient,603,800.0
3,Nutrient,604,0.0
3,Nutrient,604,0.0
3,Nutrient,605,0.0
3,Nutrient,605,0.0
3,Nutrient,605,0.0
3,Nutrient,605,0.0
3,Nutrient,605,0.0
3,Nutrient,605,0.0
3,Nutrient,605,0.0
3,Nutrient,605,0.0
3,Nutrient,605,0.0
3,Nutrient,605,0.0
3,Nutrient,605,0.0
3,Nutrient,605,0.0
3,Nutrient,606,4200.0
3,Nutrient,606,4200.0
3,Nutrient,608,17100.0
3,Nutrient,608,23000.0
3,Nutrient,609,500.0
3,Nutrient,609,500.0
3,Nutrient,610,17800.0
3,Nutrient,610,18800.0
3,Nutrient,610,19100.0
3,Nutrient,610,20100.0
3,Nutrient,610,0.0
3,Nutrient,610,0.0
3,Nutrient,611,0.0
3,Nutrient,611,0.0
3,Nutrient,612,0.0
3,Nutrient,612,0.0
3,Nutrient,613,15300.0
3,Nutrient,613,18600.0
3,Nutrient,614,0.0
3,Nutrient,614,0.0
3,Nutrient,615,70000.0
3,Nutrient,615,75000.0
3,Nutrient,616,49700.0
3,Nutrient,616,55000.0
3,Nutrient,617,2000.0
3,Nutrient,617,2000.0
3,Nutrient,617,2000.0
3,Nutrient,618,0.0
3,Nutrient,618,0.0
3,Nutrient,619,0.0
3,Nutrient,619,0.0
3,Nutrient,619,5310.0
3,Nutrient,620,0.0
3,Nutrient,620,0.0
3,Nutrient,621,0.0
3,Nutrient,621,0.0
3,Nutrient,621,500.0
3,Nutrient,621,500.0
3,Nutrient,621,0.0
3,Nutrient,621,0.0
3,Nutrient,621,0.0
3,Nutrient,621,0.0
3,Nutrient,621,0.0
3,Nutrient,621,0.0
3,Nutrient,621,9410.0
3,Nutrient,621,0.0
3,Nutrient,621,0.0
3,Nutrient,622,0.0
3,Nutrient,622,0.0
3,Nutrient,622,10600.0
3,Nutrient,622,16200.0
3,Nutrient,622,0.0
3,Nutrient,623,0.0
3,Nutrient,623,0.0
3,Nutrient,624,0.0
3,Nutrient,625,1700.0
3,Nutrient,626,1500.0
3,Nutrient,626,1500.0
3,Nutrient,626,3500.0
3,Nutrient,626,3500.0
3,Nutrient,626,1400.0
3,Nutrient,626,1400.0
3,Nutrient,626,2600.0
3,Nutrient,626,2600.0
3,Nutrient,626,200.0
3,Nutrient,626,200.0
3,Nutrient,626,2400.0
3,Nutrient,626,2400.0
3,Nutrient,626,5500.0
3,Nutrient,626,5500.0
3,Nutrient,626,2900.0
3,Nutrient,626,2900.0
3,Nutrient,626,1400.0
3,Nutrient,626,1400.0
3,Nutrient,626,5900.0
3,Nutrient,626,5900.0
3,Nutrient,626,13690.0
3,Nutrient,626,2720.0
3,Nutrient,626,2610.0
3,Nutrient,626,2600.0
3,Nutrient,626,2450.0
3,Nutrient,626,2310.0
3,Nutrient,626,2580.0
3,Nutrient,626,2790.0
3,Nutrient,626,2860.0
3,Nutrient,626,2680.0
3,Nutrient,626,3010.0
3,Nutrient,626,2600.0
3,Nutrient,626,2460.0
3,Nutrient,626,2620.0
3,Nutrient,626,2400.0
3,Nutrient,626,2060.0
3,Nutrient,626,3310.0
3,Nutrient,626,2270.0
3,Nutrient,626,3480.0
3,Nutrient,626,2600.0
3,Nutrient,626,11390.0
3,Nutrient,626,3120.0
3,Nutrient,626,3740.0
3,Nutrient,626,2050.0
3,Nutrient,626,13390.0
3,Nutrient,626,1940.0
3,Nutrient,626,5230.0
3,Nutrient,626,3690.0
3,Nutrient,626,2380.0
3,Nutrient,626,2640.0
3,Nutrient,626,2160.0
3,Nutrient,626,11670.0
3,Nutrient,626,1100.0
3,Nutrient,626,2510.0
3,Nutrient,626,6300.0
3,Nutrient,626,1170.0
3,Nutrient,630,24700.0
3,Nutrient,630,24700.0
3,Nutrient,630,29000.0
3,Nutrient,630,29000.0
3,Nutrient,630,53000.0
3,Nutrient,630,53000.0
3,Nutrient,630,28400.0
3,Nutrient,630,28400.0
3,Nutrient,630,46800.0
3,Nutrient,630,46800.0
3,Nutrient,630,20900.0
3,Nutrient,630,20900.0
3,Nutrient,630,41600.0
3,Nutrient,630,41600.0
3,Nutrient,630,26900.0
3,Nutrient,630,26900.0
3,Nutrient,630,41600.0
3,Nutrient,630,46800.0
3,Nutrient,630,20900.0
3,Nutrient,630,32200.0
3,Nutrient,631,1000.0
3,Nutrient,631,1000.0
3,Nutrient,631,200.0
3,Nutrient,631,200.0
3,Nutrient,631,200.0
3,Nutrient,631,200.0
3,Nutrient,631,200.0
3,Nutrient,631,200.0
3,Nutrient,631,200.0
3,Nutrient,631,200.0
3,Nutrient,631,200.0
3,Nutrient,631,200.0
3,Nutrient,631,200.0
3,Nutrient,631,200.0
3,Nutrient,631,1500.0
3,Nutrient,631,1500.0
3,Nutrient,631,2500.0
3,Nutrient,631,2500.0
3,Nutrient,631,2500.0
3,Nutrient,631,2500.0
3,Nutrient,631,700.0
3,Nutrient,631,700.0
3,Nutrient,631,1000.0
3,Nutrient,631,1000.0
3,Nutrient,631,500.0
3,Nutrient,631,500.0
3,Nutrient,631,600.0
3,Nutrient,631,600.0
3,Nutrient,631,1100.0
3,Nutrient,631,1100.0
3,Nutrient,631,1400.0
3,Nutrient,631,1400.0
3,Nutrient,631,900.0
3,Nutrient,631,900.0
3,Nutrient,631,500.0
3,Nutrient,631,500.0
3,Nutrient,631,1000.0
3,Nutrient,631,1000.0
3,Nutrient,631,800.0
3,Nutrient,631,800.0
3,Nutrient,631,1400.0
3,Nutrient,631,1400.0
3,Nutrient,631,900.0
3,Nutrient,631,900.0
3,Nutrient,631,1100.0
3,Nutrient,631,1100.0
3,Nutrient,631,900.0
3,Nutrient,631,900.0
3,Nutrient,631,900.0
3,Nutrient,631,900.0
3,Nutrient,631,1100.0
3,Nutrient,631,1100.0
3,Nutrient,631,900.0
3,Nutrient,631,900.0
3,Nutrient,631,900.0
3,Nutrient,631,900.0
3,Nutrient,631,1000.0
3,Nutrient,631,1000.0
3,Nutrient,631,1000.0
3,Nutrient,631,1000.0
3,Nutrient,631,1000.0
3,Nutrient,631,1000.0
3,Nutrient,631,1000.0
3,Nutrient,631,1000.0
3,Nutrient,631,1400.0
3,Nutrient,631,1400.0
3,Nutrient,631,1000.0
3,Nutrient,631,1000.0
3,Nutrient,631,1500.0
3,Nutrient,631,1500.0
3,Nutrient,631,4100.0
3,Nutrient,631,4100.0
3,Nutrient,631,700.0
3,Nutrient,631,700.0
3,Nutrient,631,500.0
3,Nutrient,631,500.0
3,Nutrient,631,600.0
3,Nutrient,631,600.0
3,Nutrient,631,600.0
3,Nutrient,631,600.0
3,Nutrient,631,3500.0
3,Nutrient,631,3500.0
3,Nutrient,631,7300.0
3,Nutrient,631,7300.0
3,Nutrient,631,3500.0
3,Nutrient,631,3500.0
3,Nutrient,631,1000.0
3,Nutrient,631,1000.0
3,Nutrient,631,900.0
3,Nutrient,631,900.0
3,Nutrient,631,1000.0
3,Nutrient,631,1000.0
3,Nutrient,631,1500.0
3,Nutrient,631,1500.0
3,Nutrient,631,1500.0
3,Nutrient,631,1500.0
3,Nutrient,631,900.0
3,Nutrient,631,900.0
3,Nutrient,631,900.0
3,Nutrient,631,900.0
3,Nutrient,631,1400.0
3,Nutrient,631,1400.0
3,Nutrient,631,1200.0
3,Nutrient,631,1200.0
3,Nutrient,631,1700.0
3,Nutrient,631,1700.0
3,Nutrient,631,1100.0
3,Nutrient,631,1100.0
3,Nutrient,631,900.0
3,Nutrient,631,900.0
3,Nutrient,631,900.0
3,Nutrient,631,900.0
3,Nutrient,631,4300.0
3,Nutrient,631,4300.0
3,Nutrient,631,4300.0
3,Nutrient,631,4300.0
3,Nutrient,631,4500.0
3,Nutrient,631,4500.0
3,Nutrient,631,16000.0
3,Nutrient,631,16000.0
3,Nutrient,631,2340.0
3,Nutrient,631,2790.0
3,Nutrient,631,450.0
3,Nutrient,631,460.0
3,Nutrient,631,3060.0
3,Nutrient,631,1280.0
3,Nutrient,631,4780.0
3,Nutrient,631,2570.0
3,Nutrient,631,3380.0
3,Nutrient,631,4610.0
3,Nutrient,631,6660.0
3,Nutrient,631,3660.0
3,Nutrient,631,2720.0
3,Nutrient,631,4070.0
3,Nutrient,631,1430.0
3,Nutrient,631,4090.0
3,Nutrient,631,1550.0
3,Nutrient,631,42650.0
3,Nutrient,631,2220.0
3,Nutrient,631,360.0
3,Nutrient,631,490.0
3,Nutrient,631,680.0
3,Nutrient,631,2190.0
3,Nutrient,631,2470.0
3,Nutrient,631,2770.0
3,Nutrient,631,3830.0
3,Nutrient,631,1120.0
3,Nutrient,631,3590.0
3,Nutrient,631,4060.0
3,Nutrient,631,3220.0
3,Nutrient,631,570.0
3,Nutrient,631,2140.0
3,Nutrient,631,3040.0
3,Nutrient,631,5140.0
3,Nutrient,631,3630.0
3,Nutrient,631,2000.0
3,Nutrient,631,5380.0
3,Nutrient,631,1880.0
3,Nutrient,631,3700.0
3,Nutrient,631,1730.0
3,Nutrient,631,2100.0
3,Nutrient,631,3410.0
3,Nutrient,631,2170.0
3,Nutrient,631,2540.0
3,Nutrient,631,890.0
3,Nutrient,631,4630.0
3,Nutrient,631,2870.0
3,Nutrient,631,5560.0
3,Nutrient,631,1910.0
3,Nutrient,631,1910.0
3,Nutrient,631,2000.0
3,Nutrient,631,7660.0
3,Nutrient,631,1370.0
3,Nutrient,631,3500.0
3,Nutrient,631,3410.0
3,Nutrient,631,2040.0
3,Nutrient,631,2980.0
3,Nutrient,631,2530.0
3,Nutrient,631,1750.0
3,Nutrient,631,3700.0
3,Nutrient,631,700.0
3,Nutrient,631,13400.0
3,Nutrient,631,3200.0
3,Nutrient,631,3500.0
3,Nutrient,631,3500.0
3,Nutrient,631,3000.0
3,Nutrient,631,8130.0
3,Nutrient,631,3500.0
3,Nutrient,631,3700.0
3,Nutrient,631,2700.0
3,Nutrient,631,4300.0
3,Nutrient,631,3000.0
3,Nutrient,631,1600.0
3,Nutrient,631,3400.0
3,Nutrient,631,3400.0
3,Nutrient,631,3100.0
3,Nutrient,632,4900.0
3,Nutrient,632,4900.0
3,Nutrient,632,4900.0
3,Nutrient,632,4900.0
3,Nutrient,632,4700.0
3,Nutrient,632,4700.0
3,Nutrient,632,4700.0
3,Nutrient,632,4700.0
3,Nutrient,632,4700.0
3,Nutrient,632,4700.0
3,Nutrient,632,4400.0
3,Nutrient,632,4400.0
3,Nutrient,632,4800.0
3,Nutrient,632,4800.0
3,Nutrient,632,4800.0
3,Nutrient,632,4800.0
3,Nutrient,632,4740.0
3,Nutrient,632,4740.0
3,Nutrient,632,4800.0
3,Nutrient,632,4650.0
3,Nutrient,632,4800.0
3,Nutrient,632,4970.0
3,Nutrient,632,5490.0
3,Nutrient,632,4990.0
3,Nutrient,632,4970.0
3,Nutrient,632,5520.0
3,Nutrient,632,4960.0
3,Nutrient,632,5020.0
3,Nutrient,632,5560.0
3,Nutrient,632,4460.0
3,Nutrient,632,4960.0
3,Nutrient,632,5490.0
3,Nutrient,632,4800.0
3,Nutrient,632,4990.0
3,Nutrient,632,4780.0
3,Nutrient,632,4850.0
3,Nutrient,633,7800.0
3,Nutrient,633,7800.0
3,Nutrient,633,700.0
3,Nutrient,633,700.0
3,Nutrient,633,5000.0
3,Nutrient,633,5000.0
3,Nutrient,633,800.0
3,Nutrient,633,800.0
3,Nutrient,633,3600.0
3,Nutrient,633,3600.0
3,Nutrient,633,3600.0
3,Nutrient,633,3600.0
3,Nutrient,633,1500.0
3,Nutrient,633,1500.0
3,Nutrient,633,1400.0
3,Nutrient,633,1400.0
3,Nutrient,633,1000.0
3,Nutrient,633,1000.0
3,Nutrient,633,300.0
3,Nutrient,633,300.0
3,Nutrient,633,1200.0
3,Nutrient,633,1200.0
3,Nutrient,633,1600.0
3,Nutrient,633,1600.0
3,Nutrient,633,11500.0
3,Nutrient,633,11500.0
3,Nutrient,633,720.0
3,Nutrient,633,730.0
3,Nutrient,633,3590.0
3,Nutrient,633,1150.0
3,Nutrient,633,10800.0
3,Nutrient,633,830.0
3,Nutrient,633,1120.0
3,Nutrient,633,640.0
3,Nutrient,633,710.0
3,Nutrient,633,1610.0
3,Nutrient,633,4950.0
3,Nutrient,633,2380.0
3,Nutrient,633,4170.0
3,Nutrient,633,4470.0
3,Nutrient,633,3600.0
3,Nutrient,633,1450.0
3,Nutrient,633,1350.0
3,Nutrient,633,410.0
3,Nutrient,633,1150.0
3,Nutrient,633,1600.0
3,Nutrient,633,1050.0
3,Nutrient,633,1050.0
3,Nutrient,633,7800.0
3,Nutrient,633,23970.0
3,Nutrient,633,830.0
3,Nutrient,633,2080.0
3,Nutrient,633,1850.0
3,Nutrient,633,7500.0
3,Nutrient,634,3800.0
3,Nutrient,634,4300.0
3,Nutrient,634,87300.0
3,Nutrient,634,88100.0
3,Nutrient,634,3800.0
3,Nutrient,634,3800.0
3,Nutrient,634,11400.0
3,Nutrient,634,11900.0
3,Nutrient,634,11300.0
3,Nutrient,634,11800.0
3,Nutrient,634,11300.0
3,Nutrient,634,11800.0
3,Nutrient,634,11900.0
3,Nutrient,634,12400.0
3,Nutrient,634,11400.0
3,Nutrient,634,11900.0
3,Nutrient,634,11700.0
3,Nutrient,634,12200.0
3,Nutrient,634,11600.0
3,Nutrient,634,11600.0
3,Nutrient,634,4660.0
3,Nutrient,634,7040.0
3,Nutrient,634,7680.0
3,Nutrient,634,13800.0
3,Nutrient,634,18640.0
3,Nutrient,634,19050.0
3,Nutrient,634,18600.0
3,Nutrient,634,7500.0
3,Nutrient,634,23530.0
3,Nutrient,634,18200.0
3,Nutrient,634,21900.0
3,Nutrient,634,19900.0
3,Nutrient,634,9900.0
3,Nutrient,634,18600.0
3,Nutrient,634,18640.0
3,Nutrient,634,19050.0
3,Nutrient,634,19000.0
3,Nutrient,634,18600.0
3,Nutrient,634,13800.0
3,Nutrient,634,7500.0
3,Nutrient,634,23530.0
3,Nutrient,634,13800.0
3,Nutrient,634,19700.0
3,Nutrient,634,20720.0
3,Nutrient,634,17670.0
3,Nutrient,634,15860.0
3,Nutrient,634,19000.0
3,Nutrient,638,6190.0
3,Nutrient,638,5800.0
3,Nutrient,639,0.0
3,Nutrient,639,0.0
3,Nutrient,639,0.0
3,Nutrient,640,100.0
3,Nutrient,640,100.0
3,Nutrient,640,97300.0
3,Nutrient,640,15850.0
3,Nutrient,640,13400.0
3,Nutrient,640,21400.0
3,Nutrient,640,12820.0
3,Nutrient,640,100.0
3,Nutrient,640,21400.0
3,Nutrient,640,13100.0
3,Nutrient,641,23600.0
3,Nutrient,641,23600.0
3,Nutrient,641,24000.0
3,Nutrient,641,24000.0
3,Nutrient,641,20000.0
3,Nutrient,641,20000.0
3,Nutrient,641,20000.0
3,Nutrient,641,20000.0
3,Nutrient,641,24000.0
3,Nutrient,641,24000.0
3,Nutrient,641,20000.0
3,Nutrient,641,20000.0
3,Nutrient,641,23000.0
3,Nutrient,641,23000.0
3,Nutrient,641,20000.0
3,Nutrient,641,20000.0
3,Nutrient,641,35000.0
3,Nutrient,641,35000.0
3,Nutrient,641,22200.0
3,Nutrient,641,24500.0
3,Nutrient,641,27940.0
3,Nutrient,641,29460.0
3,Nutrient,641,22290.0
3,Nutrient,641,22200.0
3,Nutrient,641,23600.0
3,Nutrient,641,21800.0
3,Nutrient,641,25700.0
3,Nutrient,641,21420.0
3,Nutrient,641,26790.0
3,Nutrient,641,28200.0
3,Nutrient,641,27600.0
3,Nutrient,641,30060.0
3,Nutrient,641,25300.0
3,Nutrient,641,26030.0
3,Nutrient,641,30510.0
3,Nutrient,641,26060.0
3,Nutrient,641,28390.0
3,Nutrient,641,21300.0
3,Nutrient,641,20750.0
3,Nutrient,641,21920.0
3,Nutrient,641,25630.0
3,Nutrient,641,21700.0
3,Nutrient,641,29680.0
3,Nutrient,641,30180.0
3,Nutrient,641,25170.0
3,Nutrient,641,22230.0
3,Nutrient,641,26800.0
3,Nutrient,641,26360.0
3,Nutrient,641,31810.0
3,Nutrient,641,30170.0
3,Nutrient,641,29180.0
3,Nutrient,641,26360.0
3,Nutrient,641,28090.0
3,Nutrient,641,33360.0
3,Nutrient,641,30050.0
3,Nutrient,641,26820.0
3,Nutrient,641,25550.0
3,Nutrient,641,26820.0
3,Nutrient,641,25550.0
3,Nutrient,641,29400.0
3,Nutrient,641,20750.0
3,Nutrient,642,0.0
3,Nutrient,642,0.0
3,Nutrient,642,0.0
3,Nutrient,643,82000.0
3,Nutrient,643,82000.0
3,Nutrient,643,82400.0
3,Nutrient,643,86440.0
3,Nutrient,644,82700.0
3,Nutrient,644,82700.0
3,Nutrient,644,83400.0
3,Nutrient,644,83400.0
3,Nutrient,644,82100.0
3,Nutrient,644,82100.0
3,Nutrient,644,78100.0
3,Nutrient,644,78100.0
3,Nutrient,645,600.0
3,Nutrient,645,600.0
3,Nutrient,645,930.0
3,Nutrient,645,40.0
3,Nutrient,645,270.0
3,Nutrient,645,17030.0
3,Nutrient,646,0.0
3,Nutrient,646,0.0
3,Nutrient,646,0.0
3,Nutrient,647,11100.0
3,Nutrient,647,11100.0
3,Nutrient,648,5200.0
3,Nutrient,648,5200.0
3,Nutrient,648,14500.0
3,Nutrient,648,14500.0
3,Nutrient,649,1300.0
3,Nutrient,649,1300.0
3,Nutrient,649,3400.0
3,Nutrient,649,3400.0
3,Nutrient,649,6500.0
3,Nutrient,649,6500.0
3,Nutrient,650,10000.0
3,Nutrient,650,10000.0
3,Nutrient,651,55900.0
3,Nutrient,651,56300.0
3,Nutrient,651,92390.0
3,Nutrient,653,71400.0
3,Nutrient,653,71400.0
3,Nutrient,653,78600.0
3,Nutrient,653,79600.0
3,Nutrient,654,54600.0
3,Nutrient,654,57800.0
3,Nutrient,654,85100.0
3,Nutrient,654,58700.0
3,Nutrient,654,42900.0
3,Nutrient,654,79200.0
3,Nutrient,654,38000.0
3,Nutrient,654,52840.0
3,Nutrient,654,78700.0
3,Nutrient,654,73000.0
3,Nutrient,654,53400.0
3,Nutrient,654,63200.0
3,Nutrient,654,44300.0
3,Nutrient,654,46700.0
3,Nutrient,654,53800.0
3,Nutrient,654,51500.0
3,Nutrient,654,77700.0
3,Nutrient,654,52800.0
3,Nutrient,654,61600.0
3,Nutrient,654,80100.0
3,Nutrient,654,74600.0
3,Nutrient,654,49200.0
3,Nutrient,654,79300.0
3,Nutrient,654,50500.0
3,Nutrient,654,48800.0
3,Nutrient,654,52500.0
3,Nutrient,654,48500.0
3,Nutrient,654,60310.0
3,Nutrient,654,64030.0
3,Nutrient,654,79600.0
3,Nutrient,654,61100.0
3,Nutrient,654,57700.0
3,Nutrient,654,81000.0
3,Nutrient,654,78000.0
3,Nutrient,654,57200.0
3,Nutrient,654,55360.0
3,Nutrient,654,58800.0
3,Nutrient,654,79900.0
3,Nutrient,654,78100.0
3,Nutrient,654,53000.0
3,Nutrient,654,25500.0
3,Nutrient,654,35500.0
3,Nutrient,654,46700.0
3,Nutrient,654,52500.0
3,Nutrient,654,81000.0
3,Nutrient,654,78100.0
3,Nutrient,654,61000.0
3,Nutrient,654,67200.0
3,Nutrient,654,84100.0
3,Nutrient,654,81300.0
3,Nutrient,654,47840.0
3,Nutrient,654,48940.0
3,Nutrient,655,20900.0
3,Nutrient,655,24000.0
3,Nutrient,655,21900.0
3,Nutrient,655,25000.0
3,Nutrient,655,22600.0
3,Nutrient,655,25700.0
3,Nutrient,655,29020.0
3,Nutrient,655,32910.0
3,Nutrient,655,25140.0
3,Nutrient,655,28780.0
3,Nutrient,655,31220.0
3,Nutrient,655,29930.0
3,Nutrient,655,28640.0
3,Nutrient,655,31550.0
3,Nutrient,655,30490.0
3,Nutrient,655,25620.0
3,Nutrient,655,33240.0
3,Nutrient,655,33480.0
3,Nutrient,655,28180.0
3,Nutrient,655,31860.0
3,Nutrient,655,31890.0
3,Nutrient,655,25720.0
3,Nutrient,655,32740.0
3,Nutrient,655,30040.0
3,Nutrient,655,26690.0
3,Nutrient,655,26260.0
3,Nutrient,655,31500.0
3,Nutrient,655,31010.0
3,Nutrient,655,23100.0
3,Nutrient,655,30100.0
3,Nutrient,655,29030.0
3,Nutrient,655,22850.0
3,Nutrient,655,33420.0
3,Nutrient,655,32850.0
3,Nutrient,655,34220.0
3,Nutrient,655,32110.0
3,Nutrient,655,31790.0
3,Nutrient,655,26010.0
3,Nutrient,655,33330.0
3,Nutrient,655,33170.0
3,Nutrient,655,31200.0
3,Nutrient,655,31980.0
3,Nutrient,655,31840.0
3,Nutrient,655,25380.0
3,Nutrient,655,29860.0
3,Nutrient,655,31780.0
3,Nutrient,655,26470.0
3,Nutrient,655,29460.0
3,Nutrient,655,31150.0
3,Nutrient,655,28670.0
3,Nutrient,655,27930.0
3,Nutrient,655,28050.0
3,Nutrient,655,30360.0
3,Nutrient,655,27000.0
3,Nutrient,655,30620.0
3,Nutrient,655,29000.0
3,Nutrient,655,32660.0
3,Nutrient,655,25350.0
3,Nutrient,655,25300.0
3,Nutrient,655,31840.0
3,Nutrient,655,31170.0
3,Nutrient,655,28700.0
3,Nutrient,655,29390.0
3,Nutrient,655,29560.0
3,Nutrient,655,24500.0
3,Nutrient,655,24600.0
3,Nutrient,655,25700.0
3,Nutrient,655,24200.0
3,Nutrient,655,31000.0
3,Nutrient,655,28510.0
3,Nutrient,656,4000.0
3,Nutrient,656,4000.0
3,Nutrient,656,4400.0
3,Nutrient,656,4400.0
3,Nutrient,657,58400.0
3,Nutrient,657,62000.0
3,Nutrient,657,60000.0
3,Nutrient,657,63000.0
3,Nutrient,657,52600.0
3,Nutrient,657,54000.0
3,Nutrient,657,800.0
3,Nutrient,657,71860.0
3,Nutrient,657,82820.0
3,Nutrient,657,85800.0
3,Nutrient,657,51620.0
3,Nutrient,657,74770.0
3,Nutrient,657,79760.0
3,Nutrient,657,70900.0
3,Nutrient,657,67370.0
3,Nutrient,657,81200.0
3,Nutrient,657,81500.0
3,Nutrient,657,80100.0
3,Nutrient,657,81500.0
3,Nutrient,657,85200.0
3,Nutrient,657,80900.0
3,Nutrient,657,82700.0
3,Nutrient,657,85200.0
3,Nutrient,657,58400.0
3,Nutrient,657,71700.0
3,Nutrient,657,71600.0
3,Nutrient,657,81200.0
3,Nutrient,657,80100.0
3,Nutrient,657,53300.0
3,Nutrient,657,79900.0
3,Nutrient,657,46500.0
3,Nutrient,657,83400.0
3,Nutrient,657,80500.0
3,Nutrient,657,68100.0
3,Nutrient,657,83400.0
3,Nutrient,657,79200.0
3,Nutrient,657,79200.0
3,Nutrient,657,79200.0
3,Nutrient,657,81500.0
3,Nutrient,657,80100.0
3,Nutrient,657,80100.0
3,Nutrient,657,81500.0
3,Nutrient,657,46500.0
3,Nutrient,657,74640.0
3,Nutrient,657,56820.0
3,Nutrient,657,67260.0
3,Nutrient,657,65490.0
3,Nutrient,657,64700.0
3,Nutrient,657,53150.0
3,Nutrient,657,63840.0
3,Nutrient,657,57970.0
3,Nutrient,657,66270.0
3,Nutrient,657,68260.0
3,Nutrient,657,60430.0
3,Nutrient,657,86900.0
3,Nutrient,657,66360.0
3,Nutrient,657,69230.0
3,Nutrient,657,65440.0
3,Nutrient,657,59870.0
3,Nutrient,659,62500.0
3,Nutrient,659,78800.0
3,Nutrient,659,63500.0
3,Nutrient,659,78000.0
3,Nutrient,659,61500.0
3,Nutrient,659,71000.0
3,Nutrient,659,69300.0
3,Nutrient,659,74400.0
3,Nutrient,659,68200.0
3,Nutrient,659,84000.0
3,Nutrient,659,82200.0
3,Nutrient,660,34900.0
3,Nutrient,660,36400.0
3,Nutrient,660,41500.0
3,Nutrient,660,44800.0
3,Nutrient,660,41000.0
3,Nutrient,660,44300.0
3,Nutrient,660,37300.0
3,Nutrient,660,40600.0
3,Nutrient,660,44700.0
3,Nutrient,660,48000.0
3,Nutrient,660,31900.0
3,Nutrient,660,35200.0
3,Nutrient,660,41900.0
3,Nutrient,660,45200.0
3,Nutrient,660,48100.0
3,Nutrient,660,49100.0
3,Nutrient,660,46000.0
3,Nutrient,660,52800.0
3,Nutrient,660,49300.0
3,Nutrient,660,49300.0
3,Nutrient,660,42200.0
3,Nutrient,660,44700.0
3,Nutrient,660,48600.0
3,Nutrient,660,51600.0
3,Nutrient,660,52100.0
3,Nutrient,660,58900.0
3,Nutrient,660,56000.0
3,Nutrient,660,59000.0
3,Nutrient,660,52000.0
3,Nutrient,660,53000.0
3,Nutrient,660,49100.0
3,Nutrient,660,50100.0
3,Nutrient,660,47000.0
3,Nutrient,660,48000.0
3,Nutrient,660,54000.0
3,Nutrient,660,55000.0
3,Nutrient,660,48100.0
3,Nutrient,660,49100.0
3,Nutrient,660,60000.0
3,Nutrient,660,61500.0
3,Nutrient,660,60100.0
3,Nutrient,660,61600.0
3,Nutrient,660,59000.0
3,Nutrient,660,60500.0
3,Nutrient,660,45700.0
3,Nutrient,660,22800.0
3,Nutrient,660,22900.0
3,Nutrient,660,45800.0
3,Nutrient,660,37100.0
3,Nutrient,660,47000.0
3,Nutrient,660,44600.0
3,Nutrient,660,37200.0
3,Nutrient,660,47800.0
3,Nutrient,660,45700.0
3,Nutrient,660,45630.0
3,Nutrient,660,51330.0
3,Nutrient,660,50800.0
3,Nutrient,660,57400.0
3,Nutrient,660,42600.0
3,Nutrient,660,59500.0
3,Nutrient,660,30000.0
3,Nutrient,660,50640.0
3,Nutrient,660,39000.0
3,Nutrient,660,24200.0
3,Nutrient,660,44170.0
3,Nutrient,660,52650.0
3,Nutrient,660,46300.0
3,Nutrient,660,50300.0
3,Nutrient,660,48100.0
3,Nutrient,660,55040.0
3,Nutrient,660,44800.0
3,Nutrient,660,48700.0
3,Nutrient,660,40400.0
3,Nutrient,660,44100.0
3,Nutrient,660,41400.0
3,Nutrient,660,49540.0
3,Nutrient,660,63200.0
3,Nutrient,660,53300.0
3,Nutrient,660,40700.0
3,Nutrient,660,50900.0
3,Nutrient,660,49100.0
3,Nutrient,660,57900.0
3,Nutrient,660,44200.0
3,Nutrient,660,48300.0
3,Nutrient,660,73000.0
3,Nutrient,660,52200.0
3,Nutrient,660,45100.0
3,Nutrient,660,71000.0
3,Nutrient,660,41100.0
3,Nutrient,660,43700.0
3,Nutrient,660,50900.0
3,Nutrient,660,51600.0
3,Nutrient,660,56100.0
3,Nutrient,660,68100.0
3,Nutrient,660,69230.0
3,Nutrient,660,56700.0
3,Nutrient,660,55500.0
3,Nutrient,660,44600.0
3,Nutrient,660,47800.0
3,Nutrient,660,47800.0
3,Nutrient,660,47800.0
3,Nutrient,660,44300.0
3,Nutrient,660,46000.0
3,Nutrient,660,46000.0
3,Nutrient,660,46000.0
3,Nutrient,660,71000.0
3,Nutrient,660,72020.0
3,Nutrient,660,68380.0
3,Nutrient,660,71770.0
3,Nutrient,660,64400.0
3,Nutrient,660,68320.0
3,Nutrient,660,71190.0
3,Nutrient,660,71960.0
3,Nutrient,660,71800.0
3,Nutrient,660,70840.0
3,Nutrient,660,72250.0
3,Nutrient,660,71540.0
3,Nutrient,660,69600.0
3,Nutrient,660,71000.0
3,Nutrient,660,72400.0
3,Nutrient,660,72900.0
3,Nutrient,660,78300.0
3,Nutrient,660,76000.0
3,Nutrient,660,76600.0
3,Nutrient,660,77500.0
3,Nutrient,660,59700.0
3,Nutrient,660,60000.0
3,Nutrient,660,59100.0
3,Nutrient,660,77450.0
3,Nutrient,660,75600.0
3,Nutrient,660,78300.0
3,Nutrient,660,52270.0
3,Nutrient,660,46000.0
3,Nutrient,660,40300.0
3,Nutrient,660,70810.0
3,Nutrient,660,72700.0
3,Nutrient,660,50050.0
3,Nutrient,660,53160.0
3,Nutrient,660,47760.0
3,Nutrient,660,37430.0
3,Nutrient,660,30840.0
3,Nutrient,660,31530.0
3,Nutrient,660,53240.0
3,Nutrient,660,47940.0
3,Nutrient,660,48190.0
3,Nutrient,660,64950.0
3,Nutrient,660,51800.0
3,Nutrient,660,53020.0
3,Nutrient,660,43620.0
3,Nutrient,660,53380.0
3,Nutrient,660,44360.0
3,Nutrient,661,73900.0
3,Nutrient,661,73900.0
3,Nutrient,661,87600.0
3,Nutrient,661,87600.0
3,Nutrient,662,83700.0
3,Nutrient,662,86100.0
3,Nutrient,662,88200.0
3,Nutrient,662,90600.0
3,Nutrient,662,96700.0
3,Nutrient,662,94800.0
3,Nutrient,663,47400.0
3,Nutrient,663,50400.0
3,Nutrient,663,57000.0
3,Nutrient,663,59000.0
3,Nutrient,664,100.0
3,Nutrient,664,100.0
3,Nutrient,664,7600.0
3,Nutrient,664,7600.0
3,Nutrient,664,7400.0
3,Nutrient,664,7400.0
3,Nutrient,664,15600.0
3,Nutrient,664,15600.0
3,Nutrient,664,10400.0
3,Nutrient,664,10400.0
3,Nutrient,664,12700.0
3,Nutrient,664,12700.0
3,Nutrient,664,13500.0
3,Nutrient,664,13500.0
3,Nutrient,664,9800.0
3,Nutrient,664,9800.0
3,Nutrient,664,8900.0
3,Nutrient,664,8900.0
3,Nutrient,664,9600.0
3,Nutrient,664,9600.0
3,Nutrient,664,9500.0
3,Nutrient,664,9500.0
3,Nutrient,664,12600.0
3,Nutrient,664,14600.0
3,Nutrient,664,4680.0
3,Nutrient,664,8500.0
3,Nutrient,664,12400.0
3,Nutrient,664,15500.0
3,Nutrient,664,31900.0
3,Nutrient,664,8600.0
3,Nutrient,664,14640.0
3,Nutrient,664,23900.0
3,Nutrient,664,31220.0
3,Nutrient,664,4570.0
3,Nutrient,664,27600.0
3,Nutrient,664,24060.0
3,Nutrient,664,3160.0
3,Nutrient,664,2700.0
3,Nutrient,664,16000.0
3,Nutrient,664,11100.0
3,Nutrient,664,15800.0
3,Nutrient,664,10430.0
3,Nutrient,664,15580.0
3,Nutrient,664,3400.0
3,Nutrient,664,14900.0
3,Nutrient,664,2500.0
3,Nutrient,664,15580.0
3,Nutrient,664,29280.0
3,Nutrient,664,10430.0
3,Nutrient,664,4570.0
3,Nutrient,664,2700.0
3,Nutrient,664,3400.0
3,Nutrient,664,32140.0
3,Nutrient,664,4620.0
3,Nutrient,664,29270.0
3,Nutrient,664,8750.0
3,Nutrient,664,26510.0
3,Nutrient,664,6690.0
3,Nutrient,664,21330.0
3,Nutrient,664,8200.0
3,Nutrient,664,29270.0
3,Nutrient,664,16600.0
3,Nutrient,664,9390.0
3,Nutrient,664,23330.0
3,Nutrient,664,24530.0
3,Nutrient,664,30730.0
3,Nutrient,664,15490.0
3,Nutrient,664,6850.0
3,Nutrient,664,24650.0
3,Nutrient,664,16750.0
3,Nutrient,664,7000.0
3,Nutrient,664,3500.0
3,Nutrient,664,6700.0
3,Nutrient,664,6700.0
3,Nutrient,664,13200.0
3,Nutrient,664,20000.0
3,Nutrient,664,16000.0
3,Nutrient,664,27000.0
3,Nutrient,664,3060.0
3,Nutrient,664,25600.0
3,Nutrient,664,15500.0
3,Nutrient,664,40000.0
3,Nutrient,664,3300.0
3,Nutrient,664,23800.0
3,Nutrient,664,7360.0
3,Nutrient,664,3700.0
3,Nutrient,664,2900.0
3,Nutrient,664,18600.0
3,Nutrient,664,21330.0
3,Nutrient,664,23900.0
3,Nutrient,664,2000.0
3,Nutrient,664,16000.0
3,Nutrient,664,300.0
3,Nutrient,664,23900.0
3,Nutrient,665,12600.0
3,Nutrient,665,12600.0
3,Nutrient,665,35800.0
3,Nutrient,665,36300.0
3,Nutrient,665,21200.0
3,Nutrient,665,22000.0
3,Nutrient,665,5480.0
3,Nutrient,665,9200.0
3,Nutrient,665,33660.0
3,Nutrient,665,15560.0
3,Nutrient,665,2500.0
3,Nutrient,665,47490.0
3,Nutrient,665,4810.0
3,Nutrient,665,59380.0
3,Nutrient,665,5420.0
3,Nutrient,665,62090.0
3,Nutrient,665,5470.0
3,Nutrient,665,64660.0
3,Nutrient,665,67640.0
3,Nutrient,665,63570.0
3,Nutrient,665,5100.0
3,Nutrient,665,65120.0
3,Nutrient,665,58000.0
3,Nutrient,665,41700.0
3,Nutrient,665,5460.0
3,Nutrient,665,36250.0
3,Nutrient,665,42810.0
3,Nutrient,665,8670.0
3,Nutrient,665,6260.0
3,Nutrient,665,7400.0
3,Nutrient,665,9170.0
3,Nutrient,665,11610.0
3,Nutrient,665,1750.0
3,Nutrient,665,800.0
3,Nutrient,665,44080.0
3,Nutrient,665,10920.0
3,Nutrient,665,7000.0
3,Nutrient,665,3640.0
3,Nutrient,665,15580.0
3,Nutrient,665,8290.0
3,Nutrient,665,16720.0
3,Nutrient,665,60520.0
3,Nutrient,665,6830.0
3,Nutrient,665,7530.0
3,Nutrient,665,59780.0
3,Nutrient,665,61100.0
3,Nutrient,665,57560.0
3,Nutrient,665,36520.0
3,Nutrient,665,3900.0
3,Nutrient,665,5000.0
3,Nutrient,665,19460.0
3,Nutrient,665,19790.0
3,Nutrient,665,28730.0
3,Nutrient,665,36250.0
3,Nutrient,665,8060.0
3,Nutrient,665,6160.0
3,Nutrient,665,6240.0
3,Nutrient,665,5380.0
3,Nutrient,665,8430.0
3,Nutrient,665,9940.0
3,Nutrient,665,10240.0
3,Nutrient,665,8770.0
3,Nutrient,665,7090.0
3,Nutrient,665,7240.0
3,Nutrient,665,36930.0
3,Nutrient,665,3490.0
3,Nutrient,665,29080.0
3,Nutrient,665,1810.0
3,Nutrient,665,39380.0
3,Nutrient,665,28810.0
3,Nutrient,665,60610.0
3,Nutrient,665,6360.0
3,Nutrient,665,22040.0
3,Nutrient,665,13300.0
3,Nutrient,665,38220.0
3,Nutrient,665,28220.0
3,Nutrient,665,2550.0
3,Nutrient,665,6690.0
3,Nutrient,666,0.0
3,Nutrient,666,0.0
3,Nutrient,666,0.0
3,Nutrient,666,0.0
3,Nutrient,666,0.0
3,Nutrient,666,0.0
3,Nutrient,666,0.0
3,Nutrient,667,600.0
3,Nutrient,667,600.0
3,Nutrient,667,600.0
3,Nutrient,667,600.0
3,Nutrient,667,60.0
3,Nutrient,667,60.0
3,Nutrient,667,60.0
3,Nutrient,667,0.0
3,Nutrient,667,0.0
3,Nutrient,668,89000.0
3,Nutrient,669,4500.0
3,Nutrient,669,4500.0
3,Nutrient,669,4000.0
3,Nutrient,669,4000.0
3,Nutrient,669,4300.0
3,Nutrient,669,4300.0
3,Nutrient,669,4300.0
3,Nutrient,669,4300.0
3,Nutrient,669,3600.0
3,Nutrient,669,3600.0
3,Nutrient,669,2700.0
3,Nutrient,669,2700.0
3,Nutrient,669,4300.0
3,Nutrient,669,4300.0
3,Nutrient,669,3700.0
3,Nutrient,669,3700.0
3,Nutrient,669,3200.0
3,Nutrient,669,3200.0
3,Nutrient,669,4300.0
3,Nutrient,669,3660.0
3,Nutrient,669,2960.0
3,Nutrient,669,2790.0
3,Nutrient,669,12490.0
3,Nutrient,669,4260.0
3,Nutrient,669,2880.0
3,Nutrient,669,7000.0
3,Nutrient,669,7100.0
3,Nutrient,669,15600.0
3,Nutrient,669,6500.0
3,Nutrient,669,15100.0
3,Nutrient,669,9000.0
3,Nutrient,670,99800.0
3,Nutrient,670,99800.0
3,Nutrient,670,95500.0
3,Nutrient,670,95500.0
3,Nutrient,670,99300.0
3,Nutrient,670,99300.0
3,Nutrient,670,99900.0
3,Nutrient,670,99900.0
3,Nutrient,670,98090.0
3,Nutrient,670,99980.0
3,Nutrient,670,99770.0
3,Nutrient,670,90900.0
3,Nutrient,670,99800.0
3,Nutrient,671,18000.0
3,Nutrient,671,23000.0
3,Nutrient,671,1900.0
3,Nutrient,671,2100.0
3,Nutrient,671,3400.0
3,Nutrient,671,3600.0
3,Nutrient,671,3300.0
3,Nutrient,671,3600.0
3,Nutrient,671,7400.0
3,Nutrient,671,8000.0
3,Nutrient,671,2800.0
3,Nutrient,671,3000.0
3,Nutrient,671,3600.0
3,Nutrient,671,3900.0
3,Nutrient,671,3200.0
3,Nutrient,671,3400.0
3,Nutrient,671,3300.0
3,Nutrient,671,3500.0
3,Nutrient,671,1400.0
3,Nutrient,671,1600.0
3,Nutrient,671,4000.0
3,Nutrient,671,4300.0
3,Nutrient,671,0.0
3,Nutrient,671,0.0
3,Nutrient,671,2800.0
3,Nutrient,671,3000.0
3,Nutrient,671,7700.0
3,Nutrient,671,7900.0
3,Nutrient,671,4200.0
3,Nutrient,671,4300.0
3,Nutrient,671,0.0
3,Nutrient,671,0.0
3,Nutrient,671,3400.0
3,Nutrient,671,3400.0
3,Nutrient,671,3760.0
3,Nutrient,671,2060.0
3,Nutrient,671,2590.0
3,Nutrient,671,1290.0
3,Nutrient,671,2950.0
3,Nutrient,671,3980.0
3,Nutrient,671,5490.0
3,Nutrient,671,730.0
3,Nutrient,671,4680.0
3,Nutrient,671,2850.0
3,Nutrient,671,3100.0
3,Nutrient,671,2930.0
3,Nutrient,671,1370.0
3,Nutrient,671,1860.0
3,Nutrient,671,3720.0
3,Nutrient,671,1720.0
3,Nutrient,671,2740.0
3,Nutrient,671,3810.0
3,Nutrient,671,650.0
3,Nutrient,671,2810.0
3,Nutrient,671,3200.0
3,Nutrient,671,440.0
3,Nutrient,671,2100.0
3,Nutrient,671,2200.0
3,Nutrient,671,3050.0
3,Nutrient,671,0.0
3,Nutrient,671,1630.0
3,Nutrient,671,0.0
3,Nutrient,671,0.0
3,Nutrient,671,2700.0
3,Nutrient,671,10920.0
3,Nutrient,671,1900.0
3,Nutrient,671,2400.0
3,Nutrient,671,1550.0
3,Nutrient,671,1600.0
3,Nutrient,671,3800.0
3,Nutrient,671,180.0
3,Nutrient,671,2420.0
3,Nutrient,671,3960.0
3,Nutrient,671,1920.0
3,Nutrient,671,3330.0
3,Nutrient,671,2600.0
3,Nutrient,671,2180.0
3,Nutrient,671,4270.0
3,Nutrient,671,4830.0
3,Nutrient,671,2400.0
3,Nutrient,671,2450.0
3,Nutrient,671,5600.0
3,Nutrient,671,6000.0
3,Nutrient,671,5700.0
3,Nutrient,671,2600.0
3,Nutrient,671,2600.0
3,Nutrient,671,2300.0
3,Nutrient,671,2600.0
3,Nutrient,671,1000.0
3,Nutrient,671,1900.0
3,Nutrient,671,2200.0
3,Nutrient,671,1900.0
3,Nutrient,671,1200.0
3,Nutrient,671,1600.0
3,Nutrient,671,1700.0
3,Nutrient,671,1950.0
3,Nutrient,671,1800.0
3,Nutrient,671,1800.0
3,Nutrient,671,1700.0
3,Nutrient,671,1900.0
3,Nutrient,671,900.0
3,Nutrient,671,2700.0
3,Nutrient,671,2350.0
3,Nutrient,671,2650.0
3,Nutrient,671,5100.0
3,Nutrient,671,4100.0
3,Nutrient,671,2800.0
3,Nutrient,671,4300.0
3,Nutrient,671,2800.0
3,Nutrient,671,2300.0
3,Nutrient,671,5100.0
3,Nutrient,671,5300.0
3,Nutrient,671,4850.0
3,Nutrient,671,400.0
3,Nutrient,671,900.0
3,Nutrient,671,3150.0
3,Nutrient,671,4660.0
3,Nutrient,671,3780.0
3,Nutrient,671,2110.0
3,Nutrient,671,11540.0
3,Nutrient,671,0.0
3,Nutrient,671,11210.0
3,Nutrient,671,0.0
3,Nutrient,671,0.0
3,Nutrient,671,5890.0
3,Nutrient,671,15380.0
3,Nutrient,671,2100.0
3,Nutrient,671,3600.0
3,Nutrient,671,1980.0
3,Nutrient,671,2130.0
3,Nutrient,671,1820.0
3,Nutrient,671,1560.0
3,Nutrient,671,1600.0
3,Nutrient,671,2000.0
3,Nutrient,671,0.0
3,Nutrient,671,1620.0
3,Nutrient,671,1200.0
3,Nutrient,671,4650.0
3,Nutrient,671,8100.0
3,Nutrient,671,4650.0
3,Nutrient,671,1400.0
3,Nutrient,671,4270.0
3,Nutrient,671,3900.0
3,Nutrient,671,3450.0
3,Nutrient,671,6660.0
3,Nutrient,671,280.0
3,Nutrient,671,6400.0
3,Nutrient,671,2660.0
3,Nutrient,671,4900.0
3,Nutrient,671,4170.0
3,Nutrient,671,5650.0
3,Nutrient,671,0.0
3,Nutrient,671,30.0
3,Nutrient,671,470.0
3,Nutrient,671,350.0
3,Nutrient,671,3630.0
3,Nutrient,671,0.0
3,Nutrient,671,5610.0
3,Nutrient,671,4190.0
3,Nutrient,671,2420.0
3,Nutrient,671,1400.0
3,Nutrient,671,29710.0
3,Nutrient,671,2600.0
3,Nutrient,671,5200.0
3,Nutrient,671,700.0
3,Nutrient,671,1600.0
3,Nutrient,671,4400.0
3,Nutrient,671,2360.0
3,Nutrient,671,2600.0
3,Nutrient,671,0.0
3,Nutrient,671,8400.0
3,Nutrient,671,2000.0
3,Nutrient,671,1800.0
3,Nutrient,672,2900.0
3,Nutrient,672,2900.0
3,Nutrient,672,9000.0
3,Nutrient,672,9000.0
3,Nutrient,673,16800.0
3,Nutrient,673,20000.0
3,Nutrient,673,20300.0
3,Nutrient,673,22000.0
3,Nutrient,673,38430.0
3,Nutrient,674,2300.0
3,Nutrient,674,2500.0
3,Nutrient,674,4670.0
3,Nutrient,674,6550.0
3,Nutrient,674,4670.0
3,Nutrient,674,1500.0
3,Nutrient,674,6300.0
3,Nutrient,676,0.0
3,Nutrient,676,0.0
3,Nutrient,676,100000.0
3,Nutrient,676,100000.0
3,Nutrient,676,89080.0
3,Nutrient,676,91170.0
3,Nutrient,676,97110.0
3,Nutrient,676,99530.0
3,Nutrient,676,84770.0
3,Nutrient,676,89110.0
3,Nutrient,676,100000.0
3,Nutrient,676,76100.0
3,Nutrient,677,15800.0
3,Nutrient,677,15800.0
3,Nutrient,677,0.0
3,Nutrient,677,0.0
3,Nutrient,677,300.0
3,Nutrient,677,300.0
3,Nutrient,677,2900.0
3,Nutrient,677,2900.0
3,Nutrient,677,23700.0
3,Nutrient,677,23700.0
3,Nutrient,678,1000.0
3,Nutrient,678,1000.0
3,Nutrient,678,0.0
3,Nutrient,678,0.0
3,Nutrient,678,0.0
3,Nutrient,678,0.0
3,Nutrient,679,33300.0
3,Nutrient,679,33300.0
3,Nutrient,679,74500.0
3,Nutrient,679,74500.0
3,Nutrient,679,5100.0
3,Nutrient,679,5100.0
3,Nutrient,679,5120.0
3,Nutrient,679,73450.0
3,Nutrient,679,5140.0
3,Nutrient,679,74460.0
3,Nutrient,680,500.0
3,Nutrient,680,1000.0
3,Nutrient,681,65700.0
3,Nutrient,681,66700.0
3,Nutrient,681,49000.0
3,Nutrient,681,50000.0
3,Nutrient,681,66200.0
3,Nutrient,681,66900.0
3,Nutrient,681,68860.0
3,Nutrient,681,69950.0
3,Nutrient,681,53600.0
3,Nutrient,681,46100.0
3,Nutrient,682,37800.0
3,Nutrient,682,37800.0
3,Nutrient,682,8800.0
3,Nutrient,682,11800.0
3,Nutrient,682,11900.0
3,Nutrient,682,18100.0
3,Nutrient,682,29900.0
3,Nutrient,682,49600.0
3,Nutrient,682,27700.0
3,Nutrient,682,24100.0
3,Nutrient,682,46900.0
3,Nutrient,682,0.0
3,Nutrient,682,61500.0
3,Nutrient,682,18100.0
3,Nutrient,682,41220.0
3,Nutrient,683,79100.0
3,Nutrient,683,79200.0
3,Nutrient,683,81300.0
3,Nutrient,684,0.0
3,Nutrient,684,0.0
3,Nutrient,685,0.0
3,Nutrient,685,0.0
3,Nutrient,685,0.0
3,Nutrient,685,0.0
3,Nutrient,685,0.0
3,Nutrient,685,0.0
3,Nutrient,685,0.0
3,Nutrient,685,0.0
3,Nutrient,685,0.0
3,Nutrient,685,0.0
3,Nutrient,685,0.0
3,Nutrient,685,0.0
3,Nutrient,685,0.0
3,Nutrient,685,0.0
3,Nutrient,685,0.0
3,Nutrient,685,30.0
3,Nutrient,685,1220.0
3,Nutrient,685,0.0
3,Nutrient,685,0.0
3,Nutrient,685,150.0
3,Nutrient,685,5490.0
3,Nutrient,685,4500.0
3,Nutrient,686,0.0
3,Nutrient,686,0.0
3,Nutrient,686,400.0
3,Nutrient,686,21180.0
3,Nutrient,686,6850.0
3,Nutrient,686,15000.0
3,Nutrient,686,9130.0
3,Nutrient,686,10620.0
3,Nutrient,686,16970.0
3,Nutrient,687,6600.0
3,Nutrient,687,6600.0
3,Nutrient,687,7200.0
3,Nutrient,687,7200.0
3,Nutrient,687,6900.0
3,Nutrient,687,6900.0
3,Nutrient,687,6890.0
3,Nutrient,689,8050.0
3,Nutrient,689,8500.0
3,Nutrient,689,7470.0
3,Nutrient,689,93300.0
3,Nutrient,689,8680.0
3,Nutrient,689,90900.0
3,Nutrient,689,11910.0
3,Nutrient,689,10950.0
3,Nutrient,689,14200.0
3,Nutrient,689,8050.0
3,Nutrient,689,83590.0
3,Nutrient,689,10670.0
3,Nutrient,689,71210.0
3,Nutrient,689,10230.0
3,Nutrient,689,84600.0
3,Nutrient,689,11190.0
3,Nutrient,689,86940.0
3,Nutrient,689,11200.0
3,Nutrient,689,90280.0
3,Nutrient,689,11870.0
3,Nutrient,689,1100.0
3,Nutrient,689,12080.0
3,Nutrient,689,11150.0
3,Nutrient,689,9170.0
3,Nutrient,689,200.0
3,Nutrient,689,8700.0
3,Nutrient,689,10680.0
3,Nutrient,690,56700.0
3,Nutrient,690,56700.0
3,Nutrient,690,86680.0
3,Nutrient,690,2430.0
3,Nutrient,690,2430.0
3,Nutrient,690,1510.0
3,Nutrient,690,0.0
3,Nutrient,690,3700.0
3,Nutrient,690,3700.0
3,Nutrient,690,850.0
3,Nutrient,690,0.0
3,Nutrient,690,100.0
3,Nutrient,690,0.0
3,Nutrient,690,1500.0
3,Nutrient,690,1400.0
3,Nutrient,690,1400.0
3,Nutrient,690,1400.0
3,Nutrient,690,76610.0
3,Nutrient,690,1100.0
3,Nutrient,690,7700.0
3,Nutrient,690,8000.0
3,Nutrient,690,10000.0
3,Nutrient,690,9450.0
3,Nutrient,690,9400.0
3,Nutrient,690,16300.0
3,Nutrient,690,8180.0
3,Nutrient,690,11200.0
3,Nutrient,690,8800.0
3,Nutrient,690,11420.0
3,Nutrient,690,10800.0
3,Nutrient,690,5500.0
3,Nutrient,690,8840.0
3,Nutrient,690,8840.0
3,Nutrient,690,6360.0
3,Nutrient,690,8810.0
3,Nutrient,690,7800.0
3,Nutrient,690,8640.0
3,Nutrient,690,6900.0
3,Nutrient,690,7100.0
3,Nutrient,690,9080.0
3,Nutrient,690,8790.0
3,Nutrient,690,7200.0
3,Nutrient,690,6400.0
3,Nutrient,690,8420.0
3,Nutrient,690,7900.0
3,Nutrient,690,9100.0
3,Nutrient,690,8400.0
3,Nutrient,690,6800.0
3,Nutrient,690,7600.0
3,Nutrient,690,7940.0
3,Nutrient,690,9570.0
3,Nutrient,690,7620.0
3,Nutrient,690,7550.0
3,Nutrient,690,8100.0
3,Nutrient,690,8950.0
3,Nutrient,690,8200.0
3,Nutrient,690,6290.0
3,Nutrient,690,5800.0
3,Nutrient,690,5700.0
3,Nutrient,690,9000.0
3,Nutrient,690,7700.0
3,Nutrient,690,6000.0
3,Nutrient,690,7200.0
3,Nutrient,690,5730.0
3,Nutrient,690,5730.0
3,Nutrient,690,13200.0
3,Nutrient,690,14000.0
3,Nutrient,690,11730.0
3,Nutrient,690,9260.0
3,Nutrient,690,12100.0
3,Nutrient,690,10800.0
3,Nutrient,690,10300.0
3,Nutrient,690,16300.0
3,Nutrient,690,14100.0
3,Nutrient,690,16250.0
3,Nutrient,690,8360.0
3,Nutrient,690,10300.0
3,Nutrient,690,5700.0
3,Nutrient,690,17300.0
3,Nutrient,690,15300.0
3,Nutrient,690,14480.0
3,Nutrient,690,14480.0
3,Nutrient,690,10800.0
3,Nutrient,690,11600.0
3,Nutrient,690,19700.0
3,Nutrient,690,20500.0
3,Nutrient,690,18500.0
3,Nutrient,690,18700.0
3,Nutrient,690,23520.0
3,Nutrient,690,19000.0
3,Nutrient,690,13600.0
3,Nutrient,690,11640.0
3,Nutrient,690,12400.0
3,Nutrient,690,14100.0
3,Nutrient,690,14100.0
3,Nutrient,690,16160.0
3,Nutrient,690,10100.0
3,Nutrient,690,10500.0
3,Nutrient,690,15600.0
3,Nutrient,690,15400.0
3,Nutrient,690,15300.0
3,Nutrient,690,18400.0
3,Nutrient,690,17800.0
3,Nutrient,690,10900.0
3,Nutrient,690,11400.0
3,Nutrient,690,17000.0
3,Nutrient,690,11800.0
3,Nutrient,690,18900.0
3,Nutrient,690,19310.0
3,Nutrient,690,16300.0
3,Nutrient,690,16600.0
3,Nutrient,690,11700.0
3,Nutrient,690,12300.0
3,Nutrient,690,10500.0
3,Nutrient,690,11490.0
3,Nutrient,690,12300.0
3,Nutrient,690,18100.0
3,Nutrient,690,10200.0
3,Nutrient,690,10100.0
3,Nutrient,690,11500.0
3,Nutrient,690,10900.0
3,Nutrient,690,11900.0
3,Nutrient,690,11700.0
3,Nutrient,690,16800.0
3,Nutrient,690,11700.0
3,Nutrient,690,75300.0
3,Nutrient,690,77100.0
3,Nutrient,690,73400.0
3,Nutrient,690,77100.0
3,Nutrient,690,18000.0
3,Nutrient,690,18400.0
3,Nutrient,690,69650.0
3,Nutrient,690,73400.0
3,Nutrient,690,15400.0
3,Nutrient,690,15700.0
3,Nutrient,690,69300.0
3,Nutrient,690,77700.0
3,Nutrient,690,17100.0
3,Nutrient,690,7000.0
3,Nutrient,690,7100.0
3,Nutrient,690,8000.0
3,Nutrient,690,6200.0
3,Nutrient,690,74100.0
3,Nutrient,690,73700.0
3,Nutrient,690,66850.0
3,Nutrient,690,18300.0
3,Nutrient,690,57600.0
3,Nutrient,690,79900.0
3,Nutrient,690,67100.0
3,Nutrient,690,71100.0
3,Nutrient,690,82200.0
3,Nutrient,690,76400.0
3,Nutrient,690,19740.0
3,Nutrient,690,19290.0
3,Nutrient,690,19200.0
3,Nutrient,690,17800.0
3,Nutrient,690,18400.0
3,Nutrient,690,17700.0
3,Nutrient,690,17800.0
3,Nutrient,690,18300.0
3,Nutrient,690,20300.0
3,Nutrient,690,16000.0
3,Nutrient,690,17200.0
3,Nutrient,690,16400.0
3,Nutrient,690,16000.0
3,Nutrient,690,17580.0
3,Nutrient,690,11340.0
3,Nutrient,690,12700.0
3,Nutrient,690,9900.0
3,Nutrient,690,11100.0
3,Nutrient,690,8660.0
3,Nutrient,690,9500.0
3,Nutrient,690,8000.0
3,Nutrient,690,17800.0
3,Nutrient,690,8200.0
3,Nutrient,690,6800.0
3,Nutrient,690,8050.0
3,Nutrient,690,7300.0
3,Nutrient,690,10900.0
3,Nutrient,690,5700.0
3,Nutrient,690,12700.0
3,Nutrient,690,7500.0
3,Nutrient,690,10870.0
3,Nutrient,690,6340.0
3,Nutrient,690,7400.0
3,Nutrient,690,71430.0
3,Nutrient,690,11040.0
3,Nutrient,690,11970.0
3,Nutrient,690,9940.0
3,Nutrient,690,11600.0
3,Nutrient,690,12300.0
3,Nutrient,690,10000.0
3,Nutrient,690,15300.0
3,Nutrient,690,10000.0
3,Nutrient,690,15300.0
3,Nutrient,690,10310.0
3,Nutrient,690,17100.0
3,Nutrient,690,15900.0
3,Nutrient,690,13400.0
3,Nutrient,690,10490.0
3,Nutrient,690,7390.0
3,Nutrient,690,14200.0
3,Nutrient,690,57320.0
3,Nutrient,690,7180.0
3,Nutrient,690,56200.0
3,Nutrient,690,7180.0
3,Nutrient,690,56200.0
3,Nutrient,690,56200.0
3,Nutrient,690,14340.0
3,Nutrient,690,6810.0
3,Nutrient,690,55000.0
3,Nutrient,690,7100.0
3,Nutrient,690,13120.0
3,Nutrient,690,56200.0
3,Nutrient,690,14240.0
3,Nutrient,690,54800.0
3,Nutrient,690,8570.0
3,Nutrient,690,52800.0
3,Nutrient,690,6630.0
3,Nutrient,690,6110.0
3,Nutrient,690,13580.0
3,Nutrient,690,7180.0
3,Nutrient,690,54300.0
3,Nutrient,690,56300.0
3,Nutrient,690,14420.0
3,Nutrient,690,6440.0
3,Nutrient,690,54940.0
3,Nutrient,690,51000.0
3,Nutrient,690,8200.0
3,Nutrient,690,8730.0
3,Nutrient,690,6700.0
3,Nutrient,690,13210.0
3,Nutrient,690,53570.0
3,Nutrient,690,13120.0
3,Nutrient,690,6810.0
3,Nutrient,690,6770.0
3,Nutrient,690,56000.0
3,Nutrient,690,6920.0
3,Nutrient,690,13760.0
3,Nutrient,690,53000.0
3,Nutrient,690,54730.0
3,Nutrient,690,13580.0
3,Nutrient,690,6930.0
3,Nutrient,690,13760.0
3,Nutrient,690,6110.0
3,Nutrient,690,54780.0
3,Nutrient,690,7130.0
3,Nutrient,690,11150.0
3,Nutrient,690,57100.0
3,Nutrient,690,8090.0
3,Nutrient,690,55600.0
3,Nutrient,690,7180.0
3,Nutrient,690,57000.0
3,Nutrient,690,11280.0
3,Nutrient,690,6400.0
3,Nutrient,690,13900.0
3,Nutrient,690,56000.0
3,Nutrient,690,6090.0
3,Nutrient,690,12180.0
3,Nutrient,690,52200.0
3,Nutrient,690,8540.0
3,Nutrient,690,16500.0
3,Nutrient,690,62230.0
3,Nutrient,690,7170.0
3,Nutrient,690,14100.0
3,Nutrient,690,55700.0
3,Nutrient,690,57100.0
3,Nutrient,690,8080.0
3,Nutrient,690,15230.0
3,Nutrient,690,6770.0
3,Nutrient,690,6390.0
3,Nutrient,690,13900.0
3,Nutrient,690,56000.0
3,Nutrient,690,6090.0
3,Nutrient,690,12180.0
3,Nutrient,690,52200.0
3,Nutrient,690,7530.0
3,Nutrient,690,56030.0
3,Nutrient,690,6940.0
3,Nutrient,690,51750.0
3,Nutrient,690,7400.0
3,Nutrient,690,13640.0
3,Nutrient,690,55670.0
3,Nutrient,690,6770.0
3,Nutrient,690,54730.0
3,Nutrient,690,13520.0
3,Nutrient,690,13210.0
3,Nutrient,690,6700.0
3,Nutrient,690,53570.0
3,Nutrient,690,7400.0
3,Nutrient,690,13220.0
3,Nutrient,690,51910.0
3,Nutrient,690,7640.0
3,Nutrient,690,7390.0
3,Nutrient,690,7390.0
3,Nutrient,690,6390.0
3,Nutrient,690,68630.0
3,Nutrient,690,13000.0
3,Nutrient,690,14710.0
3,Nutrient,690,56000.0
3,Nutrient,690,7180.0
3,Nutrient,690,56000.0
3,Nutrient,690,17540.0
3,Nutrient,690,14680.0
3,Nutrient,690,19500.0
3,Nutrient,690,11400.0
3,Nutrient,690,9900.0
3,Nutrient,690,12100.0
3,Nutrient,690,11490.0
3,Nutrient,690,76680.0
3,Nutrient,690,85650.0
3,Nutrient,690,5230.0
3,Nutrient,690,14140.0
3,Nutrient,690,15480.0
3,Nutrient,690,16000.0
3,Nutrient,690,9200.0
3,Nutrient,690,8890.0
3,Nutrient,690,11860.0
3,Nutrient,690,8720.0
3,Nutrient,690,11530.0
3,Nutrient,690,16230.0
3,Nutrient,690,86890.0
3,Nutrient,690,11200.0
3,Nutrient,690,17600.0
3,Nutrient,690,17050.0
3,Nutrient,690,17350.0
3,Nutrient,690,21340.0
3,Nutrient,690,16300.0
3,Nutrient,690,17180.0
3,Nutrient,691,12900.0
3,Nutrient,691,16000.0
3,Nutrient,692,12800.0
3,Nutrient,692,13200.0
3,Nutrient,692,56290.0
3,Nutrient,692,8520.0
3,Nutrient,692,15420.0
3,Nutrient,692,4760.0
3,Nutrient,692,16970.0
3,Nutrient,692,16750.0
3,Nutrient,692,11160.0
3,Nutrient,692,40.0
3,Nutrient,692,7160.0
3,Nutrient,692,7030.0
3,Nutrient,692,8190.0
3,Nutrient,692,4930.0
3,Nutrient,692,750.0
3,Nutrient,692,9680.0
3,Nutrient,692,6880.0
3,Nutrient,692,7160.0
3,Nutrient,692,6670.0
3,Nutrient,692,4000.0
3,Nutrient,692,6030.0
3,Nutrient,692,5410.0
3,Nutrient,692,5840.0
3,Nutrient,692,7870.0
3,Nutrient,692,7010.0
3,Nutrient,692,18860.0
3,Nutrient,692,7840.0
3,Nutrient,692,9740.0
3,Nutrient,692,7190.0
3,Nutrient,692,10320.0
3,Nutrient,692,840.0
3,Nutrient,692,4220.0
3,Nutrient,692,720.0
3,Nutrient,692,1800.0
3,Nutrient,692,8160.0
3,Nutrient,692,8870.0
3,Nutrient,692,8640.0
3,Nutrient,692,9170.0
3,Nutrient,692,7940.0
3,Nutrient,692,9600.0
3,Nutrient,692,6720.0
3,Nutrient,692,7410.0
3,Nutrient,692,6680.0
3,Nutrient,692,10400.0
3,Nutrient,692,8730.0
3,Nutrient,692,3320.0
3,Nutrient,692,20180.0
3,Nutrient,692,11170.0
3,Nutrient,692,20810.0
3,Nutrient,692,7660.0
3,Nutrient,692,9140.0
3,Nutrient,692,9520.0
3,Nutrient,692,7730.0
3,Nutrient,692,6530.0
3,Nutrient,692,810.0
3,Nutrient,692,7940.0
3,Nutrient,692,8950.0
3,Nutrient,692,16870.0
3,Nutrient,692,6350.0
3,Nutrient,692,17080.0
3,Nutrient,692,5960.0
3,Nutrient,692,6880.0
3,Nutrient,692,7050.0
3,Nutrient,692,7920.0
3,Nutrient,692,9780.0
3,Nutrient,692,10080.0
3,Nutrient,692,8110.0
3,Nutrient,692,10700.0
3,Nutrient,692,17400.0
3,Nutrient,692,16100.0
3,Nutrient,692,48640.0
3,Nutrient,692,18010.0
3,Nutrient,692,23500.0
3,Nutrient,692,11900.0
3,Nutrient,692,11900.0
3,Nutrient,692,810.0
3,Nutrient,692,65070.0
3,Nutrient,692,810.0
3,Nutrient,692,59900.0
3,Nutrient,692,52100.0
3,Nutrient,692,7940.0
3,Nutrient,692,19530.0
3,Nutrient,692,62320.0
3,Nutrient,692,6350.0
3,Nutrient,692,11900.0
3,Nutrient,692,5200.0
3,Nutrient,692,7600.0
3,Nutrient,692,18470.0
3,Nutrient,692,15220.0
3,Nutrient,692,1200.0
3,Nutrient,692,3530.0
3,Nutrient,692,0.0
3,Nutrient,692,9000.0
3,Nutrient,692,3800.0
3,Nutrient,692,8100.0
3,Nutrient,692,380.0
3,Nutrient,692,13660.0
3,Nutrient,692,11830.0
3,Nutrient,692,11400.0
3,Nutrient,692,430.0
3,Nutrient,692,9680.0
3,Nutrient,692,6610.0
3,Nutrient,692,5200.0
3,Nutrient,692,8060.0
3,Nutrient,692,5860.0
3,Nutrient,692,6470.0
3,Nutrient,692,6350.0
3,Nutrient,692,16130.0
3,Nutrient,692,6450.0
3,Nutrient,692,9680.0
3,Nutrient,692,6040.0
3,Nutrient,692,12110.0
3,Nutrient,692,7260.0
3,Nutrient,692,8060.0
3,Nutrient,692,10000.0
3,Nutrient,692,10000.0
3,Nutrient,692,13850.0
3,Nutrient,692,10000.0
3,Nutrient,692,10000.0
3,Nutrient,692,13080.0
3,Nutrient,692,10400.0
3,Nutrient,692,10000.0
3,Nutrient,692,10000.0
3,Nutrient,692,7460.0
3,Nutrient,692,17600.0
3,Nutrient,692,10400.0
3,Nutrient,692,10400.0
3,Nutrient,692,10400.0
3,Nutrient,692,10000.0
3,Nutrient,692,10000.0
3,Nutrient,692,10400.0
3,Nutrient,692,9600.0
3,Nutrient,692,13850.0
3,Nutrient,692,8570.0
3,Nutrient,692,7350.0
3,Nutrient,692,5730.0
3,Nutrient,692,5710.0
3,Nutrient,692,7350.0
3,Nutrient,692,7400.0
3,Nutrient,692,5710.0
3,Nutrient,692,3990.0
3,Nutrient,692,12690.0
3,Nutrient,692,6940.0
3,Nutrient,692,5710.0
3,Nutrient,692,7350.0
3,Nutrient,692,6920.0
3,Nutrient,692,5640.0
3,Nutrient,692,10320.0
3,Nutrient,692,6350.0
3,Nutrient,692,7260.0
3,Nutrient,692,5200.0
3,Nutrient,692,5710.0
3,Nutrient,692,10040.0
3,Nutrient,692,5080.0
3,Nutrient,692,5080.0
3,Nutrient,692,5080.0
3,Nutrient,692,5080.0
3,Nutrient,692,5080.0
3,Nutrient,692,5080.0
3,Nutrient,692,6670.0
3,Nutrient,692,5080.0
3,Nutrient,692,5000.0
3,Nutrient,692,5080.0
3,Nutrient,692,5080.0
3,Nutrient,692,6780.0
3,Nutrient,692,5080.0
3,Nutrient,692,5080.0
3,Nutrient,692,6780.0
3,Nutrient,692,5000.0
3,Nutrient,692,9680.0
3,Nutrient,692,7260.0
3,Nutrient,692,8060.0
3,Nutrient,692,7260.0
3,Nutrient,692,7260.0
3,Nutrient,692,8060.0
3,Nutrient,692,8060.0
3,Nutrient,692,12100.0
3,Nutrient,692,6450.0
3,Nutrient,692,8870.0
3,Nutrient,692,8060.0
3,Nutrient,692,8730.0
3,Nutrient,692,7940.0
3,Nutrient,692,10320.0
3,Nutrient,692,15870.0
3,Nutrient,692,18250.0
3,Nutrient,692,8060.0
3,Nutrient,692,4760.0
3,Nutrient,692,8060.0
3,Nutrient,692,9520.0
3,Nutrient,692,11730.0
3,Nutrient,692,8950.0
3,Nutrient,692,8730.0
3,Nutrient,692,21880.0
3,Nutrient,692,15080.0
3,Nutrient,692,7940.0
3,Nutrient,692,9520.0
3,Nutrient,692,11900.0
3,Nutrient,692,13490.0
3,Nutrient,692,10320.0
3,Nutrient,692,2380.0
3,Nutrient,692,7140.0
3,Nutrient,692,8060.0
3,Nutrient,692,10480.0
3,Nutrient,692,14290.0
3,Nutrient,692,16670.0
3,Nutrient,692,11900.0
3,Nutrient,692,15220.0
3,Nutrient,692,18250.0
3,Nutrient,692,23440.0
3,Nutrient,692,16670.0
3,Nutrient,692,9390.0
3,Nutrient,692,8570.0
3,Nutrient,692,11430.0
3,Nutrient,692,8980.0
3,Nutrient,692,6940.0
3,Nutrient,692,7350.0
3,Nutrient,692,9800.0
3,Nutrient,692,7760.0
3,Nutrient,692,8160.0
3,Nutrient,692,8160.0
3,Nutrient,692,7760.0
3,Nutrient,692,5410.0
3,Nutrient,692,9390.0
3,Nutrient,692,10200.0
3,Nutrient,692,8570.0
3,Nutrient,692,5710.0
3,Nutrient,692,4380.0
3,Nutrient,692,7710.0
3,Nutrient,692,7760.0
3,Nutrient,692,8310.0
3,Nutrient,692,6940.0
3,Nutrient,692,8800.0
3,Nutrient,692,9800.0
3,Nutrient,692,3580.0
3,Nutrient,692,3620.0
3,Nutrient,692,4260.0
3,Nutrient,692,2510.0
3,Nutrient,692,380.0
3,Nutrient,692,12240.0
3,Nutrient,692,10610.0
3,Nutrient,692,3800.0
3,Nutrient,692,3430.0
3,Nutrient,692,6940.0
3,Nutrient,692,2950.0
3,Nutrient,692,9390.0
3,Nutrient,692,6940.0
3,Nutrient,692,2920.0
3,Nutrient,692,8160.0
3,Nutrient,692,3560.0
3,Nutrient,692,9230.0
3,Nutrient,692,8160.0
3,Nutrient,692,4770.0
3,Nutrient,692,7760.0
3,Nutrient,692,5050.0
3,Nutrient,692,9010.0
3,Nutrient,692,730.0
3,Nutrient,692,6940.0
3,Nutrient,692,6240.0
3,Nutrient,692,7350.0
3,Nutrient,692,6530.0
3,Nutrient,692,10200.0
3,Nutrient,692,7760.0
3,Nutrient,692,7350.0
3,Nutrient,692,4660.0
3,Nutrient,692,8160.0
3,Nutrient,692,4800.0
3,Nutrient,692,3290.0
3,Nutrient,692,3810.0
3,Nutrient,692,3270.0
3,Nutrient,692,5200.0
3,Nutrient,692,8980.0
3,Nutrient,692,1690.0
3,Nutrient,692,9880.0
3,Nutrient,692,11050.0
3,Nutrient,692,3750.0
3,Nutrient,692,4700.0
3,Nutrient,692,11020.0
3,Nutrient,692,3870.0
3,Nutrient,692,3270.0
3,Nutrient,692,7350.0
3,Nutrient,692,7760.0
3,Nutrient,692,12240.0
3,Nutrient,692,4650.0
3,Nutrient,692,8440.0
3,Nutrient,692,7350.0
3,Nutrient,692,8540.0
3,Nutrient,692,11020.0
3,Nutrient,692,3540.0
3,Nutrient,692,3580.0
3,Nutrient,692,4890.0
3,Nutrient,692,340.0
3,Nutrient,692,4060.0
3,Nutrient,692,5350.0
3,Nutrient,692,6180.0
3,Nutrient,692,250.0
3,Nutrient,692,250.0
3,Nutrient,692,300.0
3,Nutrient,692,620.0
3,Nutrient,692,5570.0
3,Nutrient,692,5110.0
3,Nutrient,692,3660.0
3,Nutrient,692,6380.0
3,Nutrient,692,780.0
3,Nutrient,692,4400.0
3,Nutrient,692,2770.0
3,Nutrient,692,3540.0
3,Nutrient,692,4080.0
3,Nutrient,692,7170.0
3,Nutrient,692,4040.0
3,Nutrient,692,3170.0
3,Nutrient,692,5710.0
3,Nutrient,692,10200.0
3,Nutrient,692,9800.0
3,Nutrient,692,6120.0
3,Nutrient,692,9390.0
3,Nutrient,692,5710.0
3,Nutrient,692,7350.0
3,Nutrient,692,6940.0
3,Nutrient,692,4900.0
3,Nutrient,692,6120.0
3,Nutrient,692,6530.0
3,Nutrient,692,7760.0
3,Nutrient,692,7760.0
3,Nutrient,692,6120.0
3,Nutrient,692,3670.0
3,Nutrient,692,6940.0
3,Nutrient,692,8570.0
3,Nutrient,692,7350.0
3,Nutrient,692,7760.0
3,Nutrient,692,6120.0
3,Nutrient,692,8980.0
3,Nutrient,692,7350.0
3,Nutrient,692,5310.0
3,Nutrient,692,6120.0
3,Nutrient,692,6120.0
3,Nutrient,692,8160.0
3,Nutrient,692,5680.0
3,Nutrient,692,6120.0
3,Nutrient,692,2600.0
3,Nutrient,692,8160.0
3,Nutrient,692,3800.0
3,Nutrient,692,5310.0
3,Nutrient,692,12240.0
3,Nutrient,692,5460.0
3,Nutrient,692,11840.0
3,Nutrient,692,9600.0
3,Nutrient,692,6570.0
3,Nutrient,692,8570.0
3,Nutrient,692,6530.0
3,Nutrient,692,63420.0
3,Nutrient,692,7700.0
3,Nutrient,692,6230.0
3,Nutrient,692,3280.0
3,Nutrient,692,3610.0
3,Nutrient,692,5570.0
3,Nutrient,692,4260.0
3,Nutrient,692,11150.0
3,Nutrient,692,3280.0
3,Nutrient,692,4260.0
3,Nutrient,692,3280.0
3,Nutrient,692,6890.0
3,Nutrient,692,6250.0
3,Nutrient,692,6250.0
3,Nutrient,692,8330.0
3,Nutrient,692,6250.0
3,Nutrient,692,9380.0
3,Nutrient,692,6250.0
3,Nutrient,692,6250.0
3,Nutrient,692,12500.0
3,Nutrient,692,6250.0
3,Nutrient,692,1280.0
3,Nutrient,692,1280.0
3,Nutrient,692,6530.0
3,Nutrient,692,7500.0
3,Nutrient,692,7100.0
3,Nutrient,692,5600.0
3,Nutrient,692,6800.0
3,Nutrient,692,11300.0
3,Nutrient,692,18000.0
3,Nutrient,692,8200.0
3,Nutrient,692,7100.0
3,Nutrient,692,7700.0
3,Nutrient,692,21200.0
3,Nutrient,692,7700.0
3,Nutrient,692,6300.0
3,Nutrient,692,3300.0
3,Nutrient,692,6050.0
3,Nutrient,692,10000.0
3,Nutrient,692,9500.0
3,Nutrient,692,13410.0
3,Nutrient,692,6570.0
3,Nutrient,692,9880.0
3,Nutrient,692,2950.0
3,Nutrient,692,6060.0
3,Nutrient,692,4530.0
3,Nutrient,692,76140.0
3,Nutrient,692,1200.0
3,Nutrient,692,8760.0
3,Nutrient,692,9580.0
3,Nutrient,692,9000.0
3,Nutrient,692,64880.0
3,Nutrient,692,63270.0
3,Nutrient,692,63570.0
3,Nutrient,692,140.0
3,Nutrient,692,6350.0
3,Nutrient,692,9680.0
3,Nutrient,692,8060.0
3,Nutrient,692,7940.0
3,Nutrient,692,11900.0
3,Nutrient,692,13710.0
3,Nutrient,692,15870.0
3,Nutrient,692,10000.0
3,Nutrient,692,10400.0
3,Nutrient,692,0.0
3,Nutrient,692,5080.0
3,Nutrient,692,6780.0
3,Nutrient,692,5080.0
3,Nutrient,692,7760.0
3,Nutrient,692,8160.0
3,Nutrient,692,8540.0
3,Nutrient,692,1230.0
3,Nutrient,692,1260.0
3,Nutrient,692,1260.0
3,Nutrient,692,1260.0
3,Nutrient,692,7410.0
3,Nutrient,692,7820.0
3,Nutrient,692,7820.0
3,Nutrient,692,8230.0
3,Nutrient,692,7410.0
3,Nutrient,692,7820.0
3,Nutrient,692,7410.0
3,Nutrient,692,7410.0
3,Nutrient,692,7410.0
3,Nutrient,692,11380.0
3,Nutrient,692,11790.0
3,Nutrient,692,11380.0
3,Nutrient,692,10980.0
3,Nutrient,692,63250.0
3,Nutrient,692,24350.0
3,Nutrient,692,16560.0
3,Nutrient,692,23080.0
3,Nutrient,692,19230.0
3,Nutrient,692,10830.0
3,Nutrient,692,11670.0
3,Nutrient,692,11670.0
3,Nutrient,692,24350.0
3,Nutrient,692,16600.0
3,Nutrient,692,15870.0
3,Nutrient,692,13890.0
3,Nutrient,692,13890.0
3,Nutrient,692,12300.0
3,Nutrient,692,13890.0
3,Nutrient,692,15080.0
3,Nutrient,692,12700.0
3,Nutrient,692,12700.0
3,Nutrient,692,12700.0
3,Nutrient,692,31760.0
3,Nutrient,692,24800.0
3,Nutrient,692,42930.0
3,Nutrient,692,42550.0
3,Nutrient,692,45740.0
3,Nutrient,692,36640.0
3,Nutrient,692,39510.0
3,Nutrient,692,34440.0
3,Nutrient,692,4030.0
3,Nutrient,692,9720.0
3,Nutrient,692,14550.0
3,Nutrient,692,11650.0
3,Nutrient,692,4290.0
3,Nutrient,692,4350.0
3,Nutrient,692,5250.0
3,Nutrient,692,7350.0
3,Nutrient,692,8570.0
3,Nutrient,692,6940.0
3,Nutrient,692,7350.0
3,Nutrient,692,8160.0
3,Nutrient,692,10200.0
3,Nutrient,692,8570.0
3,Nutrient,692,12700.0
3,Nutrient,692,9520.0
3,Nutrient,692,9520.0
3,Nutrient,692,8730.0
3,Nutrient,692,7350.0
3,Nutrient,692,8160.0
3,Nutrient,692,8980.0
3,Nutrient,692,7350.0
3,Nutrient,692,3490.0
3,Nutrient,692,3610.0
3,Nutrient,692,8850.0
3,Nutrient,692,10200.0
3,Nutrient,692,7760.0
3,Nutrient,692,10610.0
3,Nutrient,692,9380.0
3,Nutrient,692,6250.0
3,Nutrient,692,9380.0
3,Nutrient,692,9380.0
3,Nutrient,692,19050.0
3,Nutrient,692,10000.0
3,Nutrient,692,7260.0
3,Nutrient,692,70950.0
3,Nutrient,692,8280.0
3,Nutrient,692,5680.0
3,Nutrient,692,3840.0
3,Nutrient,692,4990.0
3,Nutrient,692,4120.0
3,Nutrient,692,4120.0
3,Nutrient,692,4530.0
3,Nutrient,692,4120.0
3,Nutrient,692,4530.0
3,Nutrient,692,4530.0
3,Nutrient,692,4530.0
3,Nutrient,692,4120.0
3,Nutrient,692,4120.0
3,Nutrient,692,3330.0
3,Nutrient,692,6670.0
3,Nutrient,692,2880.0
3,Nutrient,692,4530.0
3,Nutrient,692,5390.0
3,Nutrient,692,5600.0
3,Nutrient,692,14790.0
3,Nutrient,692,4070.0
3,Nutrient,693,8480.0
3,Nutrient,693,11150.0
3,Nutrient,693,10120.0
3,Nutrient,693,8570.0
3,Nutrient,693,13510.0
3,Nutrient,693,8630.0
3,Nutrient,693,7130.0
3,Nutrient,693,9260.0
3,Nutrient,693,13460.0
3,Nutrient,693,13090.0
3,Nutrient,693,8480.0
3,Nutrient,693,10120.0
3,Nutrient,693,8630.0
3,Nutrient,693,13090.0
3,Nutrient,693,7310.0
3,Nutrient,694,200.0
3,Nutrient,694,200.0
3,Nutrient,694,18000.0
3,Nutrient,694,18000.0
3,Nutrient,694,59400.0
3,Nutrient,694,59900.0
3,Nutrient,694,65590.0
3,Nutrient,694,69280.0
3,Nutrient,694,2410.0
3,Nutrient,694,14400.0
3,Nutrient,694,60530.0
3,Nutrient,694,79800.0
3,Nutrient,694,16100.0
3,Nutrient,694,16300.0
3,Nutrient,694,53260.0
3,Nutrient,694,7490.0
3,Nutrient,694,2800.0
3,Nutrient,695,76700.0
3,Nutrient,695,76700.0
3,Nutrient,695,65100.0
3,Nutrient,695,12780.0
3,Nutrient,695,74100.0
3,Nutrient,695,44550.0
3,Nutrient,695,61470.0
3,Nutrient,695,34560.0
3,Nutrient,695,62900.0
3,Nutrient,695,77590.0
3,Nutrient,695,76790.0
3,Nutrient,695,76000.0
3,Nutrient,695,71300.0
3,Nutrient,695,67040.0
3,Nutrient,695,74900.0
3,Nutrient,695,69600.0
3,Nutrient,695,69520.0
3,Nutrient,695,83900.0
3,Nutrient,695,69600.0
3,Nutrient,695,71530.0
3,Nutrient,695,66910.0
3,Nutrient,695,49200.0
3,Nutrient,696,0.0
3,Nutrient,696,0.0
3,Nutrient,696,0.0
3,Nutrient,696,0.0
3,Nutrient,697,15200.0
3,Nutrient,697,15700.0
3,Nutrient,697,15900.0
3,Nutrient,697,16400.0
3,Nutrient,698,54500.0
3,Nutrient,698,59000.0
3,Nutrient,698,62160.0
3,Nutrient,699,78600.0
3,Nutrient,699,78600.0
3,Nutrient,700,25200.0
3,Nutrient,700,58400.0
3,Nutrient,700,58150.0
3,Nutrient,701,84800.0
3,Nutrient,701,84800.0
3,Nutrient,701,90100.0
3,Nutrient,701,90100.0
3,Nutrient,701,97500.0
3,Nutrient,701,97500.0
3,Nutrient,701,94200.0
3,Nutrient,701,94200.0
3,Nutrient,701,87730.0
3,Nutrient,701,79380.0
3,Nutrient,701,80000.0
3,Nutrient,701,90400.0
3,Nutrient,701,56290.0
3,Nutrient,701,77000.0
3,Nutrient,701,87730.0
3,Nutrient,701,63940.0
3,Nutrient,701,63900.0
3,Nutrient,701,60400.0
3,Nutrient,701,80400.0
3,Nutrient,701,46910.0
3,Nutrient,701,67100.0
3,Nutrient,701,46880.0
3,Nutrient,701,59240.0
3,Nutrient,701,80990.0
3,Nutrient,701,79370.0
3,Nutrient,701,93180.0
3,Nutrient,701,53000.0
3,Nutrient,701,98900.0
3,Nutrient,701,98000.0
3,Nutrient,701,93550.0
3,Nutrient,701,64590.0
3,Nutrient,701,79740.0
3,Nutrient,701,60490.0
3,Nutrient,701,59400.0
3,Nutrient,701,49700.0
3,Nutrient,701,68400.0
3,Nutrient,701,53400.0
3,Nutrient,701,59670.0
3,Nutrient,701,61720.0
3,Nutrient,701,44880.0
3,Nutrient,701,60480.0
3,Nutrient,701,71190.0
3,Nutrient,701,47400.0
3,Nutrient,701,71240.0
3,Nutrient,701,71000.0
3,Nutrient,701,55360.0
3,Nutrient,701,59860.0
3,Nutrient,701,67950.0
3,Nutrient,701,79530.0
3,Nutrient,701,50300.0
3,Nutrient,701,82570.0
3,Nutrient,701,68400.0
3,Nutrient,701,77770.0
3,Nutrient,701,81640.0
3,Nutrient,701,59590.0
3,Nutrient,701,51000.0
3,Nutrient,701,55180.0
3,Nutrient,701,63390.0
3,Nutrient,701,57540.0
3,Nutrient,701,55380.0
3,Nutrient,701,63640.0
3,Nutrient,701,61600.0
3,Nutrient,701,59780.0
3,Nutrient,701,59400.0
3,Nutrient,701,59950.0
3,Nutrient,701,55250.0
3,Nutrient,701,72400.0
3,Nutrient,701,61070.0
3,Nutrient,701,71850.0
3,Nutrient,701,75940.0
3,Nutrient,701,82430.0
3,Nutrient,701,82760.0
3,Nutrient,701,79730.0
3,Nutrient,701,90760.0
3,Nutrient,701,90770.0
3,Nutrient,701,91020.0
3,Nutrient,701,90780.0
3,Nutrient,701,91560.0
3,Nutrient,701,64720.0
3,Nutrient,701,89050.0
3,Nutrient,701,63400.0
3,Nutrient,701,68260.0
3,Nutrient,701,73810.0
3,Nutrient,701,50220.0
3,Nutrient,701,59970.0
3,Nutrient,701,55530.0
3,Nutrient,701,56890.0
3,Nutrient,701,60500.0
3,Nutrient,701,60670.0
3,Nutrient,701,88000.0
3,Nutrient,701,98600.0
3,Nutrient,701,38550.0
3,Nutrient,702,64800.0
3,Nutrient,702,65300.0
3,Nutrient,703,0.0
3,Nutrient,703,0.0
3,Nutrient,703,0.0
3,Nutrient,703,0.0
3,Nutrient,703,0.0
3,Nutrient,704,0.0
3,Nutrient,704,0.0
3,Nutrient,704,0.0
3,Nutrient,704,0.0
3,Nutrient,704,0.0
3,Nutrient,704,0.0
3,Nutrient,704,0.0
3,Nutrient,704,0.0
3,Nutrient,704,0.0
3,Nutrient,706,0.0
3,Nutrient,706,0.0
3,Nutrient,706,0.0
3,Nutrient,707,64700.0
3,Nutrient,707,71800.0
3,Nutrient,707,81500.0
3,Nutrient,707,87400.0
3,Nutrient,707,17700.0
3,Nutrient,707,41700.0
3,Nutrient,707,83730.0
3,Nutrient,707,75000.0
3,Nutrient,707,71930.0
3,Nutrient,707,75000.0
3,Nutrient,707,51400.0
3,Nutrient,707,58000.0
3,Nutrient,707,57900.0
3,Nutrient,707,58300.0
3,Nutrient,707,60000.0
3,Nutrient,707,51390.0
3,Nutrient,707,49710.0
3,Nutrient,707,66200.0
3,Nutrient,707,41000.0
3,Nutrient,709,62400.0
3,Nutrient,709,63300.0
3,Nutrient,709,63000.0
3,Nutrient,709,63900.0
3,Nutrient,709,58200.0
3,Nutrient,709,58600.0
3,Nutrient,709,50600.0
3,Nutrient,709,50600.0
3,Nutrient,709,57100.0
3,Nutrient,709,58000.0
3,Nutrient,709,36200.0
3,Nutrient,709,29840.0
3,Nutrient,709,77410.0
3,Nutrient,709,65960.0
3,Nutrient,709,68400.0
3,Nutrient,709,61170.0
3,Nutrient,709,52420.0
3,Nutrient,709,45900.0
3,Nutrient,710,9900.0
3,Nutrient,710,10400.0
3,Nutrient,710,9900.0
3,Nutrient,710,10400.0
3,Nutrient,710,9500.0
3,Nutrient,710,10000.0
3,Nutrient,710,9700.0
3,Nutrient,710,10200.0
3,Nutrient,710,10340.0
3,Nutrient,710,12130.0
3,Nutrient,710,10440.0
3,Nutrient,710,10740.0
3,Nutrient,710,12130.0
3,Nutrient,710,11540.0
3,Nutrient,710,5610.0
3,Nutrient,710,4510.0
3,Nutrient,711,52000.0
3,Nutrient,711,52000.0
3,Nutrient,711,37200.0
3,Nutrient,711,37200.0
3,Nutrient,711,38420.0
3,Nutrient,711,51980.0
3,Nutrient,711,52190.0
3,Nutrient,711,51800.0
3,Nutrient,711,51980.0
3,Nutrient,711,52190.0
3,Nutrient,711,38420.0
3,Nutrient,712,4500.0
3,Nutrient,712,4500.0
3,Nutrient,712,4450.0
3,Nutrient,712,5180.0
3,Nutrient,712,5360.0
3,Nutrient,713,4500.0
3,Nutrient,713,4500.0
3,Nutrient,714,8400.0
3,Nutrient,714,8400.0
3,Nutrient,714,4500.0
3,Nutrient,714,4500.0
3,Nutrient,714,4790.0
3,Nutrient,714,49000.0
3,Nutrient,714,4880.0
3,Nutrient,714,5300.0
3,Nutrient,715,4700.0
3,Nutrient,715,4700.0
3,Nutrient,715,4500.0
3,Nutrient,715,4500.0
3,Nutrient,716,7400.0
3,Nutrient,716,8200.0
3,Nutrient,716,7610.0
3,Nutrient,716,5570.0
3,Nutrient,716,7730.0
3,Nutrient,716,8510.0
3,Nutrient,717,18100.0
3,Nutrient,717,23500.0
3,Nutrient,717,26470.0
3,Nutrient,718,1400.0
3,Nutrient,718,2400.0
3,Nutrient,718,1690.0
3,Nutrient,718,1800.0
3,Nutrient,718,14560.0
3,Nutrient,718,10490.0
3,Nutrient,718,5150.0
3,Nutrient,718,2000.0
3,Nutrient,718,4390.0
3,Nutrient,718,2900.0
3,Nutrient,718,2400.0
3,Nutrient,718,2000.0
3,Nutrient,718,1100.0
3,Nutrient,718,1000.0
3,Nutrient,718,1300.0
3,Nutrient,718,2800.0
3,Nutrient,718,2600.0
3,Nutrient,718,2300.0
3,Nutrient,718,1400.0
3,Nutrient,718,300.0
3,Nutrient,718,2700.0
3,Nutrient,718,2500.0
3,Nutrient,718,3300.0
3,Nutrient,718,2400.0
3,Nutrient,718,2300.0
3,Nutrient,718,1000.0
3,Nutrient,718,2740.0
3,Nutrient,718,1910.0
3,Nutrient,718,4270.0
3,Nutrient,718,1880.0
3,Nutrient,718,12790.0
3,Nutrient,718,10500.0
3,Nutrient,718,5150.0
3,Nutrient,721,74200.0
3,Nutrient,722,4000.0
3,Nutrient,722,1500.0
3,Nutrient,722,1920.0
3,Nutrient,722,2600.0
3,Nutrient,723,0.0
3,Nutrient,723,0.0
3,Nutrient,724,63200.0
3,Nutrient,724,52700.0
3,Nutrient,724,67320.0
3,Nutrient,724,67890.0
3,Nutrient,724,92000.0
3,Nutrient,724,71800.0
3,Nutrient,724,93800.0
3,Nutrient,724,94900.0
3,Nutrient,724,62600.0
3,Nutrient,724,74280.0
3,Nutrient,724,71020.0
3,Nutrient,724,83650.0
3,Nutrient,724,72180.0
3,Nutrient,725,72050.0
3,Nutrient,725,72730.0
3,Nutrient,725,74730.0
3,Nutrient,725,87100.0
3,Nutrient,725,72800.0
3,Nutrient,725,73000.0
3,Nutrient,725,64400.0
3,Nutrient,725,62000.0
3,Nutrient,725,72100.0
3,Nutrient,725,63700.0
3,Nutrient,725,67300.0
3,Nutrient,725,64400.0
3,Nutrient,725,66400.0
3,Nutrient,725,77420.0
3,Nutrient,725,63800.0
3,Nutrient,725,53400.0
3,Nutrient,725,62200.0
3,Nutrient,725,64600.0
3,Nutrient,725,70200.0
3,Nutrient,725,70800.0
3,Nutrient,725,63600.0
3,Nutrient,725,62300.0
3,Nutrient,725,77600.0
3,Nutrient,725,78000.0
3,Nutrient,725,72310.0
3,Nutrient,725,70330.0
3,Nutrient,725,47240.0
3,Nutrient,725,57270.0
3,Nutrient,725,52470.0
3,Nutrient,725,64690.0
3,Nutrient,725,54300.0
3,Nutrient,725,73010.0
3,Nutrient,725,51680.0
3,Nutrient,725,50500.0
3,Nutrient,725,50300.0
3,Nutrient,725,69630.0
3,Nutrient,725,57870.0
3,Nutrient,725,60210.0
3,Nutrient,725,52490.0
3,Nutrient,725,45000.0
3,Nutrient,725,63420.0
3,Nutrient,725,53260.0
3,Nutrient,725,59580.0
3,Nutrient,725,69400.0
3,Nutrient,725,60130.0
3,Nutrient,725,75470.0
3,Nutrient,725,62780.0
3,Nutrient,725,69780.0
3,Nutrient,725,66720.0
3,Nutrient,725,79170.0
3,Nutrient,725,61140.0
3,Nutrient,725,74290.0
3,Nutrient,725,72270.0
3,Nutrient,725,64960.0
3,Nutrient,725,54100.0
3,Nutrient,725,55200.0
3,Nutrient,725,66700.0
3,Nutrient,725,72900.0
3,Nutrient,726,0.0
3,Nutrient,727,10940.0
3,Nutrient,727,700.0
3,Nutrient,727,12080.0
3,Nutrient,727,12080.0
3,Nutrient,727,11250.0
3,Nutrient,727,1030.0
3,Nutrient,727,12700.0
3,Nutrient,727,700.0
3,Nutrient,727,12990.0
3,Nutrient,727,700.0
3,Nutrient,728,32920.0
3,Nutrient,728,31230.0
3,Nutrient,728,28470.0
3,Nutrient,728,19520.0
3,Nutrient,728,19550.0
3,Nutrient,728,25350.0
3,Nutrient,728,26600.0
3,Nutrient,728,24600.0
3,Nutrient,728,20960.0
3,Nutrient,728,47270.0
3,Nutrient,728,31230.0
3,Nutrient,728,21070.0
3,Nutrient,728,20510.0
3,Nutrient,728,20320.0
3,Nutrient,728,21390.0
3,Nutrient,728,30840.0
3,Nutrient,728,34010.0
3,Nutrient,728,38950.0
3,Nutrient,729,29890.0
3,Nutrient,729,25460.0
3,Nutrient,729,24970.0
3,Nutrient,729,20800.0
3,Nutrient,729,21200.0
3,Nutrient,729,29890.0
3,Nutrient,729,23300.0
3,Nutrient,729,20800.0
3,Nutrient,729,18890.0
3,Nutrient,729,16810.0
3,Nutrient,729,13010.0
3,Nutrient,729,15370.0
3,Nutrient,729,16160.0
3,Nutrient,729,33710.0
3,Nutrient,729,28790.0
3,Nutrient,729,24810.0
3,Nutrient,729,24100.0
3,Nutrient,729,18020.0
3,Nutrient,729,23160.0
3,Nutrient,729,18350.0
3,Nutrient,729,17820.0
3,Nutrient,729,11040.0
3,Nutrient,729,22140.0
3,Nutrient,729,30690.0
3,Nutrient,729,27810.0
3,Nutrient,729,22170.0
3,Nutrient,729,19950.0
3,Nutrient,729,20080.0
3,Nutrient,729,16820.0
3,Nutrient,729,14200.0
3,Nutrient,729,28450.0
3,Nutrient,729,24970.0
3,Nutrient,729,11710.0
3,Nutrient,729,27110.0
3,Nutrient,729,23710.0
3,Nutrient,729,18550.0
3,Nutrient,729,16700.0
3,Nutrient,729,13740.0
3,Nutrient,729,13520.0
3,Nutrient,729,19830.0
3,Nutrient,729,14430.0
3,Nutrient,729,21010.0
3,Nutrient,729,16600.0
3,Nutrient,729,17440.0
3,Nutrient,729,16060.0
3,Nutrient,729,16810.0
3,Nutrient,729,13740.0
3,Nutrient,729,17330.0
3,Nutrient,729,22140.0
3,Nutrient,729,22690.0
3,Nutrient,729,18730.0
3,Nutrient,729,14430.0
3,Nutrient,729,15450.0
3,Nutrient,729,19720.0
3,Nutrient,729,12620.0
3,Nutrient,729,21530.0
3,Nutrient,730,21630.0
3,Nutrient,730,21140.0
3,Nutrient,730,16910.0
3,Nutrient,730,15390.0
3,Nutrient,730,19990.0
3,Nutrient,730,21120.0
3,Nutrient,730,18690.0
3,Nutrient,731,11910.0
3,Nutrient,731,8670.0
3,Nutrient,731,13100.0
3,Nutrient,731,6100.0
3,Nutrient,731,10880.0
3,Nutrient,731,16900.0
3,Nutrient,732,19850.0
3,Nutrient,732,11910.0
3,Nutrient,732,10180.0
3,Nutrient,732,19850.0
3,Nutrient,732,20230.0
3,Nutrient,732,19690.0
3,Nutrient,732,17220.0
3,Nutrient,732,15100.0
3,Nutrient,732,20230.0
3,Nutrient,732,19690.0
3,Nutrient,733,44640.0
3,Nutrient,733,51210.0
3,Nutrient,733,46600.0
3,Nutrient,733,55600.0
3,Nutrient,733,49600.0
3,Nutrient,733,49270.0
3,Nutrient,733,49940.0
3,Nutrient,733,58120.0
3,Nutrient,734,32150.0
3,Nutrient,734,29450.0
3,Nutrient,734,21890.0
3,Nutrient,734,58160.0
3,Nutrient,734,36380.0
3,Nutrient,734,23090.0
3,Nutrient,735,8320.0
3,Nutrient,735,8560.0
3,Nutrient,735,4500.0
3,Nutrient,735,8730.0
3,Nutrient,735,23670.0
3,Nutrient,735,16200.0
3,Nutrient,735,11700.0
3,Nutrient,735,9800.0
3,Nutrient,735,11800.0
3,Nutrient,735,10600.0
3,Nutrient,735,8520.0
3,Nutrient,735,8560.0
3,Nutrient,735,23930.0
3,Nutrient,735,24550.0
3,Nutrient,735,26200.0
3,Nutrient,735,1000.0
3,Nutrient,735,10600.0
3,Nutrient,735,3500.0
3,Nutrient,735,11600.0
3,Nutrient,735,16180.0
3,Nutrient,736,12410.0
3,Nutrient,736,11170.0
3,Nutrient,736,3220.0
3,Nutrient,736,2190.0
3,Nutrient,736,1710.0
3,Nutrient,736,7670.0
3,Nutrient,736,2800.0
3,Nutrient,736,1450.0
3,Nutrient,736,14890.0
3,Nutrient,736,13530.0
3,Nutrient,736,16600.0
3,Nutrient,736,3670.0
3,Nutrient,736,6200.0
3,Nutrient,736,4280.0
3,Nutrient,736,3640.0
3,Nutrient,736,6080.0
3,Nutrient,736,4200.0
3,Nutrient,736,4300.0
3,Nutrient,736,14120.0
3,Nutrient,736,15650.0
3,Nutrient,736,15730.0
3,Nutrient,736,16180.0
3,Nutrient,737,11380.0
3,Nutrient,737,11380.0
3,Nutrient,737,54880.0
3,Nutrient,737,6630.0
3,Nutrient,737,25000.0
3,Nutrient,737,35070.0
3,Nutrient,737,75420.0
3,Nutrient,737,23600.0
3,Nutrient,737,73400.0
3,Nutrient,737,9100.0
3,Nutrient,737,10600.0
3,Nutrient,738,55350.0
3,Nutrient,739,52540.0
3,Nutrient,739,17130.0
3,Nutrient,739,16070.0
3,Nutrient,739,23050.0
3,Nutrient,739,40000.0
3,Nutrient,739,70230.0
3,Nutrient,739,66300.0
3,Nutrient,739,65900.0
3,Nutrient,739,79000.0
3,Nutrient,739,66400.0
3,Nutrient,739,58080.0
3,Nutrient,740,22780.0
3,Nutrient,740,11000.0
3,Nutrient,740,82800.0
3,Nutrient,740,17600.0
3,Nutrient,740,91600.0
3,Nutrient,740,17610.0
3,Nutrient,740,18820.0
3,Nutrient,740,18680.0
3,Nutrient,742,29500.0
3,Nutrient,742,28540.0
3,Nutrient,742,31990.0
3,Nutrient,742,27290.0
3,Nutrient,743,4620.0
3,Nutrient,743,25610.0
3,Nutrient,744,77900.0
3,Nutrient,744,45060.0
3,Nutrient,744,80100.0
3,Nutrient,744,80700.0
3,Nutrient,744,79100.0
3,Nutrient,744,51600.0
3,Nutrient,744,90060.0
3,Nutrient,744,77900.0
3,Nutrient,744,57200.0
3,Nutrient,744,76040.0
3,Nutrient,744,72000.0
3,Nutrient,744,74000.0
3,Nutrient,744,55710.0
3,Nutrient,744,55690.0
3,Nutrient,744,58100.0
3,Nutrient,744,73390.0
3,Nutrient,745,52800.0
3,Nutrient,745,51500.0
3,Nutrient,745,64900.0
3,Nutrient,745,51300.0
3,Nutrient,745,52020.0
3,Nutrient,745,50810.0
3,Nutrient,745,50600.0
3,Nutrient,745,57700.0
3,Nutrient,745,66900.0
3,Nutrient,745,65000.0
3,Nutrient,745,83760.0
3,Nutrient,745,56000.0
3,Nutrient,745,52900.0
3,Nutrient,745,52900.0
3,Nutrient,745,52900.0
3,Nutrient,745,67800.0
3,Nutrient,745,71400.0
3,Nutrient,746,65560.0
3,Nutrient,746,61740.0
3,Nutrient,746,62740.0
3,Nutrient,746,63100.0
3,Nutrient,746,71600.0
3,Nutrient,746,80000.0
3,Nutrient,746,65220.0
3,Nutrient,746,80100.0
3,Nutrient,746,62400.0
3,Nutrient,746,66890.0
3,Nutrient,746,65320.0
3,Nutrient,746,73400.0
3,Nutrient,747,63010.0
3,Nutrient,747,56200.0
3,Nutrient,747,62900.0
3,Nutrient,747,57300.0
3,Nutrient,747,65100.0
3,Nutrient,747,52380.0
3,Nutrient,747,54100.0
3,Nutrient,747,56200.0
3,Nutrient,747,57400.0
3,Nutrient,748,7410.0
3,Nutrient,749,7850.0
3,Nutrient,749,8160.0
3,Nutrient,749,4800.0
3,Nutrient,749,6000.0
3,Nutrient,749,8030.0
3,Nutrient,749,9380.0
3,Nutrient,749,7270.0
3,Nutrient,749,10800.0
3,Nutrient,749,9220.0
3,Nutrient,749,5380.0
3,Nutrient,749,7000.0
3,Nutrient,750,85900.0
3,Nutrient,750,87500.0
3,Nutrient,750,90500.0
3,Nutrient,750,14190.0
3,Nutrient,750,80210.0
3,Nutrient,750,4220.0
3,Nutrient,750,0.0
3,Nutrient,750,90500.0
3,Nutrient,750,33300.0
3,Nutrient,750,33300.0
3,Nutrient,751,13470.0
3,Nutrient,751,12340.0
3,Nutrient,751,91500.0
3,Nutrient,751,13340.0
3,Nutrient,751,99000.0
3,Nutrient,751,12210.0
3,Nutrient,751,19800.0
3,Nutrient,752,31840.0
3,Nutrient,753,48260.0
3,Nutrient,753,46010.0
3,Nutrient,754,17000.0
3,Nutrient,754,17000.0
3,Nutrient,754,19700.0
3,Nutrient,754,19700.0
3,Nutrient,754,37140.0
3,Nutrient,754,39600.0
3,Nutrient,754,39640.0
3,Nutrient,754,42860.0
3,Nutrient,754,33090.0
3,Nutrient,754,6200.0
3,Nutrient,754,20200.0
3,Nutrient,754,32600.0
3,Nutrient,754,13500.0
3,Nutrient,754,19230.0
3,Nutrient,754,23900.0
3,Nutrient,754,19680.0
3,Nutrient,754,22280.0
3,Nutrient,754,26940.0
3,Nutrient,754,5140.0
3,Nutrient,754,30070.0
3,Nutrient,754,44750.0
3,Nutrient,754,45320.0
3,Nutrient,754,44200.0
3,Nutrient,754,44120.0
3,Nutrient,754,44160.0
3,Nutrient,754,27090.0
3,Nutrient,754,14540.0
3,Nutrient,754,11950.0
3,Nutrient,754,23620.0
3,Nutrient,754,26110.0
3,Nutrient,754,37700.0
3,Nutrient,754,23170.0
3,Nutrient,754,24110.0
3,Nutrient,754,30900.0
3,Nutrient,754,5920.0
3,Nutrient,755,13840.0
3,Nutrient,755,13500.0
3,Nutrient,755,12870.0
3,Nutrient,755,14180.0
3,Nutrient,756,5100.0
3,Nutrient,757,27810.0
3,Nutrient,757,39290.0
3,Nutrient,757,73650.0
3,Nutrient,757,36700.0
3,Nutrient,757,73600.0
3,Nutrient,757,28900.0
3,Nutrient,757,28300.0
3,Nutrient,757,29000.0
3,Nutrient,757,71300.0
3,Nutrient,757,73900.0
3,Nutrient,757,71000.0
3,Nutrient,757,29400.0
3,Nutrient,757,28700.0
3,Nutrient,757,38100.0
3,Nutrient,757,43330.0
3,Nutrient,757,39180.0
3,Nutrient,757,38270.0
3,Nutrient,757,38790.0
3,Nutrient,757,46080.0
3,Nutrient,758,90400.0
3,Nutrient,758,2100.0
3,Nutrient,759,19740.0
3,Nutrient,759,18430.0
3,Nutrient,759,18890.0
3,Nutrient,759,23010.0
3,Nutrient,759,87900.0
3,Nutrient,759,18800.0
3,Nutrient,759,89300.0
3,Nutrient,759,19640.0
3,Nutrient,759,19760.0
3,Nutrient,759,19200.0
3,Nutrient,759,19400.0
3,Nutrient,759,91200.0
3,Nutrient,759,20680.0
3,Nutrient,759,94300.0
3,Nutrient,759,19430.0
3,Nutrient,759,22600.0
3,Nutrient,759,92900.0
3,Nutrient,759,19700.0
3,Nutrient,759,20200.0
3,Nutrient,759,93500.0
3,Nutrient,759,18920.0
3,Nutrient,759,20810.0
3,Nutrient,759,19560.0
3,Nutrient,759,18530.0
3,Nutrient,759,21690.0
3,Nutrient,759,17800.0
3,Nutrient,759,20160.0
3,Nutrient,759,21310.0
3,Nutrient,759,20870.0
3,Nutrient,759,92700.0
3,Nutrient,759,19760.0
3,Nutrient,759,93000.0
3,Nutrient,759,18440.0
3,Nutrient,759,83500.0
3,Nutrient,759,19100.0
3,Nutrient,759,81840.0
3,Nutrient,759,17700.0
3,Nutrient,759,95400.0
3,Nutrient,759,20100.0
3,Nutrient,759,91800.0
3,Nutrient,759,24200.0
3,Nutrient,759,89000.0
3,Nutrient,759,88400.0
3,Nutrient,759,90300.0
3,Nutrient,759,94300.0
3,Nutrient,759,92400.0
3,Nutrient,759,78200.0
3,Nutrient,759,74420.0
3,Nutrient,759,86040.0
3,Nutrient,759,84660.0
3,Nutrient,760,42980.0
3,Nutrient,760,32900.0
3,Nutrient,760,49290.0
3,Nutrient,760,41600.0
3,Nutrient,760,44150.0
3,Nutrient,760,40270.0
3,Nutrient,760,42710.0
3,Nutrient,760,37520.0
3,Nutrient,760,41050.0
3,Nutrient,760,48390.0
3,Nutrient,760,44160.0
3,Nutrient,760,45410.0
3,Nutrient,760,41480.0
3,Nutrient,760,34600.0
3,Nutrient,760,35400.0
3,Nutrient,761,2300.0
3,Nutrient,761,2500.0
3,Nutrient,761,6280.0
3,Nutrient,761,4920.0
3,Nutrient,761,9950.0
3,Nutrient,761,9950.0
3,Nutrient,761,4500.0
3,Nutrient,761,4500.0
3,Nutrient,761,4100.0
3,Nutrient,761,1740.0
3,Nutrient,761,3450.0
3,Nutrient,761,3510.0
3,Nutrient,761,8240.0
3,Nutrient,761,3850.0
3,Nutrient,761,7200.0
3,Nutrient,761,4140.0
3,Nutrient,761,8510.0
3,Nutrient,761,3290.0
3,Nutrient,761,4120.0
3,Nutrient,761,9470.0
3,Nutrient,761,3290.0
3,Nutrient,761,4120.0
3,Nutrient,761,9050.0
3,Nutrient,761,3290.0
3,Nutrient,761,4530.0
3,Nutrient,761,5760.0
3,Nutrient,761,1650.0
3,Nutrient,761,7820.0
3,Nutrient,761,12300.0
3,Nutrient,761,7820.0
3,Nutrient,761,9050.0
3,Nutrient,761,10290.0
3,Nutrient,762,6400.0
3,Nutrient,762,0.0
3,Nutrient,762,3930.0
3,Nutrient,762,4000.0
3,Nutrient,762,9980.0
3,Nutrient,762,9200.0
3,Nutrient,762,4530.0
3,Nutrient,762,8460.0
3,Nutrient,762,4900.0
3,Nutrient,762,7530.0
3,Nutrient,762,4760.0
3,Nutrient,762,3750.0
3,Nutrient,762,8000.0
3,Nutrient,762,6900.0
3,Nutrient,762,9100.0
3,Nutrient,762,8000.0
3,Nutrient,763,5000.0
3,Nutrient,764,15700.0
3,Nutrient,764,6940.0
3,Nutrient,764,27600.0
3,Nutrient,764,22660.0
3,Nutrient,764,11300.0
3,Nutrient,765,77430.0
3,Nutrient,765,23220.0
3,Nutrient,766,75870.0
3,Nutrient,766,18580.0
3,Nutrient,767,74200.0
3,Nutrient,767,750.0
3,Nutrient,767,78420.0
3,Nutrient,767,1300.0
3,Nutrient,767,5600.0
3,Nutrient,767,84300.0
3,Nutrient,768,71400.0
3,Nutrient,768,71400.0
3,Nutrient,769,24600.0
3,Nutrient,769,21490.0
3,Nutrient,769,24090.0
3,Nutrient,769,21260.0
3,Nutrient,770,75000.0
3,Nutrient,770,77700.0
3,Nutrient,770,72830.0
3,Nutrient,770,72830.0
3,Nutrient,771,88690.0
3,Nutrient,772,18420.0
3,Nutrient,772,13180.0
3,Nutrient,772,13970.0
3,Nutrient,772,12270.0
3,Nutrient,773,24040.0
3,Nutrient,774,15710.0
3,Nutrient,774,14860.0
3,Nutrient,774,13740.0
3,Nutrient,774,14140.0
3,Nutrient,774,16560.0
3,Nutrient,775,18400.0
3,Nutrient,775,27450.0
3,Nutrient,775,31880.0
3,Nutrient,776,22400.0
3,Nutrient,776,4050.0
3,Nutrient,776,10640.0
3,Nutrient,776,2280.0
3,Nutrient,776,7410.0
3,Nutrient,776,11940.0
3,Nutrient,776,15400.0
3,Nutrient,776,3730.0
3,Nutrient,776,20420.0
3,Nutrient,777,17510.0
3,Nutrient,777,15870.0
3,Nutrient,777,17510.0
3,Nutrient,778,21800.0
3,Nutrient,778,2000.0
3,Nutrient,779,18500.0
3,Nutrient,779,22000.0
3,Nutrient,779,11880.0
3,Nutrient,779,3000.0
3,Nutrient,779,6430.0
3,Nutrient,779,7840.0
3,Nutrient,779,0.0
3,Nutrient,779,14740.0
3,Nutrient,779,1940.0
3,Nutrient,779,16360.0
3,Nutrient,779,2450.0
3,Nutrient,779,19880.0
3,Nutrient,780,21260.0
3,Nutrient,780,18240.0
3,Nutrient,780,25960.0
3,Nutrient,780,26030.0
3,Nutrient,780,24060.0
3,Nutrient,780,25780.0
3,Nutrient,780,25470.0
3,Nutrient,780,22390.0
3,Nutrient,780,20510.0
3,Nutrient,780,21630.0
3,Nutrient,780,22460.0
3,Nutrient,780,21550.0
3,Nutrient,780,18880.0
3,Nutrient,780,24350.0
3,Nutrient,780,22040.0
3,Nutrient,780,31250.0
3,Nutrient,780,26190.0
3,Nutrient,780,30950.0
3,Nutrient,780,22280.0
3,Nutrient,780,25460.0
3,Nutrient,780,19870.0
3,Nutrient,780,22610.0
3,Nutrient,780,21910.0
3,Nutrient,780,24930.0
3,Nutrient,780,19870.0
3,Nutrient,780,22610.0
3,Nutrient,780,16780.0
3,Nutrient,780,30400.0
3,Nutrient,780,30550.0
3,Nutrient,780,30450.0
3,Nutrient,781,18400.0
3,Nutrient,781,21700.0
3,Nutrient,781,23200.0
3,Nutrient,781,24000.0
3,Nutrient,781,25150.0
3,Nutrient,781,25150.0
3,Nutrient,782,76800.0
3,Nutrient,782,23460.0
3,Nutrient,782,19060.0
3,Nutrient,782,16370.0
3,Nutrient,782,21050.0
3,Nutrient,782,14370.0
3,Nutrient,782,24440.0
3,Nutrient,782,38750.0
3,Nutrient,782,29990.0
3,Nutrient,782,19140.0
3,Nutrient,782,18330.0
3,Nutrient,782,15920.0
3,Nutrient,782,15450.0
3,Nutrient,782,25280.0
3,Nutrient,782,21470.0
3,Nutrient,782,17440.0
3,Nutrient,782,17760.0
3,Nutrient,782,22840.0
3,Nutrient,782,21640.0
3,Nutrient,782,26190.0
3,Nutrient,782,31250.0
3,Nutrient,782,22040.0
3,Nutrient,782,17500.0
3,Nutrient,782,20540.0
3,Nutrient,782,24520.0
3,Nutrient,782,17280.0
3,Nutrient,782,22260.0
3,Nutrient,782,27200.0
3,Nutrient,782,19280.0
3,Nutrient,782,29480.0
3,Nutrient,782,17650.0
3,Nutrient,782,23000.0
3,Nutrient,782,24790.0
3,Nutrient,782,27430.0
3,Nutrient,782,22640.0
3,Nutrient,782,22990.0
3,Nutrient,783,18600.0
3,Nutrient,784,11630.0
3,Nutrient,784,11520.0
3,Nutrient,784,13960.0
3,Nutrient,784,69210.0
3,Nutrient,784,24310.0
3,Nutrient,784,17280.0
3,Nutrient,784,19880.0
3,Nutrient,784,16420.0
3,Nutrient,784,18120.0
3,Nutrient,784,15100.0
3,Nutrient,784,21090.0
3,Nutrient,785,0.0
3,Nutrient,786,7560.0
3,Nutrient,787,46000.0
3,Nutrient,787,40210.0
3,Nutrient,788,42000.0
3,Nutrient,788,42000.0
3,Nutrient,788,8300.0
3,Nutrient,788,8300.0
3,Nutrient,788,10280.0
3,Nutrient,788,12460.0
3,Nutrient,788,12960.0
3,Nutrient,788,12200.0
3,Nutrient,788,15850.0
3,Nutrient,788,16200.0
3,Nutrient,788,14000.0
3,Nutrient,788,40200.0
3,Nutrient,788,11420.0
3,Nutrient,788,11970.0
3,Nutrient,788,11970.0
3,Nutrient,788,41400.0
3,Nutrient,788,11660.0
3,Nutrient,788,12700.0
3,Nutrient,788,11600.0
3,Nutrient,788,11800.0
3,Nutrient,788,43100.0
3,Nutrient,788,10440.0
3,Nutrient,788,10000.0
3,Nutrient,788,13160.0
3,Nutrient,788,11350.0
3,Nutrient,788,8680.0
3,Nutrient,788,12340.0
3,Nutrient,788,4700.0
3,Nutrient,788,71600.0
3,Nutrient,789,46200.0
3,Nutrient,789,23350.0
3,Nutrient,789,35060.0
3,Nutrient,789,34480.0
3,Nutrient,789,26640.0
3,Nutrient,790,58500.0
3,Nutrient,790,66400.0
3,Nutrient,790,82740.0
3,Nutrient,790,14650.0
3,Nutrient,790,14300.0
3,Nutrient,790,30400.0
3,Nutrient,791,8510.0
3,Nutrient,791,11860.0
3,Nutrient,791,11630.0
3,Nutrient,791,14930.0
3,Nutrient,791,18910.0
3,Nutrient,791,22890.0
3,Nutrient,791,7870.0
3,Nutrient,791,13050.0
3,Nutrient,791,15140.0
3,Nutrient,791,19110.0
3,Nutrient,791,22770.0
3,Nutrient,791,18760.0
3,Nutrient,791,64060.0
3,Nutrient,791,24230.0
3,Nutrient,791,22360.0
3,Nutrient,791,18800.0
3,Nutrient,792,13660.0
3,Nutrient,792,14710.0
3,Nutrient,792,9690.0
3,Nutrient,792,18240.0
3,Nutrient,792,17650.0
3,Nutrient,792,18820.0
3,Nutrient,792,17060.0
3,Nutrient,792,17060.0
3,Nutrient,792,17650.0
3,Nutrient,792,17060.0
3,Nutrient,792,15960.0
3,Nutrient,793,8700.0
3,Nutrient,793,6320.0
3,Nutrient,793,38320.0
3,Nutrient,793,9840.0
3,Nutrient,793,14270.0
3,Nutrient,793,5500.0
3,Nutrient,793,4900.0
3,Nutrient,793,7400.0
3,Nutrient,793,10400.0
3,Nutrient,793,3700.0
3,Nutrient,793,8200.0
3,Nutrient,793,8300.0
3,Nutrient,793,4400.0
3,Nutrient,793,10900.0
3,Nutrient,793,4100.0
3,Nutrient,793,3700.0
3,Nutrient,793,3400.0
3,Nutrient,793,4900.0
3,Nutrient,793,4300.0
3,Nutrient,793,6000.0
3,Nutrient,793,7500.0
3,Nutrient,793,5600.0
3,Nutrient,793,5500.0
3,Nutrient,793,4600.0
3,Nutrient,793,5100.0
3,Nutrient,793,6200.0
3,Nutrient,793,4100.0
3,Nutrient,793,5100.0
3,Nutrient,793,4300.0
3,Nutrient,793,9900.0
3,Nutrient,793,6900.0
3,Nutrient,793,8000.0
3,Nutrient,793,5000.0
3,Nutrient,793,6000.0
3,Nutrient,793,7900.0
3,Nutrient,793,9600.0
3,Nutrient,793,14300.0
3,Nutrient,793,5700.0
3,Nutrient,793,10600.0
3,Nutrient,793,14300.0
3,Nutrient,793,6800.0
3,Nutrient,793,8500.0
3,Nutrient,793,5900.0
3,Nutrient,793,14900.0
3,Nutrient,793,11800.0
3,Nutrient,793,11100.0
3,Nutrient,793,23000.0
3,Nutrient,793,21800.0
3,Nutrient,793,22900.0
3,Nutrient,793,31100.0
3,Nutrient,793,25200.0
3,Nutrient,793,36000.0
3,Nutrient,793,32600.0
3,Nutrient,793,6700.0
3,Nutrient,793,9900.0
3,Nutrient,793,22300.0
3,Nutrient,793,18500.0
3,Nutrient,793,21500.0
3,Nutrient,793,17000.0
3,Nutrient,793,22900.0
3,Nutrient,793,17900.0
3,Nutrient,793,22800.0
3,Nutrient,793,17700.0
3,Nutrient,793,23100.0
3,Nutrient,793,25300.0
3,Nutrient,793,8600.0
3,Nutrient,793,30500.0
3,Nutrient,793,10600.0
3,Nutrient,793,23400.0
3,Nutrient,793,23700.0
3,Nutrient,793,24300.0
3,Nutrient,793,13600.0
3,Nutrient,793,10200.0
3,Nutrient,793,10600.0
3,Nutrient,793,24400.0
3,Nutrient,793,6100.0
3,Nutrient,793,10900.0
3,Nutrient,793,8500.0
3,Nutrient,793,14400.0
3,Nutrient,793,20400.0
3,Nutrient,793,8900.0
3,Nutrient,793,12600.0
3,Nutrient,793,38600.0
3,Nutrient,793,13700.0
3,Nutrient,793,8300.0
3,Nutrient,793,9100.0
3,Nutrient,793,8800.0
3,Nutrient,793,19700.0
3,Nutrient,793,7800.0
3,Nutrient,793,5800.0
3,Nutrient,793,3640.0
3,Nutrient,793,9000.0
3,Nutrient,793,7700.0
3,Nutrient,793,4440.0
3,Nutrient,793,8000.0
3,Nutrient,793,9000.0
3,Nutrient,793,9000.0
3,Nutrient,793,28600.0
3,Nutrient,793,8510.0
3,Nutrient,795,0.0
3,Nutrient,795,2900.0
3,Nutrient,795,2590.0
3,Nutrient,795,1040.0
3,Nutrient,795,2100.0
3,Nutrient,795,4210.0
3,Nutrient,795,2330.0
3,Nutrient,795,1580.0
3,Nutrient,795,0.0
3,Nutrient,795,7000.0
3,Nutrient,795,3030.0
3,Nutrient,795,1350.0
3,Nutrient,795,3400.0
3,Nutrient,795,4600.0
3,Nutrient,795,1350.0
3,Nutrient,795,0.0
3,Nutrient,796,25350.0
3,Nutrient,796,21050.0
3,Nutrient,796,22270.0
3,Nutrient,796,23680.0
3,Nutrient,796,27910.0
3,Nutrient,796,20790.0
3,Nutrient,796,25350.0
3,Nutrient,796,21050.0
3,Nutrient,796,22270.0
3,Nutrient,797,0.0
3,Nutrient,797,0.0
3,Nutrient,797,0.0
3,Nutrient,797,0.0
3,Nutrient,797,0.0
3,Nutrient,797,0.0
3,Nutrient,798,0.0
3,Nutrient,799,0.0
3,Nutrient,800,0.0
3,Nutrient,800,
3,Nutrient,801,0.0
3,Nutrient,802,0.0
3,Nutrient,803,52600.0
3,Nutrient,804,0.0
3,Nutrient,804,0.0
3,Nutrient,804,0.0
3,Nutrient,804,20690.0
3,Nutrient,804,0.0
3,Nutrient,804,0.0
3,Nutrient,804,0.0
3,Nutrient,805,65200.0
3,Nutrient,805,52100.0
3,Nutrient,805,50400.0
3,Nutrient,805,48620.0
3,Nutrient,805,56240.0
3,Nutrient,805,47500.0
3,Nutrient,805,54400.0
3,Nutrient,805,63900.0
3,Nutrient,805,50200.0
3,Nutrient,805,42300.0
3,Nutrient,805,44100.0
3,Nutrient,805,64300.0
3,Nutrient,805,64480.0
3,Nutrient,805,46790.0
3,Nutrient,805,58520.0
3,Nutrient,805,52470.0
3,Nutrient,805,51110.0
3,Nutrient,806,26100.0
3,Nutrient,806,28000.0
3,Nutrient,806,11980.0
3,Nutrient,806,44380.0
3,Nutrient,807,34000.0
3,Nutrient,807,37100.0
3,Nutrient,807,31600.0
3,Nutrient,807,32900.0
3,Nutrient,807,34900.0
3,Nutrient,807,33500.0
3,Nutrient,807,39800.0
3,Nutrient,807,38500.0
3,Nutrient,807,33600.0
3,Nutrient,807,29600.0
3,Nutrient,807,37200.0
3,Nutrient,807,28500.0
3,Nutrient,807,30200.0
3,Nutrient,807,20800.0
3,Nutrient,807,42600.0
3,Nutrient,807,47200.0
3,Nutrient,807,39100.0
3,Nutrient,807,48000.0
3,Nutrient,807,32900.0
3,Nutrient,807,59610.0
3,Nutrient,807,52200.0
3,Nutrient,807,34830.0
3,Nutrient,807,26400.0
3,Nutrient,807,32600.0
3,Nutrient,807,34000.0
3,Nutrient,807,42600.0
3,Nutrient,807,42600.0
3,Nutrient,807,44540.0
3,Nutrient,808,0.0
3,Nutrient,808,0.0
3,Nutrient,808,0.0
3,Nutrient,808,0.0
3,Nutrient,808,0.0
3,Nutrient,808,0.0
3,Nutrient,808,0.0
3,Nutrient,808,0.0
3,Nutrient,808,0.0
3,Nutrient,808,0.0
3,Nutrient,808,0.0
3,Nutrient,808,0.0
3,Nutrient,808,0.0
3,Nutrient,808,0.0
3,Nutrient,808,0.0
3,Nutrient,808,0.0
3,Nutrient,808,0.0
3,Nutrient,808,0.0
3,Nutrient,808,0.0
3,Nutrient,809,6670.0
3,Nutrient,809,20000.0
3,Nutrient,809,20000.0
3,Nutrient,810,34380.0
3,Nutrient,810,79000.0
3,Nutrient,810,84100.0
3,Nutrient,811,74730.0
3,Nutrient,812,63900.0
3,Nutrient,812,68200.0
3,Nutrient,812,59420.0
3,Nutrient,812,56740.0
3,Nutrient,812,83700.0
3,Nutrient,812,78600.0
3,Nutrient,812,78900.0
3,Nutrient,812,76600.0
3,Nutrient,812,77300.0
3,Nutrient,812,76400.0
3,Nutrient,812,69700.0
3,Nutrient,812,72300.0
3,Nutrient,812,60800.0
3,Nutrient,812,80400.0
3,Nutrient,812,73800.0
3,Nutrient,812,74340.0
3,Nutrient,812,61370.0
3,Nutrient,812,61700.0
3,Nutrient,812,58380.0
3,Nutrient,812,67350.0
3,Nutrient,812,58200.0
3,Nutrient,812,53800.0
3,Nutrient,812,69550.0
3,Nutrient,812,80900.0
3,Nutrient,812,77100.0
3,Nutrient,812,76600.0
3,Nutrient,812,74340.0
3,Nutrient,812,71500.0
3,Nutrient,812,61000.0
3,Nutrient,812,64900.0
3,Nutrient,812,68600.0
3,Nutrient,812,58200.0
3,Nutrient,812,82300.0
3,Nutrient,812,76200.0
3,Nutrient,812,63510.0
3,Nutrient,812,58760.0
3,Nutrient,812,75520.0
3,Nutrient,812,71520.0
3,Nutrient,812,64350.0
3,Nutrient,812,64550.0
3,Nutrient,812,64880.0
3,Nutrient,812,68190.0
3,Nutrient,812,68250.0
3,Nutrient,812,72200.0
3,Nutrient,812,70000.0
3,Nutrient,812,68000.0
3,Nutrient,812,68500.0
3,Nutrient,812,73400.0
3,Nutrient,812,70100.0
3,Nutrient,812,73200.0
3,Nutrient,813,22790.0
3,Nutrient,813,16970.0
3,Nutrient,813,49060.5
3,Nutrient,814,5900.0
3,Nutrient,815,14360.0
3,Nutrient,816,13640.0
3,Nutrient,816,13730.0
3,Nutrient,816,17310.0
3,Nutrient,817,14060.0
3,Nutrient,818,15240.0
3,Nutrient,818,12700.0
3,Nutrient,818,47000.0
3,Nutrient,818,11110.0
3,Nutrient,818,11110.0
3,Nutrient,818,14220.0
3,Nutrient,819,19590.0
3,Nutrient,819,24380.0
3,Nutrient,819,17610.0
3,Nutrient,819,13980.0
3,Nutrient,819,19940.0
3,Nutrient,819,19950.0
3,Nutrient,819,24370.0
3,Nutrient,819,19950.0
3,Nutrient,820,18120.0
3,Nutrient,820,18280.0
3,Nutrient,820,26680.0
3,Nutrient,820,15750.0
3,Nutrient,822,81100.0
3,Nutrient,823,10980.0
3,Nutrient,823,10780.0
3,Nutrient,824,10040.0
3,Nutrient,824,11350.0
3,Nutrient,824,10040.0
3,Nutrient,824,10040.0
3,Nutrient,825,62530.0
3,Nutrient,825,70590.0
3,Nutrient,826,13400.0
3,Nutrient,826,900.0
3,Nutrient,826,10500.0
3,Nutrient,829,55700.0
3,Nutrient,829,55000.0
3,Nutrient,829,55700.0
3,Nutrient,830,35820.0
3,Nutrient,831,50500.0
3,Nutrient,831,57110.0
3,Nutrient,831,53000.0
3,Nutrient,831,55200.0
3,Nutrient,831,59300.0
3,Nutrient,831,53300.0
3,Nutrient,831,53400.0
3,Nutrient,831,53400.0
3,Nutrient,831,53400.0
3,Nutrient,831,48890.0
3,Nutrient,832,70300.0
3,Nutrient,832,77200.0
3,Nutrient,832,71600.0
3,Nutrient,832,81400.0
3,Nutrient,832,71980.0
3,Nutrient,832,76200.0
3,Nutrient,832,21700.0
3,Nutrient,832,76700.0
3,Nutrient,832,21900.0
3,Nutrient,832,73500.0
3,Nutrient,832,63500.0
3,Nutrient,832,68490.0
3,Nutrient,832,46150.0
3,Nutrient,834,72220.0
3,Nutrient,834,39840.0
3,Nutrient,835,32100.0
3,Nutrient,835,25000.0
3,Nutrient,835,26700.0
3,Nutrient,835,41210.0
3,Nutrient,835,41210.0
3,Nutrient,836,51000.0
3,Nutrient,836,54000.0
3,Nutrient,836,49500.0
3,Nutrient,836,52600.0
3,Nutrient,836,54000.0
3,Nutrient,836,58100.0
3,Nutrient,836,47300.0
3,Nutrient,836,51300.0
3,Nutrient,836,46000.0
3,Nutrient,836,49900.0
3,Nutrient,836,46800.0
3,Nutrient,836,51000.0
3,Nutrient,836,44000.0
3,Nutrient,836,48000.0
3,Nutrient,836,53300.0
3,Nutrient,836,56600.0
3,Nutrient,836,50300.0
3,Nutrient,836,55900.0
3,Nutrient,836,45600.0
3,Nutrient,836,50300.0
3,Nutrient,836,44100.0
3,Nutrient,836,49100.0
3,Nutrient,836,45600.0
3,Nutrient,836,50300.0
3,Nutrient,836,44000.0
3,Nutrient,836,49300.0
3,Nutrient,836,42800.0
3,Nutrient,836,49200.0
3,Nutrient,836,44000.0
3,Nutrient,836,49300.0
3,Nutrient,836,52100.0
3,Nutrient,836,55000.0
3,Nutrient,836,51200.0
3,Nutrient,836,54000.0
3,Nutrient,836,48900.0
3,Nutrient,836,52000.0
3,Nutrient,836,47700.0
3,Nutrient,836,51000.0
3,Nutrient,836,49500.0
3,Nutrient,836,56440.0
3,Nutrient,836,61930.0
3,Nutrient,836,42470.0
3,Nutrient,836,44300.0
3,Nutrient,836,49460.0
3,Nutrient,836,55770.0
3,Nutrient,836,47800.0
3,Nutrient,836,48300.0
3,Nutrient,836,49060.0
3,Nutrient,836,54400.0
3,Nutrient,836,53600.0
3,Nutrient,836,49600.0
3,Nutrient,836,41290.0
3,Nutrient,836,51160.0
3,Nutrient,836,51400.0
3,Nutrient,836,56400.0
3,Nutrient,836,46000.0
3,Nutrient,836,51100.0
3,Nutrient,836,54300.0
3,Nutrient,836,49500.0
3,Nutrient,836,54400.0
3,Nutrient,836,43910.0
3,Nutrient,837,38800.0
3,Nutrient,837,47400.0
3,Nutrient,837,33800.0
3,Nutrient,837,42000.0
3,Nutrient,837,36000.0
3,Nutrient,837,46000.0
3,Nutrient,837,38900.0
3,Nutrient,837,47000.0
3,Nutrient,837,34900.0
3,Nutrient,837,44000.0
3,Nutrient,837,45100.0
3,Nutrient,837,50000.0
3,Nutrient,837,40700.0
3,Nutrient,837,48100.0
3,Nutrient,837,40700.0
3,Nutrient,837,48000.0
3,Nutrient,837,34500.0
3,Nutrient,837,42000.0
3,Nutrient,837,47500.0
3,Nutrient,837,52200.0
3,Nutrient,837,40500.0
3,Nutrient,837,48300.0
3,Nutrient,837,53100.0
3,Nutrient,837,53100.0
3,Nutrient,837,52800.0
3,Nutrient,838,39800.0
3,Nutrient,838,43700.0
3,Nutrient,838,48500.0
3,Nutrient,838,52700.0
3,Nutrient,838,41300.0
3,Nutrient,838,49200.0
3,Nutrient,838,43300.0
3,Nutrient,838,40200.0
3,Nutrient,839,47070.0
3,Nutrient,840,69500.0
3,Nutrient,840,48100.0
3,Nutrient,840,43500.0
3,Nutrient,840,69500.0
3,Nutrient,841,79090.0
3,Nutrient,841,14760.0
3,Nutrient,841,76020.0
3,Nutrient,841,15950.0
3,Nutrient,841,73080.0
3,Nutrient,841,77350.0
3,Nutrient,841,79600.0
3,Nutrient,841,79910.0
3,Nutrient,841,79600.0
3,Nutrient,841,14760.0
3,Nutrient,841,12870.0
3,Nutrient,841,13000.0
3,Nutrient,841,13860.0
3,Nutrient,841,13860.0
3,Nutrient,841,12870.0
3,Nutrient,841,12870.0
3,Nutrient,841,75040.0
3,Nutrient,841,79160.0
3,Nutrient,841,77760.0
3,Nutrient,841,79160.0
3,Nutrient,841,76620.0
3,Nutrient,841,72490.0
3,Nutrient,841,75150.0
3,Nutrient,841,71980.0
3,Nutrient,842,43340.0
3,Nutrient,842,47110.0
3,Nutrient,843,43500.0
3,Nutrient,843,47300.0
3,Nutrient,844,56380.0
3,Nutrient,845,52300.0
3,Nutrient,845,56900.0
3,Nutrient,845,52300.0
3,Nutrient,846,57900.0
3,Nutrient,848,44900.0
3,Nutrient,848,65600.0
3,Nutrient,848,44900.0
3,Nutrient,848,44900.0
3,Nutrient,848,44900.0
3,Nutrient,849,0.0
3,Nutrient,850,97230.0
3,Nutrient,850,3590.0
3,Nutrient,850,83700.0
3,Nutrient,850,680.0
3,Nutrient,850,49890.0
3,Nutrient,850,10420.0
3,Nutrient,850,97570.0
3,Nutrient,850,6900.0
3,Nutrient,850,13790.0
3,Nutrient,850,12340.0
3,Nutrient,850,99100.0
3,Nutrient,850,12300.0
3,Nutrient,850,98940.0
3,Nutrient,850,12650.0
3,Nutrient,850,85900.0
3,Nutrient,850,42900.0
3,Nutrient,850,12210.0
3,Nutrient,850,39000.0
3,Nutrient,850,11320.0
3,Nutrient,850,13200.0
3,Nutrient,850,94110.0
3,Nutrient,850,9470.0
3,Nutrient,850,48860.0
3,Nutrient,850,10810.0
3,Nutrient,850,900.0
3,Nutrient,850,16030.0
3,Nutrient,850,6670.0
3,Nutrient,850,6670.0
3,Nutrient,850,88790.0
3,Nutrient,850,86850.0
3,Nutrient,850,13410.0
3,Nutrient,850,91000.0
3,Nutrient,850,300.0
3,Nutrient,851,9200.0
3,Nutrient,851,10900.0
3,Nutrient,851,4550.0
3,Nutrient,851,4120.0
3,Nutrient,851,4590.0
3,Nutrient,852,79050.0
3,Nutrient,852,11520.0
3,Nutrient,853,10200.0
3,Nutrient,853,10200.0
3,Nutrient,853,0.0
3,Nutrient,853,0.0
3,Nutrient,853,63000.0
3,Nutrient,853,63000.0
3,Nutrient,853,9900.0
3,Nutrient,853,9900.0
3,Nutrient,853,0.0
3,Nutrient,853,0.0
3,Nutrient,853,0.0
3,Nutrient,853,13300.0
3,Nutrient,853,8770.0
3,Nutrient,853,11200.0
3,Nutrient,853,0.0
3,Nutrient,853,10420.0
3,Nutrient,853,10140.0
3,Nutrient,853,150.0
3,Nutrient,853,10580.0
3,Nutrient,853,10580.0
3,Nutrient,853,5160.0
3,Nutrient,853,12300.0
3,Nutrient,853,0.0
3,Nutrient,853,10400.0
3,Nutrient,853,8800.0
3,Nutrient,853,10600.0
3,Nutrient,853,100.0
3,Nutrient,853,9560.0
3,Nutrient,853,290.0
3,Nutrient,853,100.0
3,Nutrient,853,10700.0
3,Nutrient,854,24200.0
3,Nutrient,854,24900.0
3,Nutrient,854,19700.0
3,Nutrient,854,21600.0
3,Nutrient,854,21600.0
3,Nutrient,855,21150.0
3,Nutrient,855,17750.0
3,Nutrient,855,20500.0
3,Nutrient,855,19590.0
3,Nutrient,855,18900.0
3,Nutrient,855,19030.0
3,Nutrient,855,26610.0
3,Nutrient,855,27870.0
3,Nutrient,855,26790.0
3,Nutrient,855,52900.0
3,Nutrient,856,16070.0
3,Nutrient,857,0.0
3,Nutrient,858,31490.0
3,Nutrient,858,22390.0
3,Nutrient,858,23020.0
3,Nutrient,859,31190.0
3,Nutrient,860,37140.0
3,Nutrient,861,0.0
3,Nutrient,862,7410.0
3,Nutrient,863,80020.0
3,Nutrient,863,7060.0
3,Nutrient,864,27450.0
3,Nutrient,864,31080.0
3,Nutrient,865,5000.0
3,Nutrient,865,5000.0
3,Nutrient,865,10300.0
3,Nutrient,865,10300.0
3,Nutrient,865,12800.0
3,Nutrient,865,12800.0
3,Nutrient,865,3770.0
3,Nutrient,865,4660.0
3,Nutrient,865,18170.0
3,Nutrient,865,16970.0
3,Nutrient,865,5900.0
3,Nutrient,865,72350.0
3,Nutrient,865,8520.0
3,Nutrient,865,17190.0
3,Nutrient,865,9270.0
3,Nutrient,865,22460.0
3,Nutrient,865,32520.0
3,Nutrient,865,32280.0
3,Nutrient,865,29350.0
3,Nutrient,865,24890.0
3,Nutrient,865,20030.0
3,Nutrient,865,24920.0
3,Nutrient,865,24400.0
3,Nutrient,865,23740.0
3,Nutrient,865,30750.0
3,Nutrient,865,48570.0
3,Nutrient,865,30990.0
3,Nutrient,865,7290.0
3,Nutrient,865,19150.0
3,Nutrient,865,23990.0
3,Nutrient,865,6870.0
3,Nutrient,865,4520.0
3,Nutrient,865,23860.0
3,Nutrient,865,8290.0
3,Nutrient,866,17700.0
3,Nutrient,866,22050.0
3,Nutrient,866,23030.0
3,Nutrient,867,73100.0
3,Nutrient,867,72700.0
3,Nutrient,867,16320.0
3,Nutrient,868,62720.0
3,Nutrient,868,62400.0
3,Nutrient,868,64430.0
3,Nutrient,869,76440.0
3,Nutrient,869,67930.0
3,Nutrient,869,77750.0
3,Nutrient,869,82150.0
3,Nutrient,869,74610.0
3,Nutrient,869,67690.0
3,Nutrient,869,71340.0
3,Nutrient,870,59510.0
3,Nutrient,870,72900.0
3,Nutrient,870,63810.0
3,Nutrient,870,58010.0
3,Nutrient,870,62680.0
3,Nutrient,870,63960.0
3,Nutrient,870,64800.0
3,Nutrient,870,62700.0
3,Nutrient,870,65500.0
3,Nutrient,870,60000.0
3,Nutrient,870,46150.0
3,Nutrient,870,71170.0
3,Nutrient,870,58590.0
3,Nutrient,870,54340.0
3,Nutrient,870,70970.0
3,Nutrient,870,67000.0
3,Nutrient,870,61510.0
3,Nutrient,870,64800.0
3,Nutrient,870,54150.0
3,Nutrient,870,63230.0
3,Nutrient,870,60490.0
3,Nutrient,870,52800.0
3,Nutrient,870,68490.0
3,Nutrient,870,67560.0
3,Nutrient,870,43640.0
3,Nutrient,870,64670.0
3,Nutrient,870,62990.0
3,Nutrient,870,60370.0
3,Nutrient,870,62060.0
3,Nutrient,870,62850.0
3,Nutrient,870,63900.0
3,Nutrient,870,56000.0
3,Nutrient,870,71220.0
3,Nutrient,871,54400.0
3,Nutrient,872,400.0
3,Nutrient,872,400.0
3,Nutrient,872,400.0
3,Nutrient,872,400.0
3,Nutrient,872,500.0
3,Nutrient,872,500.0
3,Nutrient,872,100.0
3,Nutrient,872,100.0
3,Nutrient,872,500.0
3,Nutrient,872,500.0
3,Nutrient,872,500.0
3,Nutrient,872,500.0
3,Nutrient,872,900.0
3,Nutrient,872,700.0
3,Nutrient,872,750.0
3,Nutrient,872,700.0
3,Nutrient,872,750.0
3,Nutrient,872,700.0
3,Nutrient,872,1530.0
3,Nutrient,872,860.0
3,Nutrient,872,0.0
3,Nutrient,872,710.0
3,Nutrient,872,1390.0
3,Nutrient,872,700.0
3,Nutrient,872,750.0
3,Nutrient,872,700.0
3,Nutrient,873,400.0
3,Nutrient,873,400.0
3,Nutrient,873,660.0
3,Nutrient,873,770.0
3,Nutrient,873,1000.0
3,Nutrient,873,690.0
3,Nutrient,873,860.0
3,Nutrient,873,0.0
3,Nutrient,873,860.0
3,Nutrient,873,2500.0
3,Nutrient,873,500.0
3,Nutrient,873,2000.0
3,Nutrient,873,4340.0
3,Nutrient,873,400.0
3,Nutrient,873,400.0
3,Nutrient,873,0.0
3,Nutrient,873,140.0
3,Nutrient,873,1980.0
3,Nutrient,873,0.0
3,Nutrient,873,7100.0
3,Nutrient,873,160.0
3,Nutrient,873,590.0
3,Nutrient,873,5710.0
3,Nutrient,873,660.0
3,Nutrient,873,690.0
3,Nutrient,873,860.0
3,Nutrient,873,0.0
3,Nutrient,873,860.0
3,Nutrient,873,0.0
3,Nutrient,873,16700.0
3,Nutrient,873,600.0
3,Nutrient,873,1000.0
3,Nutrient,874,20120.0
3,Nutrient,874,14290.0
3,Nutrient,876,25970.0
3,Nutrient,876,27750.0
3,Nutrient,877,10780.0
3,Nutrient,877,11270.0
3,Nutrient,877,74310.0
3,Nutrient,877,12840.0
3,Nutrient,877,73930.0
3,Nutrient,877,12770.0
3,Nutrient,877,11270.0
3,Nutrient,877,10780.0
3,Nutrient,878,6160.0
3,Nutrient,878,5300.0
3,Nutrient,880,56250.0
3,Nutrient,880,45200.0
3,Nutrient,880,39700.0
3,Nutrient,880,55100.0
3,Nutrient,881,38583.45
38,Nutrient,2,113.0
38,Nutrient,4,253.0
38,Nutrient,4,61.0
38,Nutrient,4,255.0
38,Nutrient,4,60.0
38,Nutrient,4,251.0
38,Nutrient,5,191.0
38,Nutrient,5,2510.0
38,Nutrient,5,117.0
38,Nutrient,5,139.0
38,Nutrient,5,341.0
38,Nutrient,5,1429.0
38,Nutrient,5,40.0
38,Nutrient,5,166.0
38,Nutrient,5,44.0
38,Nutrient,5,184.0
38,Nutrient,5,349.0
38,Nutrient,5,1460.0
38,Nutrient,5,19.0
38,Nutrient,5,78.0
38,Nutrient,5,132.0
38,Nutrient,5,554.0
38,Nutrient,5,29.0
38,Nutrient,5,121.0
38,Nutrient,5,28.0
38,Nutrient,5,118.0
38,Nutrient,5,35.0
38,Nutrient,5,148.0
38,Nutrient,5,28.0
38,Nutrient,5,118.0
38,Nutrient,5,32.0
38,Nutrient,5,135.0
38,Nutrient,5,27.0
38,Nutrient,5,112.0
38,Nutrient,5,32.0
38,Nutrient,5,133.0
38,Nutrient,5,258.0
38,Nutrient,5,1079.0
38,Nutrient,5,407.0
38,Nutrient,5,1703.0
38,Nutrient,5,42.0
38,Nutrient,5,176.0
38,Nutrient,5,26.0
38,Nutrient,5,109.0
38,Nutrient,5,26.0
38,Nutrient,5,108.0
38,Nutrient,5,332.0
38,Nutrient,5,1389.0
38,Nutrient,7,158.0
38,Nutrient,8,1462.0
38,Nutrient,8,671.0
38,Nutrient,8,331.0
38,Nutrient,8,1386.0
38,Nutrient,8,149.0
38,Nutrient,8,623.0
38,Nutrient,9,109.0
38,Nutrient,9,30.0
38,Nutrient,9,126.0
38,Nutrient,9,311.0
38,Nutrient,9,1301.0
38,Nutrient,11,2506.0
38,Nutrient,11,2533.0
38,Nutrient,11,574.0
38,Nutrient,11,2402.0
38,Nutrient,11,580.0
38,Nutrient,11,2426.0
38,Nutrient,11,553.0
38,Nutrient,11,2314.0
38,Nutrient,11,587.0
38,Nutrient,11,2456.0
38,Nutrient,11,574.0
38,Nutrient,11,2402.0
38,Nutrient,11,581.0
38,Nutrient,11,2431.0
38,Nutrient,11,587.0
38,Nutrient,11,2456.0
38,Nutrient,12,229.0
38,Nutrient,12,269.0
38,Nutrient,12,232.0
38,Nutrient,12,50.0
38,Nutrient,12,209.0
38,Nutrient,12,32.0
38,Nutrient,12,134.0
38,Nutrient,12,60.0
38,Nutrient,12,251.0
38,Nutrient,12,52.0
38,Nutrient,12,218.0
38,Nutrient,12,78.0
38,Nutrient,12,326.0
38,Nutrient,12,83.0
38,Nutrient,12,347.0
38,Nutrient,12,86.0
38,Nutrient,12,360.0
38,Nutrient,12,53.0
38,Nutrient,12,220.0
38,Nutrient,12,179.0
38,Nutrient,12,749.0
38,Nutrient,12,51.0
38,Nutrient,12,214.0
38,Nutrient,12,60.0
38,Nutrient,12,252.0
38,Nutrient,12,53.0
38,Nutrient,12,220.0
38,Nutrient,12,45.0
38,Nutrient,12,190.0
38,Nutrient,12,51.0
38,Nutrient,12,215.0
38,Nutrient,13,1344.0
38,Nutrient,13,200.0
38,Nutrient,13,305.0
38,Nutrient,13,1276.0
38,Nutrient,13,253.0
38,Nutrient,13,1059.0
38,Nutrient,13,43.0
38,Nutrient,13,180.0
38,Nutrient,14,101.0
38,Nutrient,14,423.0
38,Nutrient,15,93.0
38,Nutrient,15,392.0
38,Nutrient,15,1641.0
38,Nutrient,15,42.0
38,Nutrient,15,176.0
38,Nutrient,15,27.0
38,Nutrient,15,113.0
38,Nutrient,15,16.0
38,Nutrient,15,67.0
38,Nutrient,15,18.0
38,Nutrient,15,74.0
38,Nutrient,15,27.0
38,Nutrient,15,113.0
38,Nutrient,15,18.0
38,Nutrient,15,74.0
38,Nutrient,15,319.0
38,Nutrient,15,1334.0
38,Nutrient,16,2463.0
38,Nutrient,16,2612.0
38,Nutrient,16,2622.0
38,Nutrient,16,3700.0
38,Nutrient,16,884.0
38,Nutrient,16,3699.0
38,Nutrient,16,567.0
38,Nutrient,16,2374.0
38,Nutrient,16,318.0
38,Nutrient,16,1331.0
38,Nutrient,16,599.0
38,Nutrient,16,2506.0
38,Nutrient,16,585.0
38,Nutrient,16,2448.0
38,Nutrient,16,570.0
38,Nutrient,16,2385.0
38,Nutrient,16,579.0
38,Nutrient,16,2423.0
38,Nutrient,16,570.0
38,Nutrient,16,2385.0
38,Nutrient,16,589.0
38,Nutrient,16,2464.0
38,Nutrient,16,563.0
38,Nutrient,16,2355.0
38,Nutrient,16,578.0
38,Nutrient,16,2418.0
38,Nutrient,16,589.0
38,Nutrient,16,2464.0
38,Nutrient,16,588.0
38,Nutrient,16,2462.0
38,Nutrient,16,327.0
38,Nutrient,16,1368.0
38,Nutrient,16,428.0
38,Nutrient,16,1790.0
38,Nutrient,16,650.0
38,Nutrient,16,2720.0
38,Nutrient,16,520.0
38,Nutrient,16,2174.0
38,Nutrient,16,591.0
38,Nutrient,16,2472.0
38,Nutrient,16,593.0
38,Nutrient,16,2482.0
38,Nutrient,16,588.0
38,Nutrient,16,2462.0
38,Nutrient,16,581.0
38,Nutrient,16,2431.0
38,Nutrient,16,585.0
38,Nutrient,16,2448.0
38,Nutrient,16,579.0
38,Nutrient,16,2423.0
38,Nutrient,16,589.0
38,Nutrient,16,2464.0
38,Nutrient,16,578.0
38,Nutrient,16,2418.0
38,Nutrient,16,589.0
38,Nutrient,16,2464.0
38,Nutrient,16,588.0
38,Nutrient,16,2462.0
38,Nutrient,16,608.0
38,Nutrient,16,2542.0
38,Nutrient,16,640.0
38,Nutrient,16,2678.0
38,Nutrient,16,590.0
38,Nutrient,16,2468.0
38,Nutrient,17,72.0
38,Nutrient,17,302.0
38,Nutrient,17,88.0
38,Nutrient,17,369.0
38,Nutrient,17,88.0
38,Nutrient,17,369.0
38,Nutrient,18,438.0
38,Nutrient,18,48.0
38,Nutrient,18,201.0
38,Nutrient,19,295.0
38,Nutrient,19,1236.0
38,Nutrient,21,99.0
38,Nutrient,21,67.0
38,Nutrient,21,109.0
38,Nutrient,21,109.0
38,Nutrient,21,20.0
38,Nutrient,21,85.0
38,Nutrient,21,22.0
38,Nutrient,21,94.0
38,Nutrient,21,15.0
38,Nutrient,21,63.0
38,Nutrient,21,19.0
38,Nutrient,21,81.0
38,Nutrient,21,24.0
38,Nutrient,21,100.0
38,Nutrient,21,18.0
38,Nutrient,21,74.0
38,Nutrient,21,22.0
38,Nutrient,21,94.0
38,Nutrient,21,15.0
38,Nutrient,21,62.0
38,Nutrient,21,18.0
38,Nutrient,21,74.0
38,Nutrient,22,1544.0
38,Nutrient,22,1533.0
38,Nutrient,22,1529.0
38,Nutrient,22,1542.0
38,Nutrient,22,884.0
38,Nutrient,22,3699.0
38,Nutrient,22,246.0
38,Nutrient,22,1029.0
38,Nutrient,22,40.0
38,Nutrient,22,167.0
38,Nutrient,22,389.0
38,Nutrient,22,1628.0
38,Nutrient,22,404.0
38,Nutrient,22,1688.0
38,Nutrient,23,117.0
38,Nutrient,23,31.0
38,Nutrient,23,128.0
38,Nutrient,24,2847.0
38,Nutrient,24,656.0
38,Nutrient,24,2743.0
38,Nutrient,25,43.0
38,Nutrient,25,180.0
38,Nutrient,25,44.0
38,Nutrient,25,184.0
38,Nutrient,25,30.0
38,Nutrient,25,126.0
38,Nutrient,25,31.0
38,Nutrient,25,131.0
38,Nutrient,25,22.0
38,Nutrient,25,92.0
38,Nutrient,25,27.0
38,Nutrient,25,115.0
38,Nutrient,25,73.0
38,Nutrient,25,305.0
38,Nutrient,25,65.0
38,Nutrient,25,272.0
38,Nutrient,25,44.0
38,Nutrient,25,186.0
38,Nutrient,25,28.0
38,Nutrient,25,117.0
38,Nutrient,25,27.0
38,Nutrient,25,113.0
38,Nutrient,26,21.0
38,Nutrient,26,88.0
38,Nutrient,26,25.0
38,Nutrient,26,105.0
38,Nutrient,26,25.0
38,Nutrient,26,105.0
38,Nutrient,27,26.0
38,Nutrient,27,109.0
38,Nutrient,27,15.0
38,Nutrient,27,63.0
38,Nutrient,27,20.0
38,Nutrient,27,84.0
38,Nutrient,27,19.0
38,Nutrient,27,78.0
38,Nutrient,27,15.0
38,Nutrient,27,63.0
38,Nutrient,27,19.0
38,Nutrient,27,78.0
38,Nutrient,27,28.0
38,Nutrient,27,116.0
38,Nutrient,28,141.0
38,Nutrient,28,36.0
38,Nutrient,28,151.0
38,Nutrient,28,39.0
38,Nutrient,28,163.0
38,Nutrient,28,39.0
38,Nutrient,28,163.0
38,Nutrient,29,3700.0
38,Nutrient,29,3700.0
38,Nutrient,30,318.0
38,Nutrient,30,82.0
38,Nutrient,30,125.0
38,Nutrient,30,113.0
38,Nutrient,30,126.0
38,Nutrient,30,25.0
38,Nutrient,30,103.0
38,Nutrient,30,23.0
38,Nutrient,30,97.0
38,Nutrient,30,31.0
38,Nutrient,30,130.0
38,Nutrient,30,29.0
38,Nutrient,30,122.0
38,Nutrient,30,27.0
38,Nutrient,30,113.0
38,Nutrient,30,24.0
38,Nutrient,30,100.0
38,Nutrient,30,50.0
38,Nutrient,30,208.0
38,Nutrient,30,19.0
38,Nutrient,30,78.0
38,Nutrient,30,24.0
38,Nutrient,30,100.0
38,Nutrient,30,24.0
38,Nutrient,30,100.0
38,Nutrient,30,23.0
38,Nutrient,30,97.0
38,Nutrient,30,29.0
38,Nutrient,30,122.0
38,Nutrient,30,24.0
38,Nutrient,30,100.0
38,Nutrient,30,12.0
38,Nutrient,30,50.0
38,Nutrient,30,22.0
38,Nutrient,30,92.0
38,Nutrient,31,116.0
38,Nutrient,31,99.0
38,Nutrient,31,116.0
38,Nutrient,31,132.0
38,Nutrient,31,25.0
38,Nutrient,31,104.0
38,Nutrient,31,23.0
38,Nutrient,31,96.0
38,Nutrient,31,24.0
38,Nutrient,31,100.0
38,Nutrient,31,19.0
38,Nutrient,31,80.0
38,Nutrient,31,23.0
38,Nutrient,31,96.0
38,Nutrient,31,17.0
38,Nutrient,31,71.0
38,Nutrient,31,31.0
38,Nutrient,31,130.0
38,Nutrient,31,32.0
38,Nutrient,31,136.0
38,Nutrient,31,32.0
38,Nutrient,31,136.0
38,Nutrient,32,196.0
38,Nutrient,32,242.0
38,Nutrient,32,221.0
38,Nutrient,32,213.0
38,Nutrient,32,43.0
38,Nutrient,32,179.0
38,Nutrient,32,36.0
38,Nutrient,32,150.0
38,Nutrient,32,41.0
38,Nutrient,32,170.0
38,Nutrient,32,42.0
38,Nutrient,32,175.0
38,Nutrient,32,36.0
38,Nutrient,32,150.0
38,Nutrient,32,42.0
38,Nutrient,32,176.0
38,Nutrient,33,106.0
38,Nutrient,33,27.0
38,Nutrient,33,113.0
38,Nutrient,33,29.0
38,Nutrient,33,121.0
38,Nutrient,33,29.0
38,Nutrient,33,121.0
38,Nutrient,34,148.0
38,Nutrient,34,113.0
38,Nutrient,34,187.0
38,Nutrient,34,34.0
38,Nutrient,34,141.0
38,Nutrient,34,35.0
38,Nutrient,34,146.0
38,Nutrient,34,26.0
38,Nutrient,34,110.0
38,Nutrient,34,28.0
38,Nutrient,34,117.0
38,Nutrient,34,29.0
38,Nutrient,34,121.0
38,Nutrient,34,28.0
38,Nutrient,34,116.0
38,Nutrient,34,28.0
38,Nutrient,34,117.0
38,Nutrient,34,28.0
38,Nutrient,34,117.0
38,Nutrient,34,28.0
38,Nutrient,34,117.0
38,Nutrient,34,35.0
38,Nutrient,34,146.0
38,Nutrient,34,28.0
38,Nutrient,34,117.0
38,Nutrient,34,28.0
38,Nutrient,34,117.0
38,Nutrient,35,75.0
38,Nutrient,35,30.0
38,Nutrient,35,125.0
38,Nutrient,36,110.0
38,Nutrient,36,28.0
38,Nutrient,36,117.0
38,Nutrient,36,22.0
38,Nutrient,36,92.0
38,Nutrient,36,16.0
38,Nutrient,36,67.0
38,Nutrient,36,23.0
38,Nutrient,36,96.0
38,Nutrient,36,32.0
38,Nutrient,36,132.0
38,Nutrient,36,20.0
38,Nutrient,36,84.0
38,Nutrient,36,14.0
38,Nutrient,36,59.0
38,Nutrient,36,22.0
38,Nutrient,36,92.0
38,Nutrient,36,29.0
38,Nutrient,36,123.0
38,Nutrient,36,21.0
38,Nutrient,36,88.0
38,Nutrient,36,35.0
38,Nutrient,36,146.0
38,Nutrient,36,22.0
38,Nutrient,36,92.0
38,Nutrient,36,21.0
38,Nutrient,36,87.0
38,Nutrient,36,20.0
38,Nutrient,36,85.0
38,Nutrient,36,29.0
38,Nutrient,36,123.0
38,Nutrient,36,34.0
38,Nutrient,36,144.0
38,Nutrient,36,19.0
38,Nutrient,36,81.0
38,Nutrient,37,136.0
38,Nutrient,37,569.0
38,Nutrient,37,111.0
38,Nutrient,37,464.0
38,Nutrient,37,111.0
38,Nutrient,37,464.0
38,Nutrient,37,343.0
38,Nutrient,37,1435.0
38,Nutrient,37,121.0
38,Nutrient,37,506.0
38,Nutrient,37,121.0
38,Nutrient,37,506.0
38,Nutrient,38,961.0
38,Nutrient,38,2.0
38,Nutrient,38,36.0
38,Nutrient,38,152.0
38,Nutrient,38,1.0
38,Nutrient,38,4.0
38,Nutrient,38,315.0
38,Nutrient,38,1320.0
38,Nutrient,38,1.0
38,Nutrient,38,4.0
38,Nutrient,38,338.0
38,Nutrient,38,1412.0
38,Nutrient,38,385.0
38,Nutrient,38,1611.0
38,Nutrient,38,315.0
38,Nutrient,38,1320.0
38,Nutrient,38,1.0
38,Nutrient,38,4.0
38,Nutrient,38,345.0
38,Nutrient,38,1445.0
38,Nutrient,38,401.0
38,Nutrient,38,1679.0
38,Nutrient,38,35.0
38,Nutrient,38,147.0
38,Nutrient,38,338.0
38,Nutrient,38,1412.0
38,Nutrient,38,2.0
38,Nutrient,38,7.0
38,Nutrient,38,1.0
38,Nutrient,38,4.0
38,Nutrient,38,39.0
38,Nutrient,38,164.0
38,Nutrient,38,35.0
38,Nutrient,38,147.0
38,Nutrient,38,1.0
38,Nutrient,38,4.0
38,Nutrient,38,1.0
38,Nutrient,38,4.0
38,Nutrient,38,385.0
38,Nutrient,38,1611.0
38,Nutrient,38,1.0
38,Nutrient,38,4.0
38,Nutrient,39,23.0
38,Nutrient,39,96.0
38,Nutrient,40,112.0
38,Nutrient,40,187.0
38,Nutrient,40,80.0
38,Nutrient,40,88.0
38,Nutrient,40,127.0
38,Nutrient,40,1285.0
38,Nutrient,40,282.0
38,Nutrient,40,1179.0
38,Nutrient,40,282.0
38,Nutrient,40,1181.0
38,Nutrient,40,318.0
38,Nutrient,40,1331.0
38,Nutrient,40,21.0
38,Nutrient,40,88.0
38,Nutrient,40,20.0
38,Nutrient,40,84.0
38,Nutrient,40,28.0
38,Nutrient,40,117.0
38,Nutrient,40,18.0
38,Nutrient,40,75.0
38,Nutrient,40,20.0
38,Nutrient,40,84.0
38,Nutrient,40,18.0
38,Nutrient,40,75.0
38,Nutrient,40,127.0
38,Nutrient,40,530.0
38,Nutrient,40,27.0
38,Nutrient,40,113.0
38,Nutrient,40,314.0
38,Nutrient,40,1314.0
38,Nutrient,40,40.0
38,Nutrient,40,167.0
38,Nutrient,40,40.0
38,Nutrient,40,166.0
38,Nutrient,40,21.0
38,Nutrient,40,88.0
38,Nutrient,40,31.0
38,Nutrient,40,129.0
38,Nutrient,40,26.0
38,Nutrient,40,108.0
38,Nutrient,40,28.0
38,Nutrient,40,117.0
38,Nutrient,40,26.0
38,Nutrient,40,108.0
38,Nutrient,40,16.0
38,Nutrient,40,65.0
38,Nutrient,40,18.0
38,Nutrient,40,75.0
38,Nutrient,40,20.0
38,Nutrient,40,84.0
38,Nutrient,40,16.0
38,Nutrient,40,65.0
38,Nutrient,40,16.0
38,Nutrient,40,65.0
38,Nutrient,40,133.0
38,Nutrient,40,555.0
38,Nutrient,40,314.0
38,Nutrient,40,1314.0
38,Nutrient,40,23.0
38,Nutrient,40,96.0
38,Nutrient,40,27.0
38,Nutrient,40,112.0
38,Nutrient,40,324.0
38,Nutrient,40,1356.0
38,Nutrient,40,27.0
38,Nutrient,40,113.0
38,Nutrient,40,32.0
38,Nutrient,40,134.0
38,Nutrient,40,281.0
38,Nutrient,40,1176.0
38,Nutrient,40,29.0
38,Nutrient,40,119.0
38,Nutrient,40,21.0
38,Nutrient,40,88.0
38,Nutrient,40,29.0
38,Nutrient,40,123.0
38,Nutrient,40,345.0
38,Nutrient,40,1443.0
38,Nutrient,41,208.0
38,Nutrient,41,43.0
38,Nutrient,41,179.0
38,Nutrient,41,206.0
38,Nutrient,41,862.0
38,Nutrient,41,57.0
38,Nutrient,41,238.0
38,Nutrient,42,3700.0
38,Nutrient,42,3700.0
38,Nutrient,42,884.0
38,Nutrient,42,3699.0
38,Nutrient,42,884.0
38,Nutrient,42,3699.0
38,Nutrient,42,517.0
38,Nutrient,42,2163.0
38,Nutrient,42,342.0
38,Nutrient,42,1431.0
38,Nutrient,43,333.0
38,Nutrient,43,1393.0
38,Nutrient,44,2970.0
38,Nutrient,44,3057.0
38,Nutrient,44,3074.0
38,Nutrient,44,691.0
38,Nutrient,44,2889.0
38,Nutrient,44,710.0
38,Nutrient,44,2969.0
38,Nutrient,44,715.0
38,Nutrient,44,2990.0
38,Nutrient,44,710.0
38,Nutrient,44,2969.0
38,Nutrient,44,715.0
38,Nutrient,44,2990.0
38,Nutrient,45,765.0
38,Nutrient,47,1540.0
38,Nutrient,47,364.0
38,Nutrient,47,1525.0
38,Nutrient,47,164.0
38,Nutrient,47,686.0
38,Nutrient,47,88.0
38,Nutrient,47,369.0
38,Nutrient,47,387.0
38,Nutrient,47,1619.0
38,Nutrient,47,164.0
38,Nutrient,47,686.0
38,Nutrient,47,139.0
38,Nutrient,47,583.0
38,Nutrient,47,138.0
38,Nutrient,47,578.0
38,Nutrient,48,59.0
38,Nutrient,48,78.0
38,Nutrient,48,17.0
38,Nutrient,48,71.0
38,Nutrient,49,103.0
38,Nutrient,49,81.0
38,Nutrient,49,17.0
38,Nutrient,49,71.0
38,Nutrient,49,23.0
38,Nutrient,49,96.0
38,Nutrient,49,72.0
38,Nutrient,49,303.0
38,Nutrient,49,23.0
38,Nutrient,49,96.0
38,Nutrient,50,247.0
38,Nutrient,50,1035.0
38,Nutrient,52,159.0
38,Nutrient,52,30.0
38,Nutrient,52,127.0
38,Nutrient,52,557.0
38,Nutrient,52,2330.0
38,Nutrient,53,173.0
38,Nutrient,54,153.0
38,Nutrient,54,213.0
38,Nutrient,54,132.0
38,Nutrient,54,29.0
38,Nutrient,54,121.0
38,Nutrient,54,22.0
38,Nutrient,54,91.0
38,Nutrient,54,21.0
38,Nutrient,54,88.0
38,Nutrient,54,22.0
38,Nutrient,54,92.0
38,Nutrient,54,47.0
38,Nutrient,54,197.0
38,Nutrient,55,38.0
38,Nutrient,55,159.0
38,Nutrient,56,257.0
38,Nutrient,56,201.0
38,Nutrient,56,53.0
38,Nutrient,56,223.0
38,Nutrient,56,37.0
38,Nutrient,56,155.0
38,Nutrient,56,61.0
38,Nutrient,56,255.0
38,Nutrient,56,43.0
38,Nutrient,56,180.0
38,Nutrient,56,50.0
38,Nutrient,56,209.0
38,Nutrient,56,161.0
38,Nutrient,56,674.0
38,Nutrient,56,46.0
38,Nutrient,56,192.0
38,Nutrient,56,38.0
38,Nutrient,56,158.0
38,Nutrient,56,47.0
38,Nutrient,56,198.0
38,Nutrient,57,858.0
38,Nutrient,57,180.0
38,Nutrient,57,215.0
38,Nutrient,57,47.0
38,Nutrient,57,197.0
38,Nutrient,57,49.0
38,Nutrient,57,205.0
38,Nutrient,57,49.0
38,Nutrient,57,207.0
38,Nutrient,57,46.0
38,Nutrient,57,192.0
38,Nutrient,57,63.0
38,Nutrient,57,262.0
38,Nutrient,57,45.0
38,Nutrient,57,188.0
38,Nutrient,57,47.0
38,Nutrient,57,196.0
38,Nutrient,57,49.0
38,Nutrient,57,203.0
38,Nutrient,57,47.0
38,Nutrient,57,199.0
38,Nutrient,57,47.0
38,Nutrient,57,199.0
38,Nutrient,57,159.0
38,Nutrient,57,665.0
38,Nutrient,57,45.0
38,Nutrient,57,188.0
38,Nutrient,57,97.0
38,Nutrient,57,405.0
38,Nutrient,57,246.0
38,Nutrient,57,1029.0
38,Nutrient,58,1660.0
38,Nutrient,58,2.0
38,Nutrient,58,1497.0
38,Nutrient,58,8.0
38,Nutrient,58,1271.0
38,Nutrient,58,7.0
38,Nutrient,58,0.0
38,Nutrient,58,1.0
38,Nutrient,58,0.0
38,Nutrient,58,1.0
38,Nutrient,58,350.0
38,Nutrient,58,1464.0
38,Nutrient,58,1.0
38,Nutrient,58,2.0
38,Nutrient,58,2.0
38,Nutrient,58,8.0
38,Nutrient,58,241.0
38,Nutrient,58,1008.0
38,Nutrient,58,2.0
38,Nutrient,58,7.0
38,Nutrient,58,224.0
38,Nutrient,58,937.0
38,Nutrient,58,2.0
38,Nutrient,58,9.0
38,Nutrient,58,460.0
38,Nutrient,58,1925.0
38,Nutrient,58,406.0
38,Nutrient,58,1699.0
38,Nutrient,58,484.0
38,Nutrient,58,2027.0
38,Nutrient,58,509.0
38,Nutrient,58,2132.0
38,Nutrient,61,1426.0
38,Nutrient,61,1342.0
38,Nutrient,61,92.0
38,Nutrient,61,279.0
38,Nutrient,61,1167.0
38,Nutrient,61,298.0
38,Nutrient,61,1245.0
38,Nutrient,61,23.0
38,Nutrient,61,95.0
38,Nutrient,63,310.0
38,Nutrient,63,1298.0
38,Nutrient,64,152.0
38,Nutrient,64,96.0
38,Nutrient,64,107.0
38,Nutrient,64,34.0
38,Nutrient,64,141.0
38,Nutrient,64,28.0
38,Nutrient,64,118.0
38,Nutrient,64,36.0
38,Nutrient,64,150.0
38,Nutrient,64,33.0
38,Nutrient,64,138.0
38,Nutrient,64,21.0
38,Nutrient,64,90.0
38,Nutrient,65,312.0
38,Nutrient,65,65.0
38,Nutrient,65,45.0
38,Nutrient,65,70.0
38,Nutrient,65,296.0
38,Nutrient,65,41.0
38,Nutrient,65,15.0
38,Nutrient,65,65.0
38,Nutrient,65,12.0
38,Nutrient,65,52.0
38,Nutrient,65,12.0
38,Nutrient,65,50.0
38,Nutrient,65,91.0
38,Nutrient,65,379.0
38,Nutrient,65,11.0
38,Nutrient,65,44.0
38,Nutrient,65,11.0
38,Nutrient,65,44.0
38,Nutrient,65,18.0
38,Nutrient,65,75.0
38,Nutrient,65,122.0
38,Nutrient,65,511.0
38,Nutrient,66,438.0
38,Nutrient,66,75.0
38,Nutrient,66,67.0
38,Nutrient,66,67.0
38,Nutrient,66,15.0
38,Nutrient,66,63.0
38,Nutrient,66,15.0
38,Nutrient,66,63.0
38,Nutrient,66,19.0
38,Nutrient,66,79.0
38,Nutrient,66,21.0
38,Nutrient,66,88.0
38,Nutrient,66,26.0
38,Nutrient,66,109.0
38,Nutrient,66,20.0
38,Nutrient,66,83.0
38,Nutrient,66,34.0
38,Nutrient,66,142.0
38,Nutrient,66,104.0
38,Nutrient,66,435.0
38,Nutrient,66,19.0
38,Nutrient,66,78.0
38,Nutrient,66,23.0
38,Nutrient,66,96.0
38,Nutrient,66,13.0
38,Nutrient,66,54.0
38,Nutrient,66,20.0
38,Nutrient,66,84.0
38,Nutrient,66,25.0
38,Nutrient,66,105.0
38,Nutrient,66,18.0
38,Nutrient,66,75.0
38,Nutrient,66,16.0
38,Nutrient,66,67.0
38,Nutrient,66,17.0
38,Nutrient,66,70.0
38,Nutrient,66,15.0
38,Nutrient,66,64.0
38,Nutrient,66,17.0
38,Nutrient,66,71.0
38,Nutrient,66,17.0
38,Nutrient,66,71.0
38,Nutrient,66,29.0
38,Nutrient,66,121.0
38,Nutrient,66,31.0
38,Nutrient,66,130.0
38,Nutrient,66,27.0
38,Nutrient,66,113.0
38,Nutrient,66,16.0
38,Nutrient,66,69.0
38,Nutrient,66,20.0
38,Nutrient,66,84.0
38,Nutrient,66,34.0
38,Nutrient,66,143.0
38,Nutrient,66,37.0
38,Nutrient,66,154.0
38,Nutrient,66,20.0
38,Nutrient,66,83.0
38,Nutrient,66,34.0
38,Nutrient,66,142.0
38,Nutrient,66,15.0
38,Nutrient,66,61.0
38,Nutrient,66,21.0
38,Nutrient,66,88.0
38,Nutrient,66,20.0
38,Nutrient,66,84.0
38,Nutrient,66,19.0
38,Nutrient,66,81.0
38,Nutrient,66,25.0
38,Nutrient,66,105.0
38,Nutrient,66,16.0
38,Nutrient,66,67.0
38,Nutrient,66,15.0
38,Nutrient,66,64.0
38,Nutrient,66,14.0
38,Nutrient,66,61.0
38,Nutrient,66,37.0
38,Nutrient,66,154.0
38,Nutrient,66,27.0
38,Nutrient,66,113.0
38,Nutrient,66,21.0
38,Nutrient,66,88.0
38,Nutrient,66,559.0
38,Nutrient,66,2339.0
38,Nutrient,66,574.0
38,Nutrient,66,2401.0
38,Nutrient,66,446.0
38,Nutrient,66,1866.0
38,Nutrient,66,574.0
38,Nutrient,66,2401.0
38,Nutrient,66,446.0
38,Nutrient,66,1866.0
38,Nutrient,67,375.0
38,Nutrient,67,1567.0
38,Nutrient,68,354.0
38,Nutrient,68,1481.0
38,Nutrient,69,254.0
38,Nutrient,69,57.0
38,Nutrient,69,238.0
38,Nutrient,70,99.0
38,Nutrient,70,414.0
38,Nutrient,71,193.0
38,Nutrient,71,47.0
38,Nutrient,71,197.0
38,Nutrient,71,53.0
38,Nutrient,71,220.0
38,Nutrient,71,38.0
38,Nutrient,71,159.0
38,Nutrient,71,45.0
38,Nutrient,71,188.0
38,Nutrient,71,51.0
38,Nutrient,71,211.0
38,Nutrient,71,45.0
38,Nutrient,71,188.0
38,Nutrient,245,175.0
38,Nutrient,245,98.0
38,Nutrient,245,150.0
38,Nutrient,245,163.0
38,Nutrient,245,162.0
38,Nutrient,245,109.0
38,Nutrient,245,41.0
38,Nutrient,245,173.0
38,Nutrient,245,35.0
38,Nutrient,245,147.0
38,Nutrient,245,23.0
38,Nutrient,245,96.0
38,Nutrient,245,25.0
38,Nutrient,245,105.0
38,Nutrient,245,36.0
38,Nutrient,245,152.0
38,Nutrient,245,37.0
38,Nutrient,245,155.0
38,Nutrient,245,40.0
38,Nutrient,245,165.0
38,Nutrient,245,341.0
38,Nutrient,245,1427.0
38,Nutrient,245,35.0
38,Nutrient,245,147.0
38,Nutrient,245,23.0
38,Nutrient,245,98.0
38,Nutrient,245,25.0
38,Nutrient,245,105.0
38,Nutrient,245,37.0
38,Nutrient,245,155.0
38,Nutrient,245,35.0
38,Nutrient,245,145.0
38,Nutrient,73,70.0
38,Nutrient,73,293.0
38,Nutrient,73,274.0
38,Nutrient,73,1146.0
38,Nutrient,74,311.0
38,Nutrient,74,1303.0
38,Nutrient,76,205.0
38,Nutrient,76,47.0
38,Nutrient,76,197.0
38,Nutrient,77,25.0
38,Nutrient,77,105.0
38,Nutrient,79,1495.0
38,Nutrient,79,1507.0
38,Nutrient,79,1531.0
38,Nutrient,79,343.0
38,Nutrient,79,1435.0
38,Nutrient,79,346.0
38,Nutrient,79,1448.0
38,Nutrient,79,92.0
38,Nutrient,79,385.0
38,Nutrient,79,335.0
38,Nutrient,79,1402.0
38,Nutrient,81,1092.0
38,Nutrient,81,325.0
38,Nutrient,81,1335.0
38,Nutrient,81,74.0
38,Nutrient,81,310.0
38,Nutrient,81,53.0
38,Nutrient,81,222.0
38,Nutrient,81,69.0
38,Nutrient,81,289.0
38,Nutrient,81,88.0
38,Nutrient,81,368.0
38,Nutrient,81,107.0
38,Nutrient,81,448.0
38,Nutrient,81,249.0
38,Nutrient,81,1041.0
38,Nutrient,81,107.0
38,Nutrient,81,449.0
38,Nutrient,82,1351.0
38,Nutrient,82,98.0
38,Nutrient,82,345.0
38,Nutrient,82,1443.0
38,Nutrient,82,31.0
38,Nutrient,82,130.0
38,Nutrient,83,934.0
38,Nutrient,83,371.0
38,Nutrient,83,356.0
38,Nutrient,83,146.0
38,Nutrient,83,724.0
38,Nutrient,83,146.0
38,Nutrient,83,857.0
38,Nutrient,83,170.0
38,Nutrient,83,32.0
38,Nutrient,83,136.0
38,Nutrient,83,92.0
38,Nutrient,83,385.0
38,Nutrient,83,35.0
38,Nutrient,83,146.0
38,Nutrient,83,78.0
38,Nutrient,83,326.0
38,Nutrient,83,96.0
38,Nutrient,83,402.0
38,Nutrient,85,1718.0
38,Nutrient,85,72.0
38,Nutrient,85,240.0
38,Nutrient,85,1879.0
38,Nutrient,85,3700.0
38,Nutrient,85,884.0
38,Nutrient,85,3699.0
38,Nutrient,85,884.0
38,Nutrient,85,3699.0
38,Nutrient,85,763.0
38,Nutrient,85,3192.0
38,Nutrient,85,884.0
38,Nutrient,85,3699.0
38,Nutrient,85,884.0
38,Nutrient,85,3699.0
38,Nutrient,85,884.0
38,Nutrient,85,3699.0
38,Nutrient,85,884.0
38,Nutrient,85,3699.0
38,Nutrient,85,884.0
38,Nutrient,85,3699.0
38,Nutrient,85,884.0
38,Nutrient,85,3699.0
38,Nutrient,85,884.0
38,Nutrient,85,3699.0
38,Nutrient,85,900.0
38,Nutrient,85,3766.0
38,Nutrient,85,884.0
38,Nutrient,85,3699.0
38,Nutrient,85,884.0
38,Nutrient,85,3699.0
38,Nutrient,85,147.0
38,Nutrient,85,614.0
38,Nutrient,85,141.0
38,Nutrient,85,590.0
38,Nutrient,85,122.0
38,Nutrient,85,510.0
38,Nutrient,85,81.0
38,Nutrient,85,339.0
38,Nutrient,85,125.0
38,Nutrient,85,523.0
38,Nutrient,85,141.0
38,Nutrient,85,592.0
38,Nutrient,85,81.0
38,Nutrient,85,340.0
38,Nutrient,85,125.0
38,Nutrient,85,523.0
38,Nutrient,85,446.0
38,Nutrient,85,1866.0
38,Nutrient,85,173.0
38,Nutrient,85,725.0
38,Nutrient,85,471.0
38,Nutrient,85,1972.0
38,Nutrient,85,451.0
38,Nutrient,85,1889.0
38,Nutrient,85,436.0
38,Nutrient,85,1824.0
38,Nutrient,85,441.0
38,Nutrient,85,1844.0
38,Nutrient,85,330.0
38,Nutrient,85,1379.0
38,Nutrient,85,375.0
38,Nutrient,85,1567.0
38,Nutrient,85,339.0
38,Nutrient,85,1418.0
38,Nutrient,85,173.0
38,Nutrient,85,725.0
38,Nutrient,85,471.0
38,Nutrient,85,1972.0
38,Nutrient,85,434.0
38,Nutrient,85,1816.0
38,Nutrient,85,439.0
38,Nutrient,85,1837.0
38,Nutrient,85,372.0
38,Nutrient,85,1557.0
38,Nutrient,85,369.0
38,Nutrient,85,1546.0
38,Nutrient,85,337.0
38,Nutrient,85,1410.0
38,Nutrient,86,3700.0
38,Nutrient,86,2691.0
38,Nutrient,86,884.0
38,Nutrient,86,3699.0
38,Nutrient,86,884.0
38,Nutrient,86,3699.0
38,Nutrient,86,884.0
38,Nutrient,86,3699.0
38,Nutrient,86,884.0
38,Nutrient,86,3699.0
38,Nutrient,86,884.0
38,Nutrient,86,3699.0
38,Nutrient,86,584.0
38,Nutrient,86,2445.0
38,Nutrient,86,582.0
38,Nutrient,86,2435.0
38,Nutrient,86,592.0
38,Nutrient,86,2477.0
38,Nutrient,86,619.0
38,Nutrient,86,2590.0
38,Nutrient,86,617.0
38,Nutrient,86,2581.0
38,Nutrient,86,326.0
38,Nutrient,86,1364.0
38,Nutrient,86,582.0
38,Nutrient,86,2435.0
38,Nutrient,86,592.0
38,Nutrient,86,2477.0
38,Nutrient,86,619.0
38,Nutrient,86,2590.0
38,Nutrient,86,617.0
38,Nutrient,86,2581.0
38,Nutrient,88,1423.0
38,Nutrient,88,1467.0
38,Nutrient,88,354.0
38,Nutrient,88,1481.0
38,Nutrient,88,352.0
38,Nutrient,88,1473.0
38,Nutrient,88,123.0
38,Nutrient,88,515.0
38,Nutrient,88,345.0
38,Nutrient,88,1443.0
38,Nutrient,88,361.0
38,Nutrient,88,1510.0
38,Nutrient,91,19.0
38,Nutrient,91,79.0
38,Nutrient,91,20.0
38,Nutrient,91,84.0
38,Nutrient,91,20.0
38,Nutrient,91,84.0
38,Nutrient,92,298.0
38,Nutrient,92,35.0
38,Nutrient,92,147.0
38,Nutrient,92,34.0
38,Nutrient,92,142.0
38,Nutrient,92,86.0
38,Nutrient,92,359.0
38,Nutrient,92,90.0
38,Nutrient,92,378.0
38,Nutrient,92,76.0
38,Nutrient,92,320.0
38,Nutrient,92,91.0
38,Nutrient,92,382.0
38,Nutrient,92,101.0
38,Nutrient,92,421.0
38,Nutrient,92,96.0
38,Nutrient,92,401.0
38,Nutrient,92,100.0
38,Nutrient,92,419.0
38,Nutrient,92,89.0
38,Nutrient,92,372.0
38,Nutrient,92,108.0
38,Nutrient,92,454.0
38,Nutrient,92,144.0
38,Nutrient,92,603.0
38,Nutrient,92,34.0
38,Nutrient,92,142.0
38,Nutrient,92,92.0
38,Nutrient,92,386.0
38,Nutrient,92,76.0
38,Nutrient,92,320.0
38,Nutrient,92,100.0
38,Nutrient,92,419.0
38,Nutrient,93,618.0
38,Nutrient,93,2584.0
38,Nutrient,94,654.0
38,Nutrient,94,2738.0
38,Nutrient,95,93.0
38,Nutrient,95,69.0
38,Nutrient,95,65.0
38,Nutrient,95,67.0
38,Nutrient,95,18.0
38,Nutrient,95,75.0
38,Nutrient,95,13.0
38,Nutrient,95,55.0
38,Nutrient,95,17.0
38,Nutrient,95,72.0
38,Nutrient,95,14.0
38,Nutrient,95,58.0
38,Nutrient,95,15.0
38,Nutrient,95,62.0
38,Nutrient,95,16.0
38,Nutrient,95,68.0
38,Nutrient,97,313.0
38,Nutrient,97,1312.0
38,Nutrient,98,1422.0
38,Nutrient,98,1468.0
38,Nutrient,98,1510.0
38,Nutrient,98,523.0
38,Nutrient,98,106.0
38,Nutrient,98,444.0
38,Nutrient,98,101.0
38,Nutrient,98,423.0
38,Nutrient,98,101.0
38,Nutrient,98,423.0
38,Nutrient,98,353.0
38,Nutrient,98,1477.0
38,Nutrient,98,116.0
38,Nutrient,98,487.0
38,Nutrient,98,345.0
38,Nutrient,98,1445.0
38,Nutrient,98,114.0
38,Nutrient,98,477.0
38,Nutrient,99,99.0
38,Nutrient,99,32.0
38,Nutrient,99,134.0
38,Nutrient,99,23.0
38,Nutrient,99,96.0
38,Nutrient,99,23.0
38,Nutrient,99,96.0
38,Nutrient,101,3700.0
38,Nutrient,101,2024.0
38,Nutrient,101,878.0
38,Nutrient,101,3675.0
38,Nutrient,101,534.0
38,Nutrient,101,2234.0
38,Nutrient,101,884.0
38,Nutrient,101,3700.0
38,Nutrient,103,297.0
38,Nutrient,103,66.0
38,Nutrient,103,276.0
38,Nutrient,103,277.0
38,Nutrient,103,1159.0
38,Nutrient,105,1030.0
38,Nutrient,105,179.0
38,Nutrient,105,192.0
38,Nutrient,105,1068.0
38,Nutrient,105,246.0
38,Nutrient,105,216.0
38,Nutrient,105,52.0
38,Nutrient,105,218.0
38,Nutrient,105,48.0
38,Nutrient,105,200.0
38,Nutrient,105,53.0
38,Nutrient,105,222.0
38,Nutrient,105,56.0
38,Nutrient,105,234.0
38,Nutrient,105,67.0
38,Nutrient,105,280.0
38,Nutrient,105,67.0
38,Nutrient,105,280.0
38,Nutrient,105,346.0
38,Nutrient,105,1448.0
38,Nutrient,105,74.0
38,Nutrient,105,310.0
38,Nutrient,105,243.0
38,Nutrient,105,1017.0
38,Nutrient,105,57.0
38,Nutrient,105,238.0
38,Nutrient,105,83.0
38,Nutrient,105,347.0
38,Nutrient,105,48.0
38,Nutrient,105,201.0
38,Nutrient,105,47.0
38,Nutrient,105,197.0
38,Nutrient,105,46.0
38,Nutrient,105,191.0
38,Nutrient,105,166.0
38,Nutrient,105,695.0
38,Nutrient,105,47.0
38,Nutrient,105,197.0
38,Nutrient,105,42.0
38,Nutrient,105,176.0
38,Nutrient,105,68.0
38,Nutrient,105,283.0
38,Nutrient,105,46.0
38,Nutrient,105,191.0
38,Nutrient,105,42.0
38,Nutrient,105,176.0
38,Nutrient,105,76.0
38,Nutrient,105,318.0
38,Nutrient,105,166.0
38,Nutrient,105,695.0
38,Nutrient,105,47.0
38,Nutrient,105,197.0
38,Nutrient,105,173.0
38,Nutrient,105,724.0
38,Nutrient,105,48.0
38,Nutrient,105,203.0
38,Nutrient,105,111.0
38,Nutrient,105,464.0
38,Nutrient,106,282.0
38,Nutrient,106,60.0
38,Nutrient,106,250.0
38,Nutrient,106,51.0
38,Nutrient,106,212.0
38,Nutrient,112,44.0
38,Nutrient,112,184.0
38,Nutrient,112,285.0
38,Nutrient,112,1192.0
38,Nutrient,113,70.0
38,Nutrient,113,293.0
38,Nutrient,115,30.0
38,Nutrient,115,126.0
38,Nutrient,115,34.0
38,Nutrient,115,144.0
38,Nutrient,115,17.0
38,Nutrient,115,71.0
38,Nutrient,115,19.0
38,Nutrient,115,79.0
38,Nutrient,115,32.0
38,Nutrient,115,136.0
38,Nutrient,115,19.0
38,Nutrient,115,79.0
38,Nutrient,117,43.0
38,Nutrient,117,180.0
38,Nutrient,118,2093.0
38,Nutrient,118,475.0
38,Nutrient,118,1989.0
38,Nutrient,118,525.0
38,Nutrient,118,2196.0
38,Nutrient,118,884.0
38,Nutrient,118,3699.0
38,Nutrient,119,233.0
38,Nutrient,119,976.0
38,Nutrient,119,23.0
38,Nutrient,119,94.0
38,Nutrient,121,3700.0
38,Nutrient,121,465.0
38,Nutrient,121,558.0
38,Nutrient,121,1476.0
38,Nutrient,121,884.0
38,Nutrient,121,3699.0
38,Nutrient,121,115.0
38,Nutrient,121,481.0
38,Nutrient,121,81.0
38,Nutrient,121,339.0
38,Nutrient,121,145.0
38,Nutrient,121,609.0
38,Nutrient,122,271.0
38,Nutrient,122,1136.0
38,Nutrient,124,265.0
38,Nutrient,124,1107.0
38,Nutrient,125,1657.0
38,Nutrient,125,1527.0
38,Nutrient,125,1536.0
38,Nutrient,125,1528.0
38,Nutrient,125,1459.0
38,Nutrient,125,1541.0
38,Nutrient,125,1526.0
38,Nutrient,125,1524.0
38,Nutrient,125,884.0
38,Nutrient,125,3699.0
38,Nutrient,125,370.0
38,Nutrient,125,1548.0
38,Nutrient,125,111.0
38,Nutrient,125,464.0
38,Nutrient,125,362.0
38,Nutrient,125,1515.0
38,Nutrient,125,112.0
38,Nutrient,125,469.0
38,Nutrient,125,365.0
38,Nutrient,125,1527.0
38,Nutrient,125,130.0
38,Nutrient,125,544.0
38,Nutrient,125,374.0
38,Nutrient,125,1564.0
38,Nutrient,125,123.0
38,Nutrient,125,513.0
38,Nutrient,125,380.0
38,Nutrient,125,1591.0
38,Nutrient,125,117.0
38,Nutrient,125,489.0
38,Nutrient,125,360.0
38,Nutrient,125,1506.0
38,Nutrient,125,130.0
38,Nutrient,125,544.0
38,Nutrient,125,358.0
38,Nutrient,125,1498.0
38,Nutrient,125,130.0
38,Nutrient,125,544.0
38,Nutrient,125,370.0
38,Nutrient,125,1548.0
38,Nutrient,125,97.0
38,Nutrient,125,406.0
38,Nutrient,125,368.0
38,Nutrient,125,1540.0
38,Nutrient,125,122.0
38,Nutrient,125,510.0
38,Nutrient,125,151.0
38,Nutrient,125,631.0
38,Nutrient,125,316.0
38,Nutrient,125,1322.0
38,Nutrient,125,366.0
38,Nutrient,125,1531.0
38,Nutrient,125,363.0
38,Nutrient,125,1519.0
38,Nutrient,125,130.0
38,Nutrient,125,544.0
38,Nutrient,125,365.0
38,Nutrient,125,1527.0
38,Nutrient,125,130.0
38,Nutrient,125,544.0
38,Nutrient,125,374.0
38,Nutrient,125,1564.0
38,Nutrient,125,123.0
38,Nutrient,125,513.0
38,Nutrient,125,360.0
38,Nutrient,125,1506.0
38,Nutrient,125,130.0
38,Nutrient,125,544.0
38,Nutrient,125,358.0
38,Nutrient,125,1498.0
38,Nutrient,125,130.0
38,Nutrient,125,544.0
38,Nutrient,125,130.0
38,Nutrient,125,544.0
38,Nutrient,126,1564.0
38,Nutrient,126,1504.0
38,Nutrient,126,378.0
38,Nutrient,126,1582.0
38,Nutrient,126,119.0
38,Nutrient,126,498.0
38,Nutrient,126,373.0
38,Nutrient,126,1563.0
38,Nutrient,126,354.0
38,Nutrient,126,1481.0
38,Nutrient,127,2273.0
38,Nutrient,127,884.0
38,Nutrient,127,3699.0
38,Nutrient,128,367.0
38,Nutrient,128,97.0
38,Nutrient,128,406.0
38,Nutrient,128,51.0
38,Nutrient,128,213.0
38,Nutrient,128,60.0
38,Nutrient,128,251.0
38,Nutrient,129,262.0
38,Nutrient,129,75.0
38,Nutrient,129,314.0
38,Nutrient,129,71.0
38,Nutrient,129,299.0
38,Nutrient,129,71.0
38,Nutrient,129,299.0
38,Nutrient,130,765.0
38,Nutrient,130,884.0
38,Nutrient,130,3699.0
38,Nutrient,130,160.0
38,Nutrient,130,670.0
38,Nutrient,130,167.0
38,Nutrient,130,697.0
38,Nutrient,130,120.0
38,Nutrient,130,501.0
38,Nutrient,131,232.0
38,Nutrient,131,206.0
38,Nutrient,131,292.0
38,Nutrient,131,1220.0
38,Nutrient,131,36.0
38,Nutrient,131,151.0
38,Nutrient,131,271.0
38,Nutrient,131,1134.0
38,Nutrient,133,113.0
38,Nutrient,133,473.0
38,Nutrient,133,123.0
38,Nutrient,133,515.0
38,Nutrient,133,71.0
38,Nutrient,133,297.0
38,Nutrient,133,106.0
38,Nutrient,133,444.0
38,Nutrient,133,103.0
38,Nutrient,133,429.0
38,Nutrient,133,132.0
38,Nutrient,133,554.0
38,Nutrient,133,105.0
38,Nutrient,133,439.0
38,Nutrient,133,123.0
38,Nutrient,133,515.0
38,Nutrient,133,71.0
38,Nutrient,133,297.0
38,Nutrient,133,105.0
38,Nutrient,133,439.0
38,Nutrient,133,103.0
38,Nutrient,133,429.0
38,Nutrient,133,338.0
38,Nutrient,133,1414.0
38,Nutrient,133,115.0
38,Nutrient,133,482.0
38,Nutrient,133,79.0
38,Nutrient,133,331.0
38,Nutrient,133,335.0
38,Nutrient,133,1402.0
38,Nutrient,133,126.0
38,Nutrient,133,527.0
38,Nutrient,133,115.0
38,Nutrient,133,482.0
38,Nutrient,133,126.0
38,Nutrient,133,527.0
38,Nutrient,134,135.0
38,Nutrient,134,399.0
38,Nutrient,134,1313.0
38,Nutrient,134,97.0
38,Nutrient,134,140.0
38,Nutrient,134,110.0
38,Nutrient,134,110.0
38,Nutrient,134,150.0
38,Nutrient,134,1356.0
38,Nutrient,134,29.0
38,Nutrient,134,121.0
38,Nutrient,134,33.0
38,Nutrient,134,138.0
38,Nutrient,134,67.0
38,Nutrient,134,280.0
38,Nutrient,134,78.0
38,Nutrient,134,325.0
38,Nutrient,134,170.0
38,Nutrient,134,711.0
38,Nutrient,134,162.0
38,Nutrient,134,678.0
38,Nutrient,134,31.0
38,Nutrient,134,131.0
38,Nutrient,134,35.0
38,Nutrient,134,147.0
38,Nutrient,134,15.0
38,Nutrient,134,62.0
38,Nutrient,134,25.0
38,Nutrient,134,106.0
38,Nutrient,134,16.0
38,Nutrient,134,67.0
38,Nutrient,134,39.0
38,Nutrient,134,164.0
38,Nutrient,134,28.0
38,Nutrient,134,117.0
38,Nutrient,134,40.0
38,Nutrient,134,165.0
38,Nutrient,134,39.0
38,Nutrient,134,165.0
38,Nutrient,134,38.0
38,Nutrient,134,159.0
38,Nutrient,134,62.0
38,Nutrient,134,259.0
38,Nutrient,134,22.0
38,Nutrient,134,92.0
38,Nutrient,134,33.0
38,Nutrient,134,138.0
38,Nutrient,134,78.0
38,Nutrient,134,325.0
38,Nutrient,134,162.0
38,Nutrient,134,678.0
38,Nutrient,134,20.0
38,Nutrient,134,82.0
38,Nutrient,134,31.0
38,Nutrient,134,129.0
38,Nutrient,134,35.0
38,Nutrient,134,147.0
38,Nutrient,134,35.0
38,Nutrient,134,147.0
38,Nutrient,134,35.0
38,Nutrient,134,147.0
38,Nutrient,134,15.0
38,Nutrient,134,64.0
38,Nutrient,134,15.0
38,Nutrient,134,63.0
38,Nutrient,134,15.0
38,Nutrient,134,64.0
38,Nutrient,134,21.0
38,Nutrient,134,89.0
38,Nutrient,134,33.0
38,Nutrient,134,139.0
38,Nutrient,134,26.0
38,Nutrient,134,109.0
38,Nutrient,134,28.0
38,Nutrient,134,118.0
38,Nutrient,134,26.0
38,Nutrient,134,109.0
38,Nutrient,134,37.0
38,Nutrient,134,155.0
38,Nutrient,134,20.0
38,Nutrient,134,82.0
38,Nutrient,134,20.0
38,Nutrient,134,82.0
38,Nutrient,134,341.0
38,Nutrient,134,1425.0
38,Nutrient,134,132.0
38,Nutrient,134,552.0
38,Nutrient,134,335.0
38,Nutrient,134,1402.0
38,Nutrient,134,136.0
38,Nutrient,134,569.0
38,Nutrient,134,83.0
38,Nutrient,134,347.0
38,Nutrient,134,343.0
38,Nutrient,134,1435.0
38,Nutrient,134,129.0
38,Nutrient,134,540.0
38,Nutrient,134,339.0
38,Nutrient,134,1419.0
38,Nutrient,134,118.0
38,Nutrient,134,494.0
38,Nutrient,134,114.0
38,Nutrient,134,479.0
38,Nutrient,134,333.0
38,Nutrient,134,1393.0
38,Nutrient,134,127.0
38,Nutrient,134,532.0
38,Nutrient,134,82.0
38,Nutrient,134,344.0
38,Nutrient,134,330.0
38,Nutrient,134,1381.0
38,Nutrient,134,124.0
38,Nutrient,134,519.0
38,Nutrient,134,337.0
38,Nutrient,134,1408.0
38,Nutrient,134,127.0
38,Nutrient,134,532.0
38,Nutrient,134,81.0
38,Nutrient,134,341.0
38,Nutrient,134,329.0
38,Nutrient,134,1377.0
38,Nutrient,134,123.0
38,Nutrient,134,515.0
38,Nutrient,134,337.0
38,Nutrient,134,1411.0
38,Nutrient,134,140.0
38,Nutrient,134,585.0
38,Nutrient,134,113.0
38,Nutrient,134,473.0
38,Nutrient,134,343.0
38,Nutrient,134,1435.0
38,Nutrient,134,149.0
38,Nutrient,134,623.0
38,Nutrient,134,347.0
38,Nutrient,134,1452.0
38,Nutrient,134,143.0
38,Nutrient,134,600.0
38,Nutrient,134,82.0
38,Nutrient,134,345.0
38,Nutrient,134,336.0
38,Nutrient,134,1406.0
38,Nutrient,134,142.0
38,Nutrient,134,594.0
38,Nutrient,134,345.0
38,Nutrient,134,1443.0
38,Nutrient,134,144.0
38,Nutrient,134,602.0
38,Nutrient,134,333.0
38,Nutrient,134,1393.0
38,Nutrient,134,139.0
38,Nutrient,134,581.0
38,Nutrient,134,114.0
38,Nutrient,134,477.0
38,Nutrient,134,91.0
38,Nutrient,134,383.0
38,Nutrient,134,147.0
38,Nutrient,134,615.0
38,Nutrient,134,124.0
38,Nutrient,134,519.0
38,Nutrient,134,114.0
38,Nutrient,134,475.0
38,Nutrient,134,83.0
38,Nutrient,134,347.0
38,Nutrient,134,79.0
38,Nutrient,134,332.0
38,Nutrient,134,144.0
38,Nutrient,134,604.0
38,Nutrient,134,132.0
38,Nutrient,134,552.0
38,Nutrient,134,136.0
38,Nutrient,134,569.0
38,Nutrient,134,129.0
38,Nutrient,134,540.0
38,Nutrient,134,118.0
38,Nutrient,134,494.0
38,Nutrient,134,127.0
38,Nutrient,134,532.0
38,Nutrient,134,124.0
38,Nutrient,134,519.0
38,Nutrient,134,127.0
38,Nutrient,134,532.0
38,Nutrient,134,121.0
38,Nutrient,134,505.0
38,Nutrient,134,123.0
38,Nutrient,134,515.0
38,Nutrient,134,140.0
38,Nutrient,134,585.0
38,Nutrient,134,149.0
38,Nutrient,134,623.0
38,Nutrient,134,143.0
38,Nutrient,134,600.0
38,Nutrient,134,117.0
38,Nutrient,134,490.0
38,Nutrient,134,142.0
38,Nutrient,134,594.0
38,Nutrient,134,144.0
38,Nutrient,134,602.0
38,Nutrient,134,139.0
38,Nutrient,134,581.0
38,Nutrient,134,147.0
38,Nutrient,134,615.0
38,Nutrient,134,105.0
38,Nutrient,134,438.0
38,Nutrient,135,1377.0
38,Nutrient,135,282.0
38,Nutrient,135,1178.0
38,Nutrient,135,277.0
38,Nutrient,135,1160.0
38,Nutrient,137,337.0
38,Nutrient,137,1411.0
38,Nutrient,138,2953.0
38,Nutrient,138,673.0
38,Nutrient,138,2816.0
38,Nutrient,138,541.0
38,Nutrient,138,2262.0
38,Nutrient,139,1278.0
38,Nutrient,139,251.0
38,Nutrient,139,1050.0
38,Nutrient,139,296.0
38,Nutrient,139,1238.0
38,Nutrient,140,2376.0
38,Nutrient,140,2444.0
38,Nutrient,140,562.0
38,Nutrient,140,2352.0
38,Nutrient,140,567.0
38,Nutrient,140,2374.0
38,Nutrient,140,564.0
38,Nutrient,140,2362.0
38,Nutrient,141,314.0
38,Nutrient,141,318.0
38,Nutrient,141,292.0
38,Nutrient,141,1471.0
38,Nutrient,141,183.0
38,Nutrient,141,42.0
38,Nutrient,141,176.0
38,Nutrient,141,42.0
38,Nutrient,141,176.0
38,Nutrient,141,42.0
38,Nutrient,141,176.0
38,Nutrient,141,52.0
38,Nutrient,141,218.0
38,Nutrient,141,81.0
38,Nutrient,141,339.0
38,Nutrient,141,84.0
38,Nutrient,141,352.0
38,Nutrient,141,58.0
38,Nutrient,141,241.0
38,Nutrient,141,68.0
38,Nutrient,141,286.0
38,Nutrient,141,50.0
38,Nutrient,141,209.0
38,Nutrient,141,71.0
38,Nutrient,141,298.0
38,Nutrient,141,77.0
38,Nutrient,141,322.0
38,Nutrient,141,78.0
38,Nutrient,141,326.0
38,Nutrient,141,124.0
38,Nutrient,141,519.0
38,Nutrient,141,98.0
38,Nutrient,141,411.0
38,Nutrient,141,40.0
38,Nutrient,141,166.0
38,Nutrient,141,50.0
38,Nutrient,141,208.0
38,Nutrient,141,84.0
38,Nutrient,141,352.0
38,Nutrient,141,53.0
38,Nutrient,141,222.0
38,Nutrient,141,69.0
38,Nutrient,141,289.0
38,Nutrient,141,78.0
38,Nutrient,141,326.0
38,Nutrient,141,98.0
38,Nutrient,141,411.0
38,Nutrient,141,341.0
38,Nutrient,141,1425.0
38,Nutrient,141,118.0
38,Nutrient,141,494.0
38,Nutrient,141,116.0
38,Nutrient,141,484.0
38,Nutrient,142,16.0
38,Nutrient,142,67.0
38,Nutrient,142,18.0
38,Nutrient,142,75.0
38,Nutrient,142,18.0
38,Nutrient,142,75.0
38,Nutrient,143,724.0
38,Nutrient,143,248.0
38,Nutrient,143,610.0
38,Nutrient,143,231.0
38,Nutrient,143,165.0
38,Nutrient,143,690.0
38,Nutrient,144,278.0
38,Nutrient,144,1159.0
38,Nutrient,144,170.0
38,Nutrient,144,884.0
38,Nutrient,144,3699.0
38,Nutrient,144,48.0
38,Nutrient,144,201.0
38,Nutrient,144,27.0
38,Nutrient,144,113.0
38,Nutrient,144,22.0
38,Nutrient,144,92.0
38,Nutrient,144,48.0
38,Nutrient,144,201.0
38,Nutrient,144,49.0
38,Nutrient,144,205.0
38,Nutrient,144,63.0
38,Nutrient,144,264.0
38,Nutrient,144,83.0
38,Nutrient,144,347.0
38,Nutrient,144,83.0
38,Nutrient,144,347.0
38,Nutrient,144,96.0
38,Nutrient,144,402.0
38,Nutrient,144,320.0
38,Nutrient,144,1339.0
38,Nutrient,144,126.0
38,Nutrient,144,527.0
38,Nutrient,144,241.0
38,Nutrient,144,1009.0
38,Nutrient,144,85.0
38,Nutrient,144,357.0
38,Nutrient,144,113.0
38,Nutrient,144,473.0
38,Nutrient,144,98.0
38,Nutrient,144,410.0
38,Nutrient,144,56.0
38,Nutrient,144,234.0
38,Nutrient,144,83.0
38,Nutrient,144,347.0
38,Nutrient,144,56.0
38,Nutrient,144,234.0
38,Nutrient,144,242.0
38,Nutrient,144,1014.0
38,Nutrient,145,63.0
38,Nutrient,145,263.0
38,Nutrient,145,46.0
38,Nutrient,145,192.0
38,Nutrient,145,54.0
38,Nutrient,145,226.0
38,Nutrient,145,67.0
38,Nutrient,145,280.0
38,Nutrient,145,83.0
38,Nutrient,145,347.0
38,Nutrient,145,102.0
38,Nutrient,145,427.0
38,Nutrient,145,89.0
38,Nutrient,145,372.0
38,Nutrient,145,83.0
38,Nutrient,145,348.0
38,Nutrient,146,50.0
38,Nutrient,146,209.0
38,Nutrient,146,36.0
38,Nutrient,146,151.0
38,Nutrient,146,75.0
38,Nutrient,146,314.0
38,Nutrient,146,91.0
38,Nutrient,146,381.0
38,Nutrient,146,114.0
38,Nutrient,146,477.0
38,Nutrient,146,46.0
38,Nutrient,146,192.0
38,Nutrient,147,179.0
38,Nutrient,147,1080.0
38,Nutrient,147,46.0
38,Nutrient,147,192.0
38,Nutrient,147,41.0
38,Nutrient,147,172.0
38,Nutrient,147,58.0
38,Nutrient,147,243.0
38,Nutrient,147,63.0
38,Nutrient,147,264.0
38,Nutrient,147,89.0
38,Nutrient,147,372.0
38,Nutrient,147,101.0
38,Nutrient,147,423.0
38,Nutrient,147,105.0
38,Nutrient,147,439.0
38,Nutrient,147,339.0
38,Nutrient,147,1418.0
38,Nutrient,147,113.0
38,Nutrient,147,473.0
38,Nutrient,147,240.0
38,Nutrient,147,1006.0
38,Nutrient,147,107.0
38,Nutrient,147,448.0
38,Nutrient,147,124.0
38,Nutrient,147,519.0
38,Nutrient,147,71.0
38,Nutrient,147,297.0
38,Nutrient,147,89.0
38,Nutrient,147,374.0
38,Nutrient,147,257.0
38,Nutrient,147,1075.0
38,Nutrient,147,91.0
38,Nutrient,147,381.0
38,Nutrient,148,2214.0
38,Nutrient,148,884.0
38,Nutrient,148,3699.0
38,Nutrient,148,575.0
38,Nutrient,148,2408.0
38,Nutrient,148,590.0
38,Nutrient,148,2468.0
38,Nutrient,148,595.0
38,Nutrient,148,2490.0
38,Nutrient,148,607.0
38,Nutrient,148,2541.0
38,Nutrient,148,458.0
38,Nutrient,148,1916.0
38,Nutrient,148,614.0
38,Nutrient,148,2568.0
38,Nutrient,148,594.0
38,Nutrient,148,2485.0
38,Nutrient,148,595.0
38,Nutrient,148,2490.0
38,Nutrient,148,607.0
38,Nutrient,148,2541.0
38,Nutrient,148,614.0
38,Nutrient,148,2568.0
38,Nutrient,149,313.0
38,Nutrient,149,1406.0
38,Nutrient,149,198.0
38,Nutrient,149,39.0
38,Nutrient,149,165.0
38,Nutrient,149,24.0
38,Nutrient,149,100.0
38,Nutrient,149,44.0
38,Nutrient,149,184.0
38,Nutrient,149,42.0
38,Nutrient,149,176.0
38,Nutrient,149,54.0
38,Nutrient,149,226.0
38,Nutrient,149,74.0
38,Nutrient,149,310.0
38,Nutrient,149,96.0
38,Nutrient,149,402.0
38,Nutrient,149,75.0
38,Nutrient,149,314.0
38,Nutrient,149,325.0
38,Nutrient,149,1360.0
38,Nutrient,149,133.0
38,Nutrient,149,556.0
38,Nutrient,149,239.0
38,Nutrient,149,1000.0
38,Nutrient,149,77.0
38,Nutrient,149,322.0
38,Nutrient,149,103.0
38,Nutrient,149,431.0
38,Nutrient,149,94.0
38,Nutrient,149,393.0
38,Nutrient,149,54.0
38,Nutrient,149,226.0
38,Nutrient,149,72.0
38,Nutrient,149,303.0
38,Nutrient,149,54.0
38,Nutrient,149,226.0
38,Nutrient,149,61.0
38,Nutrient,149,256.0
38,Nutrient,150,177.0
38,Nutrient,150,68.0
38,Nutrient,150,285.0
38,Nutrient,150,36.0
38,Nutrient,150,151.0
38,Nutrient,150,57.0
38,Nutrient,150,240.0
38,Nutrient,151,315.0
38,Nutrient,151,83.0
38,Nutrient,151,346.0
38,Nutrient,151,54.0
38,Nutrient,151,228.0
38,Nutrient,152,300.0
38,Nutrient,152,227.0
38,Nutrient,152,58.0
38,Nutrient,152,242.0
38,Nutrient,152,29.0
38,Nutrient,152,121.0
38,Nutrient,152,50.0
38,Nutrient,152,209.0
38,Nutrient,152,47.0
38,Nutrient,152,197.0
38,Nutrient,152,57.0
38,Nutrient,152,238.0
38,Nutrient,152,74.0
38,Nutrient,152,310.0
38,Nutrient,152,97.0
38,Nutrient,152,406.0
38,Nutrient,152,262.0
38,Nutrient,152,1096.0
38,Nutrient,152,127.0
38,Nutrient,152,531.0
38,Nutrient,152,140.0
38,Nutrient,152,586.0
38,Nutrient,152,60.0
38,Nutrient,152,251.0
38,Nutrient,152,74.0
38,Nutrient,152,309.0
38,Nutrient,152,60.0
38,Nutrient,152,251.0
38,Nutrient,152,51.0
38,Nutrient,152,211.0
38,Nutrient,152,62.0
38,Nutrient,152,261.0
38,Nutrient,153,48.0
38,Nutrient,153,16.0
38,Nutrient,153,66.0
38,Nutrient,153,14.0
38,Nutrient,153,59.0
38,Nutrient,153,43.0
38,Nutrient,153,180.0
38,Nutrient,153,28.0
38,Nutrient,153,117.0
38,Nutrient,154,108.0
38,Nutrient,154,108.0
38,Nutrient,154,21.0
38,Nutrient,154,88.0
38,Nutrient,154,21.0
38,Nutrient,154,88.0
38,Nutrient,154,116.0
38,Nutrient,154,485.0
38,Nutrient,155,849.0
38,Nutrient,155,843.0
38,Nutrient,155,214.0
38,Nutrient,155,319.0
38,Nutrient,155,858.0
38,Nutrient,155,63.0
38,Nutrient,155,264.0
38,Nutrient,156,1010.0
38,Nutrient,156,724.0
38,Nutrient,156,163.0
38,Nutrient,156,275.0
38,Nutrient,156,56.0
38,Nutrient,156,234.0
38,Nutrient,157,180.0
38,Nutrient,157,44.0
38,Nutrient,157,184.0
38,Nutrient,157,73.0
38,Nutrient,157,305.0
38,Nutrient,158,61.0
38,Nutrient,158,11.0
38,Nutrient,158,46.0
38,Nutrient,159,331.0
38,Nutrient,159,1387.0
38,Nutrient,159,131.0
38,Nutrient,159,548.0
38,Nutrient,160,278.0
38,Nutrient,160,175.0
38,Nutrient,160,860.0
38,Nutrient,160,724.0
38,Nutrient,160,146.0
38,Nutrient,160,228.0
38,Nutrient,160,228.0
38,Nutrient,160,43.0
38,Nutrient,160,181.0
38,Nutrient,160,38.0
38,Nutrient,160,158.0
38,Nutrient,160,92.0
38,Nutrient,160,385.0
38,Nutrient,160,64.0
38,Nutrient,160,268.0
38,Nutrient,160,52.0
38,Nutrient,160,220.0
38,Nutrient,160,52.0
38,Nutrient,160,219.0
38,Nutrient,160,62.0
38,Nutrient,160,261.0
38,Nutrient,161,51.0
38,Nutrient,161,214.0
38,Nutrient,162,91.0
38,Nutrient,162,381.0
38,Nutrient,162,103.0
38,Nutrient,162,431.0
38,Nutrient,164,88.0
38,Nutrient,165,315.0
38,Nutrient,165,1317.0
38,Nutrient,167,272.0
38,Nutrient,167,1138.0
38,Nutrient,169,1412.0
38,Nutrient,169,1417.0
38,Nutrient,169,1459.0
38,Nutrient,169,1414.0
38,Nutrient,169,1486.0
38,Nutrient,169,338.0
38,Nutrient,169,1414.0
38,Nutrient,169,325.0
38,Nutrient,169,1360.0
38,Nutrient,169,349.0
38,Nutrient,169,1459.0
38,Nutrient,169,357.0
38,Nutrient,169,1492.0
38,Nutrient,170,3700.0
38,Nutrient,170,2502.0
38,Nutrient,170,2377.0
38,Nutrient,170,884.0
38,Nutrient,170,3699.0
38,Nutrient,170,573.0
38,Nutrient,170,2397.0
38,Nutrient,170,565.0
38,Nutrient,170,2364.0
38,Nutrient,170,567.0
38,Nutrient,170,2372.0
38,Nutrient,170,382.0
38,Nutrient,170,1598.0
38,Nutrient,170,333.0
38,Nutrient,170,1393.0
38,Nutrient,170,567.0
38,Nutrient,170,2372.0
38,Nutrient,170,595.0
38,Nutrient,170,2489.0
38,Nutrient,170,586.0
38,Nutrient,170,2454.0
38,Nutrient,170,526.0
38,Nutrient,170,2201.0
38,Nutrient,170,607.0
38,Nutrient,170,2540.0
38,Nutrient,170,570.0
38,Nutrient,170,2385.0
38,Nutrient,170,631.0
38,Nutrient,170,2640.0
38,Nutrient,170,567.0
38,Nutrient,170,2372.0
38,Nutrient,170,592.0
38,Nutrient,170,2477.0
38,Nutrient,171,371.0
38,Nutrient,171,409.0
38,Nutrient,171,84.0
38,Nutrient,171,1189.0
38,Nutrient,171,137.0
38,Nutrient,171,90.0
38,Nutrient,171,107.0
38,Nutrient,171,85.0
38,Nutrient,171,884.0
38,Nutrient,171,3699.0
38,Nutrient,171,23.0
38,Nutrient,171,95.0
38,Nutrient,171,18.0
38,Nutrient,171,74.0
38,Nutrient,171,18.0
38,Nutrient,171,73.0
38,Nutrient,171,17.0
38,Nutrient,171,72.0
38,Nutrient,171,26.0
38,Nutrient,171,108.0
38,Nutrient,171,15.0
38,Nutrient,171,63.0
38,Nutrient,171,17.0
38,Nutrient,171,73.0
38,Nutrient,171,82.0
38,Nutrient,171,343.0
38,Nutrient,171,38.0
38,Nutrient,171,158.0
38,Nutrient,171,302.0
38,Nutrient,171,1263.0
38,Nutrient,171,79.0
38,Nutrient,171,331.0
38,Nutrient,171,32.0
38,Nutrient,171,135.0
38,Nutrient,171,16.0
38,Nutrient,171,67.0
38,Nutrient,171,15.0
38,Nutrient,171,63.0
38,Nutrient,171,18.0
38,Nutrient,171,73.0
38,Nutrient,171,17.0
38,Nutrient,171,72.0
38,Nutrient,171,17.0
38,Nutrient,171,73.0
38,Nutrient,171,82.0
38,Nutrient,171,343.0
38,Nutrient,171,38.0
38,Nutrient,171,158.0
38,Nutrient,171,258.0
38,Nutrient,171,1079.0
38,Nutrient,171,213.0
38,Nutrient,171,891.0
38,Nutrient,174,82.0
38,Nutrient,174,24.0
38,Nutrient,174,102.0
38,Nutrient,174,35.0
38,Nutrient,174,147.0
38,Nutrient,174,33.0
38,Nutrient,174,138.0
38,Nutrient,174,49.0
38,Nutrient,174,205.0
38,Nutrient,175,1469.0
38,Nutrient,175,2228.0
38,Nutrient,175,2085.0
38,Nutrient,175,2024.0
38,Nutrient,175,1454.0
38,Nutrient,175,365.0
38,Nutrient,175,242.0
38,Nutrient,175,322.0
38,Nutrient,175,345.0
38,Nutrient,175,342.0
38,Nutrient,175,1413.0
38,Nutrient,175,1477.0
38,Nutrient,175,77.0
38,Nutrient,175,321.0
38,Nutrient,175,79.0
38,Nutrient,175,332.0
38,Nutrient,175,69.0
38,Nutrient,175,288.0
38,Nutrient,175,70.0
38,Nutrient,175,295.0
38,Nutrient,175,97.0
38,Nutrient,175,408.0
38,Nutrient,175,94.0
38,Nutrient,175,393.0
38,Nutrient,175,89.0
38,Nutrient,175,372.0
38,Nutrient,175,174.0
38,Nutrient,175,726.0
38,Nutrient,175,166.0
38,Nutrient,175,695.0
38,Nutrient,175,58.0
38,Nutrient,175,243.0
38,Nutrient,175,93.0
38,Nutrient,175,390.0
38,Nutrient,175,198.0
38,Nutrient,175,830.0
38,Nutrient,175,87.0
38,Nutrient,175,365.0
38,Nutrient,175,78.0
38,Nutrient,175,326.0
38,Nutrient,175,86.0
38,Nutrient,175,360.0
38,Nutrient,175,100.0
38,Nutrient,175,418.0
38,Nutrient,175,132.0
38,Nutrient,175,552.0
38,Nutrient,175,265.0
38,Nutrient,175,1109.0
38,Nutrient,175,113.0
38,Nutrient,175,474.0
38,Nutrient,175,44.0
38,Nutrient,175,184.0
38,Nutrient,175,60.0
38,Nutrient,175,251.0
38,Nutrient,175,354.0
38,Nutrient,175,1480.0
38,Nutrient,175,97.0
38,Nutrient,175,405.0
38,Nutrient,175,372.0
38,Nutrient,175,1556.0
38,Nutrient,175,108.0
38,Nutrient,175,452.0
38,Nutrient,175,357.0
38,Nutrient,175,1494.0
38,Nutrient,175,116.0
38,Nutrient,175,486.0
38,Nutrient,175,82.0
38,Nutrient,175,343.0
38,Nutrient,175,218.0
38,Nutrient,175,912.0
38,Nutrient,175,135.0
38,Nutrient,175,565.0
38,Nutrient,175,178.0
38,Nutrient,175,745.0
38,Nutrient,175,167.0
38,Nutrient,175,697.0
38,Nutrient,175,199.0
38,Nutrient,175,833.0
38,Nutrient,175,76.0
38,Nutrient,175,318.0
38,Nutrient,175,204.0
38,Nutrient,175,854.0
38,Nutrient,175,78.0
38,Nutrient,175,328.0
38,Nutrient,175,65.0
38,Nutrient,175,272.0
38,Nutrient,175,147.0
38,Nutrient,175,613.0
38,Nutrient,175,164.0
38,Nutrient,175,688.0
38,Nutrient,175,153.0
38,Nutrient,175,640.0
38,Nutrient,175,218.0
38,Nutrient,175,912.0
38,Nutrient,175,260.0
38,Nutrient,175,1088.0
38,Nutrient,175,333.0
38,Nutrient,175,1393.0
38,Nutrient,175,123.0
38,Nutrient,175,515.0
38,Nutrient,175,133.0
38,Nutrient,175,558.0
38,Nutrient,175,152.0
38,Nutrient,175,636.0
38,Nutrient,175,357.0
38,Nutrient,175,1493.0
38,Nutrient,175,83.0
38,Nutrient,175,348.0
38,Nutrient,175,81.0
38,Nutrient,175,339.0
38,Nutrient,175,93.0
38,Nutrient,175,390.0
38,Nutrient,175,105.0
38,Nutrient,175,441.0
38,Nutrient,175,93.0
38,Nutrient,175,390.0
38,Nutrient,175,93.0
38,Nutrient,175,390.0
38,Nutrient,175,198.0
38,Nutrient,175,830.0
38,Nutrient,175,87.0
38,Nutrient,175,364.0
38,Nutrient,175,78.0
38,Nutrient,175,327.0
38,Nutrient,175,86.0
38,Nutrient,175,360.0
38,Nutrient,175,105.0
38,Nutrient,175,441.0
38,Nutrient,175,100.0
38,Nutrient,175,420.0
38,Nutrient,175,132.0
38,Nutrient,175,554.0
38,Nutrient,175,63.0
38,Nutrient,175,262.0
38,Nutrient,175,218.0
38,Nutrient,175,912.0
38,Nutrient,175,172.0
38,Nutrient,175,721.0
38,Nutrient,175,150.0
38,Nutrient,175,628.0
38,Nutrient,175,108.0
38,Nutrient,175,452.0
38,Nutrient,175,113.0
38,Nutrient,175,473.0
38,Nutrient,175,113.0
38,Nutrient,175,471.0
38,Nutrient,175,327.0
38,Nutrient,175,1366.0
38,Nutrient,175,314.0
38,Nutrient,175,1313.0
38,Nutrient,175,89.0
38,Nutrient,175,370.0
38,Nutrient,175,316.0
38,Nutrient,175,1324.0
38,Nutrient,175,331.0
38,Nutrient,175,1385.0
38,Nutrient,175,262.0
38,Nutrient,175,1098.0
38,Nutrient,175,369.0
38,Nutrient,175,1543.0
38,Nutrient,175,302.0
38,Nutrient,175,1265.0
38,Nutrient,175,283.0
38,Nutrient,175,1185.0
38,Nutrient,175,284.0
38,Nutrient,175,1186.0
38,Nutrient,175,301.0
38,Nutrient,175,1260.0
38,Nutrient,175,292.0
38,Nutrient,175,1221.0
38,Nutrient,175,226.0
38,Nutrient,175,944.0
38,Nutrient,175,291.0
38,Nutrient,175,1216.0
38,Nutrient,175,62.0
38,Nutrient,175,259.0
38,Nutrient,177,339.0
38,Nutrient,177,1418.0
38,Nutrient,177,361.0
38,Nutrient,177,1510.0
38,Nutrient,178,86.0
38,Nutrient,178,107.0
38,Nutrient,178,23.0
38,Nutrient,178,97.0
38,Nutrient,178,23.0
38,Nutrient,178,96.0
38,Nutrient,178,19.0
38,Nutrient,178,79.0
38,Nutrient,178,23.0
38,Nutrient,178,96.0
38,Nutrient,178,29.0
38,Nutrient,178,120.0
38,Nutrient,178,34.0
38,Nutrient,178,143.0
38,Nutrient,178,23.0
38,Nutrient,178,96.0
38,Nutrient,178,19.0
38,Nutrient,178,78.0
38,Nutrient,178,34.0
38,Nutrient,178,143.0
38,Nutrient,179,274.0
38,Nutrient,179,1145.0
38,Nutrient,180,1086.0
38,Nutrient,180,239.0
38,Nutrient,180,1000.0
38,Nutrient,180,57.0
38,Nutrient,180,240.0
38,Nutrient,181,207.0
38,Nutrient,181,45.0
38,Nutrient,181,188.0
38,Nutrient,181,33.0
38,Nutrient,181,138.0
38,Nutrient,181,33.0
38,Nutrient,181,138.0
38,Nutrient,183,276.0
38,Nutrient,183,1156.0
38,Nutrient,183,101.0
38,Nutrient,183,423.0
38,Nutrient,186,323.0
38,Nutrient,186,1352.0
38,Nutrient,187,329.0
38,Nutrient,187,1377.0
38,Nutrient,187,327.0
38,Nutrient,187,1368.0
38,Nutrient,187,331.0
38,Nutrient,187,1385.0
38,Nutrient,187,342.0
38,Nutrient,187,1431.0
38,Nutrient,187,340.0
38,Nutrient,187,1423.0
38,Nutrient,188,223.0
38,Nutrient,188,176.0
38,Nutrient,188,57.0
38,Nutrient,188,240.0
38,Nutrient,188,88.0
38,Nutrient,188,368.0
38,Nutrient,188,51.0
38,Nutrient,188,214.0
38,Nutrient,188,51.0
38,Nutrient,188,213.0
38,Nutrient,188,85.0
38,Nutrient,188,355.0
38,Nutrient,188,88.0
38,Nutrient,188,370.0
38,Nutrient,188,107.0
38,Nutrient,188,446.0
38,Nutrient,188,54.0
38,Nutrient,188,224.0
38,Nutrient,188,19.0
38,Nutrient,188,77.0
38,Nutrient,188,201.0
38,Nutrient,188,841.0
38,Nutrient,188,47.0
38,Nutrient,188,198.0
38,Nutrient,192,46.0
38,Nutrient,192,194.0
38,Nutrient,192,308.0
38,Nutrient,192,1289.0
38,Nutrient,192,151.0
38,Nutrient,192,632.0
38,Nutrient,192,46.0
38,Nutrient,192,194.0
38,Nutrient,193,201.0
38,Nutrient,194,651.0
38,Nutrient,194,220.0
38,Nutrient,194,55.0
38,Nutrient,194,230.0
38,Nutrient,195,288.0
38,Nutrient,195,1205.0
38,Nutrient,197,72.0
38,Nutrient,197,301.0
38,Nutrient,197,62.0
38,Nutrient,197,259.0
38,Nutrient,197,62.0
38,Nutrient,197,259.0
38,Nutrient,197,88.0
38,Nutrient,197,370.0
38,Nutrient,197,341.0
38,Nutrient,197,1425.0
38,Nutrient,197,110.0
38,Nutrient,197,460.0
38,Nutrient,197,71.0
38,Nutrient,197,297.0
38,Nutrient,197,110.0
38,Nutrient,197,460.0
38,Nutrient,198,568.0
38,Nutrient,198,329.0
38,Nutrient,198,1377.0
38,Nutrient,198,128.0
38,Nutrient,198,536.0
38,Nutrient,198,237.0
38,Nutrient,198,992.0
38,Nutrient,198,260.0
38,Nutrient,198,1088.0
38,Nutrient,198,128.0
38,Nutrient,198,536.0
38,Nutrient,199,341.0
38,Nutrient,199,1427.0
38,Nutrient,199,105.0
38,Nutrient,199,439.0
38,Nutrient,199,105.0
38,Nutrient,199,439.0
38,Nutrient,200,142.0
38,Nutrient,200,1380.0
38,Nutrient,200,30.0
38,Nutrient,200,126.0
38,Nutrient,200,21.0
38,Nutrient,200,88.0
38,Nutrient,200,50.0
38,Nutrient,200,209.0
38,Nutrient,200,12.0
38,Nutrient,200,48.0
38,Nutrient,200,19.0
38,Nutrient,200,78.0
38,Nutrient,200,347.0
38,Nutrient,200,1452.0
38,Nutrient,200,105.0
38,Nutrient,200,441.0
38,Nutrient,200,105.0
38,Nutrient,200,441.0
38,Nutrient,202,44.0
38,Nutrient,202,184.0
38,Nutrient,202,34.0
38,Nutrient,202,142.0
38,Nutrient,202,29.0
38,Nutrient,202,121.0
38,Nutrient,202,22.0
38,Nutrient,202,92.0
38,Nutrient,202,34.0
38,Nutrient,202,142.0
38,Nutrient,202,22.0
38,Nutrient,202,92.0
38,Nutrient,203,57.0
38,Nutrient,203,238.0
38,Nutrient,204,283.0
38,Nutrient,204,1184.0
38,Nutrient,204,69.0
38,Nutrient,204,288.0
38,Nutrient,204,302.0
38,Nutrient,204,1264.0
38,Nutrient,204,299.0
38,Nutrient,204,1252.0
38,Nutrient,204,296.0
38,Nutrient,204,1238.0
38,Nutrient,204,93.0
38,Nutrient,204,390.0
38,Nutrient,205,1528.0
38,Nutrient,205,3700.0
38,Nutrient,205,1534.0
38,Nutrient,205,2153.0
38,Nutrient,205,2060.0
38,Nutrient,205,1909.0
38,Nutrient,205,428.0
38,Nutrient,205,472.0
38,Nutrient,205,383.0
38,Nutrient,205,884.0
38,Nutrient,205,3699.0
38,Nutrient,205,86.0
38,Nutrient,205,360.0
38,Nutrient,205,96.0
38,Nutrient,205,401.0
38,Nutrient,205,61.0
38,Nutrient,205,254.0
38,Nutrient,205,79.0
38,Nutrient,205,329.0
38,Nutrient,205,72.0
38,Nutrient,205,301.0
38,Nutrient,205,79.0
38,Nutrient,205,331.0
38,Nutrient,205,74.0
38,Nutrient,205,308.0
38,Nutrient,205,88.0
38,Nutrient,205,368.0
38,Nutrient,205,81.0
38,Nutrient,205,338.0
38,Nutrient,205,98.0
38,Nutrient,205,410.0
38,Nutrient,205,94.0
38,Nutrient,205,391.0
38,Nutrient,205,131.0
38,Nutrient,205,547.0
38,Nutrient,205,96.0
38,Nutrient,205,401.0
38,Nutrient,205,61.0
38,Nutrient,205,254.0
38,Nutrient,205,72.0
38,Nutrient,205,301.0
38,Nutrient,205,79.0
38,Nutrient,205,331.0
38,Nutrient,205,79.0
38,Nutrient,205,329.0
38,Nutrient,205,94.0
38,Nutrient,205,391.0
38,Nutrient,205,86.0
38,Nutrient,205,358.0
38,Nutrient,205,97.0
38,Nutrient,205,408.0
38,Nutrient,205,97.0
38,Nutrient,205,408.0
38,Nutrient,205,64.0
38,Nutrient,205,268.0
38,Nutrient,205,64.0
38,Nutrient,205,268.0
38,Nutrient,205,81.0
38,Nutrient,205,339.0
38,Nutrient,205,72.0
38,Nutrient,205,301.0
38,Nutrient,205,72.0
38,Nutrient,205,301.0
38,Nutrient,205,79.0
38,Nutrient,205,332.0
38,Nutrient,205,79.0
38,Nutrient,205,332.0
38,Nutrient,205,88.0
38,Nutrient,205,369.0
38,Nutrient,205,80.0
38,Nutrient,205,335.0
38,Nutrient,205,80.0
38,Nutrient,205,335.0
38,Nutrient,205,98.0
38,Nutrient,205,412.0
38,Nutrient,205,94.0
38,Nutrient,205,391.0
38,Nutrient,205,94.0
38,Nutrient,205,391.0
38,Nutrient,205,365.0
38,Nutrient,205,1527.0
38,Nutrient,205,224.0
38,Nutrient,205,937.0
38,Nutrient,205,361.0
38,Nutrient,205,1510.0
38,Nutrient,205,365.0
38,Nutrient,205,1528.0
38,Nutrient,205,375.0
38,Nutrient,205,1569.0
38,Nutrient,205,365.0
38,Nutrient,205,1528.0
38,Nutrient,205,362.0
38,Nutrient,205,1515.0
38,Nutrient,205,370.0
38,Nutrient,205,1547.0
38,Nutrient,205,334.0
38,Nutrient,205,1397.0
38,Nutrient,205,348.0
38,Nutrient,205,1456.0
38,Nutrient,205,355.0
38,Nutrient,205,1485.0
38,Nutrient,205,381.0
38,Nutrient,205,1594.0
38,Nutrient,205,72.0
38,Nutrient,205,301.0
38,Nutrient,205,365.0
38,Nutrient,205,1527.0
38,Nutrient,205,364.0
38,Nutrient,205,1524.0
38,Nutrient,205,361.0
38,Nutrient,205,1510.0
38,Nutrient,205,365.0
38,Nutrient,205,1528.0
38,Nutrient,205,362.0
38,Nutrient,205,1515.0
38,Nutrient,205,370.0
38,Nutrient,205,1547.0
38,Nutrient,205,334.0
38,Nutrient,205,1397.0
38,Nutrient,205,348.0
38,Nutrient,205,1456.0
38,Nutrient,205,355.0
38,Nutrient,205,1484.0
38,Nutrient,205,72.0
38,Nutrient,205,301.0
38,Nutrient,205,370.0
38,Nutrient,205,1547.0
38,Nutrient,205,370.0
38,Nutrient,205,1547.0
38,Nutrient,205,106.0
38,Nutrient,205,444.0
38,Nutrient,205,54.0
38,Nutrient,205,226.0
38,Nutrient,205,398.0
38,Nutrient,205,1666.0
38,Nutrient,205,386.0
38,Nutrient,205,1616.0
38,Nutrient,205,386.0
38,Nutrient,205,1616.0
38,Nutrient,205,398.0
38,Nutrient,205,1665.0
38,Nutrient,205,384.0
38,Nutrient,205,1606.0
38,Nutrient,205,419.0
38,Nutrient,205,1752.0
38,Nutrient,206,345.0
38,Nutrient,206,335.0
38,Nutrient,206,1404.0
38,Nutrient,206,80.0
38,Nutrient,206,333.0
38,Nutrient,208,342.0
38,Nutrient,208,89.0
38,Nutrient,208,371.0
38,Nutrient,208,346.0
38,Nutrient,208,1448.0
38,Nutrient,214,146.0
38,Nutrient,224,60.0
38,Nutrient,224,251.0
38,Nutrient,224,286.0
38,Nutrient,224,1197.0
38,Nutrient,229,195.0
38,Nutrient,229,44.0
38,Nutrient,229,185.0
38,Nutrient,234,82.0
38,Nutrient,234,343.0
38,Nutrient,237,86.0
38,Nutrient,237,19.0
38,Nutrient,237,79.0
38,Nutrient,237,20.0
38,Nutrient,237,84.0
38,Nutrient,237,20.0
38,Nutrient,237,84.0
38,Nutrient,241,34.0
38,Nutrient,241,142.0
38,Nutrient,242,339.0
38,Nutrient,242,1418.0
38,Nutrient,243,348.0
38,Nutrient,243,1457.0
38,Nutrient,243,72.0
38,Nutrient,243,301.0
38,Nutrient,246,336.0
38,Nutrient,246,1406.0
38,Nutrient,246,338.0
38,Nutrient,246,1414.0
38,Nutrient,247,30.0
38,Nutrient,247,126.0
38,Nutrient,247,26.0
38,Nutrient,247,107.0
38,Nutrient,247,33.0
38,Nutrient,247,137.0
38,Nutrient,247,36.0
38,Nutrient,247,151.0
38,Nutrient,247,26.0
38,Nutrient,247,107.0
38,Nutrient,247,36.0
38,Nutrient,247,151.0
38,Nutrient,249,146.0
38,Nutrient,252,61.0
38,Nutrient,252,13.0
38,Nutrient,252,55.0
38,Nutrient,252,12.0
38,Nutrient,252,48.0
38,Nutrient,252,12.0
38,Nutrient,252,48.0
38,Nutrient,253,16.0
38,Nutrient,253,67.0
38,Nutrient,253,14.0
38,Nutrient,253,59.0
38,Nutrient,253,14.0
38,Nutrient,253,59.0
38,Nutrient,256,180.0
38,Nutrient,256,143.0
38,Nutrient,256,32.0
38,Nutrient,256,134.0
38,Nutrient,256,42.0
38,Nutrient,256,176.0
38,Nutrient,256,37.0
38,Nutrient,256,155.0
38,Nutrient,256,30.0
38,Nutrient,256,126.0
38,Nutrient,256,33.0
38,Nutrient,256,138.0
38,Nutrient,256,37.0
38,Nutrient,256,155.0
38,Nutrient,256,32.0
38,Nutrient,256,134.0
38,Nutrient,256,36.0
38,Nutrient,256,151.0
38,Nutrient,256,37.0
38,Nutrient,256,155.0
38,Nutrient,256,60.0
38,Nutrient,256,251.0
38,Nutrient,256,38.0
38,Nutrient,256,159.0
38,Nutrient,256,46.0
38,Nutrient,256,192.0
38,Nutrient,256,146.0
38,Nutrient,256,611.0
38,Nutrient,256,41.0
38,Nutrient,256,172.0
38,Nutrient,256,39.0
38,Nutrient,256,163.0
38,Nutrient,256,39.0
38,Nutrient,256,163.0
38,Nutrient,261,81.0
38,Nutrient,261,69.0
38,Nutrient,261,18.0
38,Nutrient,261,76.0
38,Nutrient,261,17.0
38,Nutrient,261,71.0
38,Nutrient,261,271.0
38,Nutrient,261,1134.0
38,Nutrient,261,17.0
38,Nutrient,261,71.0
38,Nutrient,264,255.0
38,Nutrient,264,121.0
38,Nutrient,264,213.0
38,Nutrient,268,189.0
38,Nutrient,268,148.0
38,Nutrient,268,195.0
38,Nutrient,268,110.0
38,Nutrient,268,158.0
38,Nutrient,268,259.0
38,Nutrient,268,43.0
38,Nutrient,268,181.0
38,Nutrient,268,41.0
38,Nutrient,268,170.0
38,Nutrient,268,28.0
38,Nutrient,268,117.0
38,Nutrient,268,29.0
38,Nutrient,268,123.0
38,Nutrient,268,31.0
38,Nutrient,268,130.0
38,Nutrient,268,27.0
38,Nutrient,268,112.0
38,Nutrient,269,1148.0
38,Nutrient,269,1129.0
38,Nutrient,269,1051.0
38,Nutrient,269,1168.0
38,Nutrient,269,1077.0
38,Nutrient,269,1081.0
38,Nutrient,269,1130.0
38,Nutrient,269,1211.0
38,Nutrient,269,1040.0
38,Nutrient,269,195.0
38,Nutrient,269,817.0
38,Nutrient,269,283.0
38,Nutrient,269,1185.0
38,Nutrient,269,315.0
38,Nutrient,269,1318.0
38,Nutrient,269,290.0
38,Nutrient,269,1213.0
38,Nutrient,269,271.0
38,Nutrient,269,1134.0
38,Nutrient,269,245.0
38,Nutrient,269,1025.0
38,Nutrient,269,412.0
38,Nutrient,269,1724.0
38,Nutrient,269,310.0
38,Nutrient,269,1297.0
38,Nutrient,269,307.0
38,Nutrient,269,1284.0
38,Nutrient,269,277.0
38,Nutrient,269,1159.0
38,Nutrient,269,278.0
38,Nutrient,269,1164.0
38,Nutrient,269,263.0
38,Nutrient,269,1100.0
38,Nutrient,269,196.0
38,Nutrient,269,820.0
38,Nutrient,269,293.0
38,Nutrient,269,1226.0
38,Nutrient,269,270.0
38,Nutrient,269,1130.0
38,Nutrient,269,316.0
38,Nutrient,269,1322.0
38,Nutrient,269,273.0
38,Nutrient,269,1142.0
38,Nutrient,269,390.0
38,Nutrient,269,1634.0
38,Nutrient,269,350.0
38,Nutrient,269,1464.0
38,Nutrient,269,436.0
38,Nutrient,269,1826.0
38,Nutrient,269,408.0
38,Nutrient,269,1709.0
38,Nutrient,269,338.0
38,Nutrient,269,1415.0
38,Nutrient,269,195.0
38,Nutrient,269,816.0
38,Nutrient,269,338.0
38,Nutrient,269,1415.0
38,Nutrient,270,1560.0
38,Nutrient,270,1560.0
38,Nutrient,270,1569.0
38,Nutrient,270,1559.0
38,Nutrient,270,1607.0
38,Nutrient,270,260.0
38,Nutrient,270,1088.0
38,Nutrient,270,385.0
38,Nutrient,270,1612.0
38,Nutrient,270,366.0
38,Nutrient,270,1531.0
38,Nutrient,270,250.0
38,Nutrient,270,1046.0
38,Nutrient,270,398.0
38,Nutrient,270,1665.0
38,Nutrient,270,397.0
38,Nutrient,270,1661.0
38,Nutrient,270,417.0
38,Nutrient,270,1745.0
38,Nutrient,270,367.0
38,Nutrient,270,1534.0
38,Nutrient,270,389.0
38,Nutrient,270,1628.0
38,Nutrient,270,397.0
38,Nutrient,270,1661.0
38,Nutrient,270,385.0
38,Nutrient,270,1609.0
38,Nutrient,270,331.0
38,Nutrient,270,1385.0
38,Nutrient,270,387.0
38,Nutrient,270,1620.0
38,Nutrient,270,365.0
38,Nutrient,270,1527.0
38,Nutrient,270,399.0
38,Nutrient,270,1668.0
38,Nutrient,270,402.0
38,Nutrient,270,1682.0
38,Nutrient,270,364.0
38,Nutrient,270,1523.0
38,Nutrient,270,318.0
38,Nutrient,270,1331.0
38,Nutrient,270,320.0
38,Nutrient,270,1339.0
38,Nutrient,270,372.0
38,Nutrient,270,1556.0
38,Nutrient,270,343.0
38,Nutrient,270,1435.0
38,Nutrient,270,382.0
38,Nutrient,270,1598.0
38,Nutrient,270,400.0
38,Nutrient,270,1674.0
38,Nutrient,270,387.0
38,Nutrient,270,1620.0
38,Nutrient,270,489.0
38,Nutrient,270,2046.0
38,Nutrient,270,359.0
38,Nutrient,270,1502.0
38,Nutrient,270,369.0
38,Nutrient,270,1544.0
38,Nutrient,270,393.0
38,Nutrient,270,1644.0
38,Nutrient,270,396.0
38,Nutrient,270,1656.0
38,Nutrient,270,381.0
38,Nutrient,270,1594.0
38,Nutrient,270,367.0
38,Nutrient,270,1534.0
38,Nutrient,270,374.0
38,Nutrient,270,1565.0
38,Nutrient,270,407.0
38,Nutrient,270,1705.0
38,Nutrient,270,287.0
38,Nutrient,270,1201.0
38,Nutrient,270,421.0
38,Nutrient,270,1761.0
38,Nutrient,270,375.0
38,Nutrient,270,1569.0
38,Nutrient,270,333.0
38,Nutrient,270,1393.0
38,Nutrient,270,406.0
38,Nutrient,270,1699.0
38,Nutrient,270,314.0
38,Nutrient,270,1314.0
38,Nutrient,270,320.0
38,Nutrient,270,1339.0
38,Nutrient,270,370.0
38,Nutrient,270,1550.0
38,Nutrient,270,381.0
38,Nutrient,270,1594.0
38,Nutrient,270,383.0
38,Nutrient,270,1602.0
38,Nutrient,270,365.0
38,Nutrient,270,1527.0
38,Nutrient,270,389.0
38,Nutrient,270,1628.0
38,Nutrient,270,367.0
38,Nutrient,270,1536.0
38,Nutrient,270,386.0
38,Nutrient,270,1615.0
38,Nutrient,270,390.0
38,Nutrient,270,1631.0
38,Nutrient,270,398.0
38,Nutrient,270,1665.0
38,Nutrient,270,360.0
38,Nutrient,270,1506.0
38,Nutrient,270,333.0
38,Nutrient,270,1395.0
38,Nutrient,270,375.0
38,Nutrient,270,1569.0
38,Nutrient,270,405.0
38,Nutrient,270,1695.0
38,Nutrient,270,374.0
38,Nutrient,270,1564.0
38,Nutrient,270,340.0
38,Nutrient,270,1424.0
38,Nutrient,270,394.0
38,Nutrient,270,1648.0
38,Nutrient,270,382.0
38,Nutrient,270,1598.0
38,Nutrient,270,372.0
38,Nutrient,270,1558.0
38,Nutrient,270,438.0
38,Nutrient,270,1831.0
38,Nutrient,270,379.0
38,Nutrient,270,1587.0
38,Nutrient,270,370.0
38,Nutrient,270,1550.0
38,Nutrient,270,370.0
38,Nutrient,270,1548.0
38,Nutrient,270,52.0
38,Nutrient,270,218.0
38,Nutrient,270,370.0
38,Nutrient,270,1548.0
38,Nutrient,270,50.0
38,Nutrient,270,208.0
38,Nutrient,270,360.0
38,Nutrient,270,1508.0
38,Nutrient,270,55.0
38,Nutrient,270,231.0
38,Nutrient,270,366.0
38,Nutrient,270,1531.0
38,Nutrient,270,62.0
38,Nutrient,270,259.0
38,Nutrient,270,361.0
38,Nutrient,270,1510.0
38,Nutrient,270,72.0
38,Nutrient,270,301.0
38,Nutrient,270,373.0
38,Nutrient,270,1561.0
38,Nutrient,270,88.0
38,Nutrient,270,368.0
38,Nutrient,270,53.0
38,Nutrient,270,220.0
38,Nutrient,270,352.0
38,Nutrient,270,1473.0
38,Nutrient,270,76.0
38,Nutrient,270,319.0
38,Nutrient,270,361.0
38,Nutrient,270,1510.0
38,Nutrient,270,385.0
38,Nutrient,270,1611.0
38,Nutrient,270,71.0
38,Nutrient,270,297.0
38,Nutrient,270,379.0
38,Nutrient,270,1586.0
38,Nutrient,270,71.0
38,Nutrient,270,297.0
38,Nutrient,270,375.0
38,Nutrient,270,1567.0
38,Nutrient,270,68.0
38,Nutrient,270,283.0
38,Nutrient,270,365.0
38,Nutrient,270,1527.0
38,Nutrient,270,370.0
38,Nutrient,270,1548.0
38,Nutrient,270,107.0
38,Nutrient,270,450.0
38,Nutrient,270,365.0
38,Nutrient,270,1527.0
38,Nutrient,270,360.0
38,Nutrient,270,1507.0
38,Nutrient,270,100.0
38,Nutrient,270,417.0
38,Nutrient,270,341.0
38,Nutrient,270,1427.0
38,Nutrient,270,53.0
38,Nutrient,270,222.0
38,Nutrient,270,322.0
38,Nutrient,270,1347.0
38,Nutrient,270,61.0
38,Nutrient,270,255.0
38,Nutrient,270,394.0
38,Nutrient,270,1648.0
38,Nutrient,270,415.0
38,Nutrient,270,1736.0
38,Nutrient,270,357.0
38,Nutrient,270,1494.0
38,Nutrient,270,56.0
38,Nutrient,270,234.0
38,Nutrient,270,342.0
38,Nutrient,270,1431.0
38,Nutrient,270,62.0
38,Nutrient,270,259.0
38,Nutrient,270,366.0
38,Nutrient,270,1531.0
38,Nutrient,270,337.0
38,Nutrient,270,1410.0
38,Nutrient,270,351.0
38,Nutrient,270,1469.0
38,Nutrient,270,71.0
38,Nutrient,270,297.0
38,Nutrient,270,402.0
38,Nutrient,270,1682.0
38,Nutrient,270,364.0
38,Nutrient,270,1523.0
38,Nutrient,270,52.0
38,Nutrient,270,218.0
38,Nutrient,270,50.0
38,Nutrient,270,211.0
38,Nutrient,270,62.0
38,Nutrient,270,259.0
38,Nutrient,270,369.0
38,Nutrient,270,1544.0
38,Nutrient,270,53.0
38,Nutrient,270,220.0
38,Nutrient,270,76.0
38,Nutrient,270,319.0
38,Nutrient,270,374.0
38,Nutrient,270,1565.0
38,Nutrient,270,71.0
38,Nutrient,270,299.0
38,Nutrient,270,71.0
38,Nutrient,270,297.0
38,Nutrient,270,61.0
38,Nutrient,270,255.0
38,Nutrient,270,59.0
38,Nutrient,270,247.0
38,Nutrient,270,62.0
38,Nutrient,270,259.0
38,Nutrient,270,71.0
38,Nutrient,270,297.0
38,Nutrient,270,53.0
38,Nutrient,270,222.0
38,Nutrient,270,387.0
38,Nutrient,270,1619.0
38,Nutrient,270,382.0
38,Nutrient,270,1598.0
38,Nutrient,270,352.0
38,Nutrient,270,1473.0
38,Nutrient,270,396.0
38,Nutrient,270,1656.0
38,Nutrient,270,433.0
38,Nutrient,270,1813.0
38,Nutrient,270,333.0
38,Nutrient,270,1393.0
38,Nutrient,270,393.0
38,Nutrient,270,1643.0
38,Nutrient,270,405.0
38,Nutrient,270,1695.0
38,Nutrient,270,396.0
38,Nutrient,270,1657.0
38,Nutrient,270,373.0
38,Nutrient,270,1561.0
38,Nutrient,270,412.0
38,Nutrient,270,1724.0
38,Nutrient,270,467.0
38,Nutrient,270,1954.0
38,Nutrient,270,379.0
38,Nutrient,270,1586.0
38,Nutrient,270,379.0
38,Nutrient,270,1586.0
38,Nutrient,270,372.0
38,Nutrient,270,1555.0
38,Nutrient,270,389.0
38,Nutrient,270,1628.0
38,Nutrient,270,412.0
38,Nutrient,270,1724.0
38,Nutrient,270,384.0
38,Nutrient,270,1607.0
38,Nutrient,270,388.0
38,Nutrient,270,1623.0
38,Nutrient,270,388.0
38,Nutrient,270,1625.0
38,Nutrient,270,379.0
38,Nutrient,270,1586.0
38,Nutrient,270,371.0
38,Nutrient,270,1552.0
38,Nutrient,270,349.0
38,Nutrient,270,1460.0
38,Nutrient,270,364.0
38,Nutrient,270,1525.0
38,Nutrient,270,346.0
38,Nutrient,270,1446.0
38,Nutrient,270,43.0
38,Nutrient,270,180.0
38,Nutrient,270,51.0
38,Nutrient,270,213.0
38,Nutrient,270,370.0
38,Nutrient,270,1550.0
38,Nutrient,270,43.0
38,Nutrient,270,180.0
38,Nutrient,270,51.0
38,Nutrient,270,213.0
38,Nutrient,270,371.0
38,Nutrient,270,1552.0
38,Nutrient,270,368.0
38,Nutrient,270,1541.0
38,Nutrient,270,200.0
38,Nutrient,270,837.0
38,Nutrient,270,387.0
38,Nutrient,270,1620.0
38,Nutrient,270,373.0
38,Nutrient,270,1561.0
38,Nutrient,270,302.0
38,Nutrient,270,1263.0
38,Nutrient,270,61.0
38,Nutrient,270,255.0
38,Nutrient,270,61.0
38,Nutrient,270,255.0
38,Nutrient,270,192.0
38,Nutrient,270,803.0
38,Nutrient,270,331.0
38,Nutrient,270,1385.0
38,Nutrient,270,350.0
38,Nutrient,270,1464.0
38,Nutrient,270,370.0
38,Nutrient,270,1548.0
38,Nutrient,270,367.0
38,Nutrient,270,1537.0
38,Nutrient,270,364.0
38,Nutrient,270,1521.0
38,Nutrient,270,400.0
38,Nutrient,270,1674.0
38,Nutrient,270,393.0
38,Nutrient,270,1644.0
38,Nutrient,270,394.0
38,Nutrient,270,1648.0
38,Nutrient,270,370.0
38,Nutrient,270,1550.0
38,Nutrient,270,370.0
38,Nutrient,270,1550.0
38,Nutrient,270,414.0
38,Nutrient,270,1732.0
38,Nutrient,270,394.0
38,Nutrient,270,1648.0
38,Nutrient,270,364.0
38,Nutrient,270,1521.0
38,Nutrient,270,386.0
38,Nutrient,270,1615.0
38,Nutrient,270,400.0
38,Nutrient,270,1674.0
38,Nutrient,270,366.0
38,Nutrient,270,1531.0
38,Nutrient,270,377.0
38,Nutrient,270,1577.0
38,Nutrient,270,357.0
38,Nutrient,270,1494.0
38,Nutrient,270,399.0
38,Nutrient,270,1669.0
38,Nutrient,270,353.0
38,Nutrient,270,1477.0
38,Nutrient,270,393.0
38,Nutrient,270,1645.0
38,Nutrient,270,394.0
38,Nutrient,270,1647.0
38,Nutrient,270,392.0
38,Nutrient,270,1640.0
38,Nutrient,270,396.0
38,Nutrient,270,1657.0
38,Nutrient,270,391.0
38,Nutrient,270,1634.0
38,Nutrient,270,430.0
38,Nutrient,270,1799.0
38,Nutrient,270,385.0
38,Nutrient,270,1611.0
38,Nutrient,270,346.0
38,Nutrient,270,1450.0
38,Nutrient,270,365.0
38,Nutrient,270,1527.0
38,Nutrient,270,346.0
38,Nutrient,270,1446.0
38,Nutrient,270,340.0
38,Nutrient,270,1424.0
38,Nutrient,270,415.0
38,Nutrient,270,1736.0
38,Nutrient,270,412.0
38,Nutrient,270,1724.0
38,Nutrient,270,381.0
38,Nutrient,270,1594.0
38,Nutrient,270,401.0
38,Nutrient,270,1678.0
38,Nutrient,270,404.0
38,Nutrient,270,1690.0
38,Nutrient,270,403.0
38,Nutrient,270,1686.0
38,Nutrient,270,373.0
38,Nutrient,270,1561.0
38,Nutrient,270,380.0
38,Nutrient,270,1591.0
38,Nutrient,270,372.0
38,Nutrient,270,1558.0
38,Nutrient,270,376.0
38,Nutrient,270,1573.0
38,Nutrient,270,384.0
38,Nutrient,270,1607.0
38,Nutrient,270,395.0
38,Nutrient,270,1651.0
38,Nutrient,270,380.0
38,Nutrient,270,1588.0
38,Nutrient,270,200.0
38,Nutrient,270,839.0
38,Nutrient,270,348.0
38,Nutrient,270,1456.0
38,Nutrient,270,366.0
38,Nutrient,270,1532.0
38,Nutrient,270,381.0
38,Nutrient,270,1594.0
38,Nutrient,270,374.0
38,Nutrient,270,1565.0
38,Nutrient,270,354.0
38,Nutrient,270,1481.0
38,Nutrient,270,359.0
38,Nutrient,270,1502.0
38,Nutrient,270,339.0
38,Nutrient,270,1418.0
38,Nutrient,270,373.0
38,Nutrient,270,1561.0
38,Nutrient,270,357.0
38,Nutrient,270,1494.0
38,Nutrient,270,336.0
38,Nutrient,270,1406.0
38,Nutrient,270,349.0
38,Nutrient,270,1460.0
38,Nutrient,270,299.0
38,Nutrient,270,1251.0
38,Nutrient,270,284.0
38,Nutrient,270,1188.0
38,Nutrient,270,382.0
38,Nutrient,270,1597.0
38,Nutrient,270,385.0
38,Nutrient,270,1612.0
38,Nutrient,270,408.0
38,Nutrient,270,1706.0
38,Nutrient,270,371.0
38,Nutrient,270,1552.0
38,Nutrient,270,387.0
38,Nutrient,270,1621.0
38,Nutrient,270,366.0
38,Nutrient,270,1531.0
38,Nutrient,270,389.0
38,Nutrient,270,1629.0
38,Nutrient,270,372.0
38,Nutrient,270,1556.0
38,Nutrient,270,368.0
38,Nutrient,270,1538.0
38,Nutrient,270,367.0
38,Nutrient,270,1536.0
38,Nutrient,270,371.0
38,Nutrient,270,1552.0
38,Nutrient,270,431.0
38,Nutrient,270,1805.0
38,Nutrient,270,360.0
38,Nutrient,270,1506.0
38,Nutrient,270,371.0
38,Nutrient,270,1552.0
38,Nutrient,270,333.0
38,Nutrient,270,1393.0
38,Nutrient,270,368.0
38,Nutrient,270,1540.0
38,Nutrient,270,356.0
38,Nutrient,270,1490.0
38,Nutrient,270,317.0
38,Nutrient,270,1326.0
38,Nutrient,270,338.0
38,Nutrient,270,1414.0
38,Nutrient,270,369.0
38,Nutrient,270,1544.0
38,Nutrient,270,379.0
38,Nutrient,270,1586.0
38,Nutrient,270,349.0
38,Nutrient,270,1460.0
38,Nutrient,270,395.0
38,Nutrient,270,1653.0
38,Nutrient,270,397.0
38,Nutrient,270,1660.0
38,Nutrient,270,433.0
38,Nutrient,270,1813.0
38,Nutrient,270,396.0
38,Nutrient,270,1657.0
38,Nutrient,270,361.0
38,Nutrient,270,1510.0
38,Nutrient,270,443.0
38,Nutrient,270,1854.0
38,Nutrient,270,362.0
38,Nutrient,270,1514.0
38,Nutrient,270,377.0
38,Nutrient,270,1576.0
38,Nutrient,270,390.0
38,Nutrient,270,1632.0
38,Nutrient,270,401.0
38,Nutrient,270,1678.0
38,Nutrient,270,395.0
38,Nutrient,270,1653.0
38,Nutrient,270,431.0
38,Nutrient,270,1803.0
38,Nutrient,270,402.0
38,Nutrient,270,1682.0
38,Nutrient,270,388.0
38,Nutrient,270,1623.0
38,Nutrient,270,404.0
38,Nutrient,270,1690.0
38,Nutrient,270,345.0
38,Nutrient,270,1445.0
38,Nutrient,270,327.0
38,Nutrient,270,1369.0
38,Nutrient,270,310.0
38,Nutrient,270,1297.0
38,Nutrient,270,367.0
38,Nutrient,270,1536.0
38,Nutrient,270,357.0
38,Nutrient,270,1494.0
38,Nutrient,270,379.0
38,Nutrient,270,1587.0
38,Nutrient,270,378.0
38,Nutrient,270,1582.0
38,Nutrient,270,381.0
38,Nutrient,270,1596.0
38,Nutrient,270,42.0
38,Nutrient,270,175.0
38,Nutrient,270,44.0
38,Nutrient,270,184.0
38,Nutrient,270,393.0
38,Nutrient,270,1644.0
38,Nutrient,270,367.0
38,Nutrient,270,1534.0
38,Nutrient,270,382.0
38,Nutrient,270,1598.0
38,Nutrient,270,406.0
38,Nutrient,270,1699.0
38,Nutrient,270,368.0
38,Nutrient,270,1540.0
38,Nutrient,270,366.0
38,Nutrient,270,1531.0
38,Nutrient,270,406.0
38,Nutrient,270,1699.0
38,Nutrient,270,373.0
38,Nutrient,270,1561.0
38,Nutrient,270,350.0
38,Nutrient,270,1464.0
38,Nutrient,270,369.0
38,Nutrient,270,1544.0
38,Nutrient,270,336.0
38,Nutrient,270,1406.0
38,Nutrient,270,347.0
38,Nutrient,270,1452.0
38,Nutrient,270,378.0
38,Nutrient,270,1582.0
38,Nutrient,270,388.0
38,Nutrient,270,1625.0
38,Nutrient,270,383.0
38,Nutrient,270,1602.0
38,Nutrient,270,383.0
38,Nutrient,270,1602.0
38,Nutrient,270,373.0
38,Nutrient,270,1561.0
38,Nutrient,270,397.0
38,Nutrient,270,1661.0
38,Nutrient,270,400.0
38,Nutrient,270,1674.0
38,Nutrient,270,422.0
38,Nutrient,270,1767.0
38,Nutrient,270,438.0
38,Nutrient,270,1833.0
38,Nutrient,270,381.0
38,Nutrient,270,1594.0
38,Nutrient,270,362.0
38,Nutrient,270,1515.0
38,Nutrient,270,362.0
38,Nutrient,270,1515.0
38,Nutrient,270,417.0
38,Nutrient,270,1745.0
38,Nutrient,270,396.0
38,Nutrient,270,1657.0
38,Nutrient,270,403.0
38,Nutrient,270,1686.0
38,Nutrient,270,356.0
38,Nutrient,270,1490.0
38,Nutrient,270,374.0
38,Nutrient,270,1565.0
38,Nutrient,270,376.0
38,Nutrient,270,1573.0
38,Nutrient,270,355.0
38,Nutrient,270,1484.0
38,Nutrient,270,56.0
38,Nutrient,270,234.0
38,Nutrient,270,52.0
38,Nutrient,270,219.0
38,Nutrient,270,359.0
38,Nutrient,270,1503.0
38,Nutrient,270,56.0
38,Nutrient,270,235.0
38,Nutrient,270,55.0
38,Nutrient,270,230.0
38,Nutrient,270,393.0
38,Nutrient,270,1644.0
38,Nutrient,270,347.0
38,Nutrient,270,1452.0
38,Nutrient,270,365.0
38,Nutrient,270,1525.0
38,Nutrient,270,370.0
38,Nutrient,270,1550.0
38,Nutrient,270,393.0
38,Nutrient,270,1644.0
38,Nutrient,270,328.0
38,Nutrient,270,1371.0
38,Nutrient,270,400.0
38,Nutrient,270,1674.0
38,Nutrient,270,377.0
38,Nutrient,270,1577.0
38,Nutrient,270,410.0
38,Nutrient,270,1715.0
38,Nutrient,270,361.0
38,Nutrient,270,1510.0
38,Nutrient,270,355.0
38,Nutrient,270,1485.0
38,Nutrient,270,350.0
38,Nutrient,270,1464.0
38,Nutrient,270,374.0
38,Nutrient,270,1566.0
38,Nutrient,270,379.0
38,Nutrient,270,1587.0
38,Nutrient,270,411.0
38,Nutrient,270,1721.0
38,Nutrient,270,403.0
38,Nutrient,270,1688.0
38,Nutrient,270,344.0
38,Nutrient,270,1438.0
38,Nutrient,270,321.0
38,Nutrient,270,1344.0
38,Nutrient,270,302.0
38,Nutrient,270,1261.0
38,Nutrient,270,312.0
38,Nutrient,270,1303.0
38,Nutrient,270,353.0
38,Nutrient,270,1479.0
38,Nutrient,270,375.0
38,Nutrient,270,1569.0
38,Nutrient,270,384.0
38,Nutrient,270,1607.0
38,Nutrient,270,363.0
38,Nutrient,270,1519.0
38,Nutrient,270,318.0
38,Nutrient,270,1331.0
38,Nutrient,270,367.0
38,Nutrient,270,1536.0
38,Nutrient,270,380.0
38,Nutrient,270,1590.0
38,Nutrient,270,375.0
38,Nutrient,270,1569.0
38,Nutrient,270,329.0
38,Nutrient,270,1377.0
38,Nutrient,270,355.0
38,Nutrient,270,1485.0
38,Nutrient,270,336.0
38,Nutrient,270,1406.0
38,Nutrient,270,347.0
38,Nutrient,270,1452.0
38,Nutrient,270,315.0
38,Nutrient,270,1318.0
38,Nutrient,270,362.0
38,Nutrient,270,1515.0
38,Nutrient,270,371.0
38,Nutrient,270,1552.0
38,Nutrient,270,386.0
38,Nutrient,270,1615.0
38,Nutrient,270,347.0
38,Nutrient,270,1452.0
38,Nutrient,270,348.0
38,Nutrient,270,1456.0
38,Nutrient,270,363.0
38,Nutrient,270,1518.0
38,Nutrient,270,366.0
38,Nutrient,270,1531.0
38,Nutrient,270,342.0
38,Nutrient,270,1431.0
38,Nutrient,270,342.0
38,Nutrient,270,1431.0
38,Nutrient,270,388.0
38,Nutrient,270,1623.0
38,Nutrient,270,385.0
38,Nutrient,270,1611.0
38,Nutrient,270,397.0
38,Nutrient,270,1661.0
38,Nutrient,270,401.0
38,Nutrient,270,1678.0
38,Nutrient,270,397.0
38,Nutrient,270,1661.0
38,Nutrient,270,373.0
38,Nutrient,270,1561.0
38,Nutrient,270,367.0
38,Nutrient,270,1536.0
38,Nutrient,270,355.0
38,Nutrient,270,1485.0
38,Nutrient,270,380.0
38,Nutrient,270,1590.0
38,Nutrient,270,393.0
38,Nutrient,270,1644.0
38,Nutrient,270,382.0
38,Nutrient,270,1600.0
38,Nutrient,270,377.0
38,Nutrient,270,1576.0
38,Nutrient,270,375.0
38,Nutrient,270,1569.0
38,Nutrient,270,370.0
38,Nutrient,270,1546.0
38,Nutrient,270,359.0
38,Nutrient,270,1502.0
38,Nutrient,270,367.0
38,Nutrient,270,1536.0
38,Nutrient,270,376.0
38,Nutrient,270,1573.0
38,Nutrient,270,369.0
38,Nutrient,270,1544.0
38,Nutrient,270,359.0
38,Nutrient,270,1502.0
38,Nutrient,270,390.0
38,Nutrient,270,1633.0
38,Nutrient,270,398.0
38,Nutrient,270,1665.0
38,Nutrient,270,340.0
38,Nutrient,270,1423.0
38,Nutrient,270,388.0
38,Nutrient,270,1623.0
38,Nutrient,270,373.0
38,Nutrient,270,1561.0
38,Nutrient,270,410.0
38,Nutrient,270,1713.0
38,Nutrient,270,406.0
38,Nutrient,270,1700.0
38,Nutrient,270,379.0
38,Nutrient,270,1584.0
38,Nutrient,270,402.0
38,Nutrient,270,1682.0
38,Nutrient,270,352.0
38,Nutrient,270,1473.0
38,Nutrient,270,388.0
38,Nutrient,270,1623.0
38,Nutrient,270,385.0
38,Nutrient,270,1611.0
38,Nutrient,270,73.0
38,Nutrient,270,304.0
38,Nutrient,270,344.0
38,Nutrient,270,1438.0
38,Nutrient,270,380.0
38,Nutrient,270,1590.0
38,Nutrient,270,388.0
38,Nutrient,270,1623.0
38,Nutrient,270,398.0
38,Nutrient,270,1667.0
38,Nutrient,270,353.0
38,Nutrient,270,1477.0
38,Nutrient,272,110.0
38,Nutrient,272,460.0
38,Nutrient,272,122.0
38,Nutrient,272,509.0
38,Nutrient,272,193.0
38,Nutrient,272,807.0
38,Nutrient,272,331.0
38,Nutrient,272,1386.0
38,Nutrient,272,338.0
38,Nutrient,272,1414.0
38,Nutrient,272,77.0
38,Nutrient,272,322.0
38,Nutrient,272,196.0
38,Nutrient,272,822.0
38,Nutrient,272,388.0
38,Nutrient,272,1623.0
38,Nutrient,272,380.0
38,Nutrient,272,1590.0
38,Nutrient,272,70.0
38,Nutrient,272,291.0
38,Nutrient,272,331.0
38,Nutrient,272,1386.0
38,Nutrient,272,328.0
38,Nutrient,272,1372.0
38,Nutrient,272,326.0
38,Nutrient,272,1364.0
38,Nutrient,272,321.0
38,Nutrient,272,1345.0
38,Nutrient,272,151.0
38,Nutrient,272,630.0
38,Nutrient,273,370.0
38,Nutrient,273,1548.0
38,Nutrient,274,573.0
38,Nutrient,274,1539.0
38,Nutrient,274,1490.0
38,Nutrient,274,351.0
38,Nutrient,274,1470.0
38,Nutrient,274,357.0
38,Nutrient,274,1494.0
38,Nutrient,274,126.0
38,Nutrient,274,527.0
38,Nutrient,274,288.0
38,Nutrient,274,1205.0
38,Nutrient,274,131.0
38,Nutrient,274,548.0
38,Nutrient,274,289.0
38,Nutrient,274,1209.0
38,Nutrient,274,130.0
38,Nutrient,274,544.0
38,Nutrient,274,130.0
38,Nutrient,274,544.0
38,Nutrient,274,124.0
38,Nutrient,274,519.0
38,Nutrient,274,371.0
38,Nutrient,274,1553.0
38,Nutrient,274,158.0
38,Nutrient,274,660.0
38,Nutrient,274,375.0
38,Nutrient,274,1569.0
38,Nutrient,274,164.0
38,Nutrient,274,686.0
38,Nutrient,274,367.0
38,Nutrient,274,1536.0
38,Nutrient,274,128.0
38,Nutrient,274,536.0
38,Nutrient,274,348.0
38,Nutrient,274,1456.0
38,Nutrient,274,124.0
38,Nutrient,274,519.0
38,Nutrient,274,384.0
38,Nutrient,274,1609.0
38,Nutrient,274,138.0
38,Nutrient,274,578.0
38,Nutrient,274,382.0
38,Nutrient,274,1598.0
38,Nutrient,274,132.0
38,Nutrient,274,552.0
38,Nutrient,274,527.0
38,Nutrient,274,2205.0
38,Nutrient,274,336.0
38,Nutrient,274,1406.0
38,Nutrient,274,99.0
38,Nutrient,274,414.0
38,Nutrient,274,356.0
38,Nutrient,274,1490.0
38,Nutrient,274,131.0
38,Nutrient,274,548.0
38,Nutrient,274,521.0
38,Nutrient,274,2181.0
38,Nutrient,274,371.0
38,Nutrient,274,1553.0
38,Nutrient,274,158.0
38,Nutrient,274,660.0
38,Nutrient,274,375.0
38,Nutrient,274,1569.0
38,Nutrient,274,164.0
38,Nutrient,274,686.0
38,Nutrient,274,348.0
38,Nutrient,274,1456.0
38,Nutrient,274,124.0
38,Nutrient,274,519.0
38,Nutrient,274,372.0
38,Nutrient,274,1556.0
38,Nutrient,274,130.0
38,Nutrient,274,544.0
38,Nutrient,274,364.0
38,Nutrient,274,1523.0
38,Nutrient,274,109.0
38,Nutrient,274,456.0
38,Nutrient,274,374.0
38,Nutrient,274,1565.0
38,Nutrient,274,164.0
38,Nutrient,274,686.0
38,Nutrient,274,138.0
38,Nutrient,274,578.0
38,Nutrient,274,157.0
38,Nutrient,274,655.0
38,Nutrient,274,158.0
38,Nutrient,274,660.0
38,Nutrient,274,384.0
38,Nutrient,274,1609.0
38,Nutrient,274,138.0
38,Nutrient,274,578.0
38,Nutrient,274,371.0
38,Nutrient,274,1553.0
38,Nutrient,274,158.0
38,Nutrient,274,660.0
38,Nutrient,274,371.0
38,Nutrient,274,1553.0
38,Nutrient,274,138.0
38,Nutrient,274,578.0
38,Nutrient,274,157.0
38,Nutrient,274,655.0
38,Nutrient,274,164.0
38,Nutrient,274,686.0
38,Nutrient,274,374.0
38,Nutrient,274,1565.0
38,Nutrient,274,331.0
38,Nutrient,274,1383.0
38,Nutrient,275,1802.0
38,Nutrient,275,1927.0
38,Nutrient,275,2224.0
38,Nutrient,275,2191.0
38,Nutrient,275,1936.0
38,Nutrient,275,2107.0
38,Nutrient,275,365.0
38,Nutrient,275,1526.0
38,Nutrient,275,428.0
38,Nutrient,275,1791.0
38,Nutrient,275,335.0
38,Nutrient,275,1402.0
38,Nutrient,275,257.0
38,Nutrient,275,1074.0
38,Nutrient,275,300.0
38,Nutrient,275,1254.0
38,Nutrient,275,322.0
38,Nutrient,275,1349.0
38,Nutrient,275,352.0
38,Nutrient,275,1472.0
38,Nutrient,275,353.0
38,Nutrient,275,1477.0
38,Nutrient,275,263.0
38,Nutrient,275,1100.0
38,Nutrient,275,446.0
38,Nutrient,275,1866.0
38,Nutrient,275,405.0
38,Nutrient,275,1695.0
38,Nutrient,275,434.0
38,Nutrient,275,1816.0
38,Nutrient,275,466.0
38,Nutrient,275,1950.0
38,Nutrient,275,467.0
38,Nutrient,275,1954.0
38,Nutrient,275,349.0
38,Nutrient,275,1460.0
38,Nutrient,275,433.0
38,Nutrient,275,1812.0
38,Nutrient,275,453.0
38,Nutrient,275,1895.0
38,Nutrient,275,474.0
38,Nutrient,275,1984.0
38,Nutrient,275,454.0
38,Nutrient,275,1898.0
38,Nutrient,275,497.0
38,Nutrient,275,2079.0
38,Nutrient,275,443.0
38,Nutrient,275,1854.0
38,Nutrient,275,492.0
38,Nutrient,275,2059.0
38,Nutrient,275,488.0
38,Nutrient,275,2042.0
38,Nutrient,275,469.0
38,Nutrient,275,1964.0
38,Nutrient,275,481.0
38,Nutrient,275,2013.0
38,Nutrient,275,497.0
38,Nutrient,275,2081.0
38,Nutrient,275,404.0
38,Nutrient,275,1690.0
38,Nutrient,275,348.0
38,Nutrient,275,1456.0
38,Nutrient,275,378.0
38,Nutrient,275,1582.0
38,Nutrient,275,416.0
38,Nutrient,275,1741.0
38,Nutrient,275,423.0
38,Nutrient,275,1770.0
38,Nutrient,275,484.0
38,Nutrient,275,2025.0
38,Nutrient,275,365.0
38,Nutrient,275,1527.0
38,Nutrient,275,421.0
38,Nutrient,275,1761.0
38,Nutrient,275,430.0
38,Nutrient,275,1799.0
38,Nutrient,275,450.0
38,Nutrient,275,1883.0
38,Nutrient,275,409.0
38,Nutrient,275,1711.0
38,Nutrient,275,462.0
38,Nutrient,275,1933.0
38,Nutrient,275,424.0
38,Nutrient,275,1774.0
38,Nutrient,275,471.0
38,Nutrient,275,1971.0
38,Nutrient,275,435.0
38,Nutrient,275,1820.0
38,Nutrient,275,477.0
38,Nutrient,275,1996.0
38,Nutrient,275,457.0
38,Nutrient,275,1912.0
38,Nutrient,275,458.0
38,Nutrient,275,1916.0
38,Nutrient,275,503.0
38,Nutrient,275,2105.0
38,Nutrient,275,475.0
38,Nutrient,275,1987.0
38,Nutrient,275,478.0
38,Nutrient,275,2000.0
38,Nutrient,275,401.0
38,Nutrient,275,1678.0
38,Nutrient,275,502.0
38,Nutrient,275,2100.0
38,Nutrient,275,542.0
38,Nutrient,275,2268.0
38,Nutrient,275,426.0
38,Nutrient,275,1782.0
38,Nutrient,275,384.0
38,Nutrient,275,1607.0
38,Nutrient,275,450.0
38,Nutrient,275,1883.0
38,Nutrient,275,461.0
38,Nutrient,275,1929.0
38,Nutrient,275,449.0
38,Nutrient,275,1879.0
38,Nutrient,275,535.0
38,Nutrient,275,2238.0
38,Nutrient,275,502.0
38,Nutrient,275,2100.0
38,Nutrient,275,431.0
38,Nutrient,275,1803.0
38,Nutrient,275,478.0
38,Nutrient,275,2000.0
38,Nutrient,275,436.0
38,Nutrient,275,1824.0
38,Nutrient,275,484.0
38,Nutrient,275,2025.0
38,Nutrient,275,472.0
38,Nutrient,275,1975.0
38,Nutrient,275,502.0
38,Nutrient,275,2102.0
38,Nutrient,275,483.0
38,Nutrient,275,2021.0
38,Nutrient,275,441.0
38,Nutrient,275,1845.0
38,Nutrient,275,473.0
38,Nutrient,275,1979.0
38,Nutrient,275,447.0
38,Nutrient,275,1870.0
38,Nutrient,275,488.0
38,Nutrient,275,2042.0
38,Nutrient,275,467.0
38,Nutrient,275,1954.0
38,Nutrient,275,481.0
38,Nutrient,275,2013.0
38,Nutrient,275,365.0
38,Nutrient,275,1527.0
38,Nutrient,275,326.0
38,Nutrient,275,1364.0
38,Nutrient,275,442.0
38,Nutrient,275,1849.0
38,Nutrient,275,497.0
38,Nutrient,275,2079.0
38,Nutrient,275,460.0
38,Nutrient,275,1924.0
38,Nutrient,275,400.0
38,Nutrient,275,1673.0
38,Nutrient,275,431.0
38,Nutrient,275,1802.0
38,Nutrient,275,430.0
38,Nutrient,275,1799.0
38,Nutrient,275,420.0
38,Nutrient,275,1759.0
38,Nutrient,275,435.0
38,Nutrient,275,1822.0
38,Nutrient,275,403.0
38,Nutrient,275,1687.0
38,Nutrient,275,421.0
38,Nutrient,275,1763.0
38,Nutrient,275,406.0
38,Nutrient,275,1701.0
38,Nutrient,275,406.0
38,Nutrient,275,1698.0
38,Nutrient,275,468.0
38,Nutrient,275,1956.0
38,Nutrient,275,480.0
38,Nutrient,275,2008.0
38,Nutrient,275,400.0
38,Nutrient,275,1675.0
38,Nutrient,275,400.0
38,Nutrient,275,1675.0
38,Nutrient,275,424.0
38,Nutrient,275,1773.0
38,Nutrient,275,465.0
38,Nutrient,275,1946.0
38,Nutrient,275,475.0
38,Nutrient,275,1988.0
38,Nutrient,275,548.0
38,Nutrient,275,2293.0
38,Nutrient,275,407.0
38,Nutrient,275,1705.0
38,Nutrient,275,388.0
38,Nutrient,275,1623.0
38,Nutrient,275,234.0
38,Nutrient,275,981.0
38,Nutrient,275,482.0
38,Nutrient,275,2017.0
38,Nutrient,275,317.0
38,Nutrient,275,1327.0
38,Nutrient,275,307.0
38,Nutrient,275,1286.0
38,Nutrient,275,305.0
38,Nutrient,275,1276.0
38,Nutrient,275,445.0
38,Nutrient,275,1863.0
38,Nutrient,275,446.0
38,Nutrient,275,1866.0
38,Nutrient,275,423.0
38,Nutrient,275,1770.0
38,Nutrient,275,344.0
38,Nutrient,275,1438.0
38,Nutrient,275,480.0
38,Nutrient,275,2008.0
38,Nutrient,275,447.0
38,Nutrient,275,1870.0
38,Nutrient,275,408.0
38,Nutrient,275,1705.0
38,Nutrient,275,356.0
38,Nutrient,275,1490.0
38,Nutrient,275,344.0
38,Nutrient,275,1438.0
38,Nutrient,277,974.0
38,Nutrient,277,936.0
38,Nutrient,277,945.0
38,Nutrient,277,963.0
38,Nutrient,279,231.0
38,Nutrient,279,967.0
38,Nutrient,279,275.0
38,Nutrient,279,1151.0
38,Nutrient,279,295.0
38,Nutrient,279,1234.0
38,Nutrient,279,250.0
38,Nutrient,279,1046.0
38,Nutrient,279,263.0
38,Nutrient,279,1100.0
38,Nutrient,280,105.0
38,Nutrient,280,439.0
38,Nutrient,280,189.0
38,Nutrient,280,791.0
38,Nutrient,281,69.0
38,Nutrient,281,290.0
38,Nutrient,282,32.0
38,Nutrient,282,134.0
38,Nutrient,282,23.0
38,Nutrient,282,96.0
38,Nutrient,283,387.0
38,Nutrient,283,1619.0
38,Nutrient,283,509.0
38,Nutrient,283,2130.0
38,Nutrient,283,501.0
38,Nutrient,283,2096.0
38,Nutrient,284,40.0
38,Nutrient,284,167.0
38,Nutrient,284,56.0
38,Nutrient,284,234.0
38,Nutrient,284,34.0
38,Nutrient,284,141.0
38,Nutrient,284,40.0
38,Nutrient,284,167.0
38,Nutrient,284,50.0
38,Nutrient,284,209.0
38,Nutrient,284,30.0
38,Nutrient,284,125.0
38,Nutrient,284,56.0
38,Nutrient,284,234.0
38,Nutrient,284,34.0
38,Nutrient,284,141.0
38,Nutrient,284,50.0
38,Nutrient,284,209.0
38,Nutrient,284,30.0
38,Nutrient,284,125.0
38,Nutrient,285,26.0
38,Nutrient,285,109.0
38,Nutrient,285,306.0
38,Nutrient,285,1282.0
38,Nutrient,286,84.0
38,Nutrient,286,351.0
38,Nutrient,286,97.0
38,Nutrient,286,406.0
38,Nutrient,287,1702.0
38,Nutrient,287,113.0
38,Nutrient,287,23.0
38,Nutrient,287,96.0
38,Nutrient,288,263.0
38,Nutrient,288,1099.0
38,Nutrient,289,23.0
38,Nutrient,289,97.0
38,Nutrient,289,21.0
38,Nutrient,289,88.0
38,Nutrient,289,21.0
38,Nutrient,289,88.0
38,Nutrient,289,371.0
38,Nutrient,289,1554.0
38,Nutrient,289,102.0
38,Nutrient,289,429.0
38,Nutrient,290,99.0
38,Nutrient,290,414.0
38,Nutrient,290,78.0
38,Nutrient,290,326.0
38,Nutrient,290,78.0
38,Nutrient,290,326.0
38,Nutrient,291,65.0
38,Nutrient,291,271.0
38,Nutrient,291,357.0
38,Nutrient,291,1494.0
38,Nutrient,292,42.0
38,Nutrient,292,176.0
38,Nutrient,293,158.0
38,Nutrient,293,661.0
38,Nutrient,293,203.0
38,Nutrient,293,849.0
38,Nutrient,293,262.0
38,Nutrient,293,1096.0
38,Nutrient,293,217.0
38,Nutrient,293,908.0
38,Nutrient,293,208.0
38,Nutrient,293,870.0
38,Nutrient,294,205.0
38,Nutrient,294,858.0
38,Nutrient,294,262.0
38,Nutrient,294,1096.0
38,Nutrient,295,79.0
38,Nutrient,295,332.0
38,Nutrient,295,96.0
38,Nutrient,295,401.0
38,Nutrient,296,92.0
38,Nutrient,296,385.0
38,Nutrient,296,118.0
38,Nutrient,296,494.0
38,Nutrient,297,374.0
38,Nutrient,297,96.0
38,Nutrient,297,402.0
38,Nutrient,297,123.0
38,Nutrient,297,515.0
38,Nutrient,298,106.0
38,Nutrient,298,106.0
38,Nutrient,298,172.0
38,Nutrient,298,27.0
38,Nutrient,298,115.0
38,Nutrient,298,12.0
38,Nutrient,298,50.0
38,Nutrient,298,19.0
38,Nutrient,298,79.0
38,Nutrient,298,11.0
38,Nutrient,298,46.0
38,Nutrient,299,97.0
38,Nutrient,299,406.0
38,Nutrient,299,124.0
38,Nutrient,299,519.0
38,Nutrient,301,576.0
38,Nutrient,301,2410.0
38,Nutrient,302,327.0
38,Nutrient,302,1370.0
38,Nutrient,302,291.0
38,Nutrient,302,1217.0
38,Nutrient,302,111.0
38,Nutrient,302,462.0
38,Nutrient,302,271.0
38,Nutrient,302,1135.0
38,Nutrient,302,117.0
38,Nutrient,302,488.0
38,Nutrient,302,900.0
38,Nutrient,302,3766.0
38,Nutrient,305,82.0
38,Nutrient,305,342.0
38,Nutrient,306,87.0
38,Nutrient,306,364.0
38,Nutrient,306,83.0
38,Nutrient,306,347.0
38,Nutrient,306,83.0
38,Nutrient,306,347.0
38,Nutrient,306,155.0
38,Nutrient,306,649.0
38,Nutrient,307,86.0
38,Nutrient,307,360.0
38,Nutrient,307,172.0
38,Nutrient,307,720.0
38,Nutrient,308,144.0
38,Nutrient,308,602.0
38,Nutrient,308,184.0
38,Nutrient,308,770.0
38,Nutrient,309,124.0
38,Nutrient,309,519.0
38,Nutrient,309,159.0
38,Nutrient,309,665.0
38,Nutrient,311,870.0
38,Nutrient,311,3640.0
38,Nutrient,311,465.0
38,Nutrient,311,1947.0
38,Nutrient,311,900.0
38,Nutrient,311,3766.0
38,Nutrient,312,103.0
38,Nutrient,312,431.0
38,Nutrient,312,191.0
38,Nutrient,312,799.0
38,Nutrient,312,168.0
38,Nutrient,312,703.0
38,Nutrient,312,207.0
38,Nutrient,312,866.0
38,Nutrient,313,217.0
38,Nutrient,313,908.0
38,Nutrient,313,367.0
38,Nutrient,313,1536.0
38,Nutrient,314,22.0
38,Nutrient,314,92.0
38,Nutrient,314,33.0
38,Nutrient,314,136.0
38,Nutrient,317,297.0
38,Nutrient,317,90.0
38,Nutrient,317,377.0
38,Nutrient,317,115.0
38,Nutrient,317,481.0
38,Nutrient,318,14.0
38,Nutrient,318,59.0
38,Nutrient,318,8.0
38,Nutrient,318,33.0
38,Nutrient,318,3.0
38,Nutrient,318,13.0
38,Nutrient,318,8.0
38,Nutrient,318,33.0
38,Nutrient,319,146.0
38,Nutrient,319,611.0
38,Nutrient,319,187.0
38,Nutrient,319,782.0
38,Nutrient,320,612.0
38,Nutrient,320,2561.0
38,Nutrient,321,45.0
38,Nutrient,321,188.0
38,Nutrient,321,40.0
38,Nutrient,321,167.0
38,Nutrient,321,57.0
38,Nutrient,321,237.0
38,Nutrient,321,39.0
38,Nutrient,321,163.0
38,Nutrient,321,40.0
38,Nutrient,321,167.0
38,Nutrient,321,39.0
38,Nutrient,321,165.0
38,Nutrient,322,14.0
38,Nutrient,322,59.0
38,Nutrient,322,15.0
38,Nutrient,322,63.0
38,Nutrient,322,258.0
38,Nutrient,322,1079.0
38,Nutrient,322,13.0
38,Nutrient,322,53.0
38,Nutrient,323,17.0
38,Nutrient,323,71.0
38,Nutrient,323,22.0
38,Nutrient,323,92.0
38,Nutrient,323,20.0
38,Nutrient,323,82.0
38,Nutrient,325,62.0
38,Nutrient,325,259.0
38,Nutrient,326,222.0
38,Nutrient,326,929.0
38,Nutrient,327,127.0
38,Nutrient,327,531.0
38,Nutrient,327,162.0
38,Nutrient,327,678.0
38,Nutrient,328,666.0
38,Nutrient,328,160.0
38,Nutrient,328,667.0
38,Nutrient,329,95.0
38,Nutrient,329,397.0
38,Nutrient,329,229.0
38,Nutrient,329,956.0
38,Nutrient,329,105.0
38,Nutrient,329,439.0
38,Nutrient,329,119.0
38,Nutrient,329,496.0
38,Nutrient,329,144.0
38,Nutrient,329,601.0
38,Nutrient,330,78.0
38,Nutrient,330,19.0
38,Nutrient,330,80.0
38,Nutrient,330,24.0
38,Nutrient,330,100.0
38,Nutrient,330,22.0
38,Nutrient,330,90.0
38,Nutrient,331,331.0
38,Nutrient,331,75.0
38,Nutrient,331,313.0
38,Nutrient,332,105.0
38,Nutrient,332,247.0
38,Nutrient,332,237.0
38,Nutrient,332,990.0
38,Nutrient,333,486.0
38,Nutrient,333,2034.0
38,Nutrient,335,22.0
38,Nutrient,335,94.0
38,Nutrient,336,224.0
38,Nutrient,336,937.0
38,Nutrient,336,363.0
38,Nutrient,336,1519.0
38,Nutrient,336,153.0
38,Nutrient,336,640.0
38,Nutrient,336,239.0
38,Nutrient,336,1000.0
38,Nutrient,337,97.0
38,Nutrient,337,406.0
38,Nutrient,337,50.0
38,Nutrient,337,210.0
38,Nutrient,338,24.0
38,Nutrient,338,99.0
38,Nutrient,338,20.0
38,Nutrient,338,84.0
38,Nutrient,338,24.0
38,Nutrient,338,100.0
38,Nutrient,338,20.0
38,Nutrient,338,84.0
38,Nutrient,339,98.0
38,Nutrient,339,410.0
38,Nutrient,339,177.0
38,Nutrient,339,741.0
38,Nutrient,340,79.0
38,Nutrient,340,331.0
38,Nutrient,341,2833.0
38,Nutrient,341,3700.0
38,Nutrient,341,1553.0
38,Nutrient,341,3700.0
38,Nutrient,341,862.0
38,Nutrient,341,3607.0
38,Nutrient,341,884.0
38,Nutrient,341,3699.0
38,Nutrient,341,884.0
38,Nutrient,341,3699.0
38,Nutrient,341,880.0
38,Nutrient,341,3680.0
38,Nutrient,341,354.0
38,Nutrient,341,1481.0
38,Nutrient,341,660.0
38,Nutrient,341,2761.0
38,Nutrient,341,456.0
38,Nutrient,341,1908.0
38,Nutrient,341,443.0
38,Nutrient,341,1854.0
38,Nutrient,341,592.0
38,Nutrient,341,2477.0
38,Nutrient,341,330.0
38,Nutrient,341,1381.0
38,Nutrient,341,357.0
38,Nutrient,341,1494.0
38,Nutrient,341,230.0
38,Nutrient,341,962.0
38,Nutrient,341,197.0
38,Nutrient,341,824.0
38,Nutrient,341,19.0
38,Nutrient,341,79.0
38,Nutrient,341,202.0
38,Nutrient,341,845.0
38,Nutrient,341,684.0
38,Nutrient,341,2862.0
38,Nutrient,341,501.0
38,Nutrient,341,2096.0
38,Nutrient,342,69.0
38,Nutrient,342,288.0
38,Nutrient,342,85.0
38,Nutrient,342,354.0
38,Nutrient,343,82.0
38,Nutrient,343,343.0
38,Nutrient,343,105.0
38,Nutrient,343,440.0
38,Nutrient,343,105.0
38,Nutrient,343,439.0
38,Nutrient,343,290.0
38,Nutrient,343,1212.0
38,Nutrient,344,338.0
38,Nutrient,344,82.0
38,Nutrient,344,343.0
38,Nutrient,344,164.0
38,Nutrient,344,686.0
38,Nutrient,345,21.0
38,Nutrient,345,88.0
38,Nutrient,346,3700.0
38,Nutrient,346,884.0
38,Nutrient,346,3699.0
38,Nutrient,346,884.0
38,Nutrient,346,3699.0
38,Nutrient,346,359.0
38,Nutrient,346,1502.0
38,Nutrient,346,332.0
38,Nutrient,346,1389.0
38,Nutrient,346,367.0
38,Nutrient,346,1536.0
38,Nutrient,346,506.0
38,Nutrient,346,2117.0
38,Nutrient,347,343.0
38,Nutrient,347,1435.0
38,Nutrient,347,117.0
38,Nutrient,347,490.0
38,Nutrient,347,117.0
38,Nutrient,347,490.0
38,Nutrient,348,352.0
38,Nutrient,348,76.0
38,Nutrient,348,318.0
38,Nutrient,349,55.0
38,Nutrient,349,232.0
38,Nutrient,350,104.0
38,Nutrient,350,435.0
38,Nutrient,350,221.0
38,Nutrient,350,925.0
38,Nutrient,351,87.0
38,Nutrient,351,364.0
38,Nutrient,351,112.0
38,Nutrient,351,469.0
38,Nutrient,352,79.0
38,Nutrient,352,331.0
38,Nutrient,352,158.0
38,Nutrient,352,661.0
38,Nutrient,354,97.0
38,Nutrient,354,407.0
38,Nutrient,355,22.0
38,Nutrient,355,92.0
38,Nutrient,355,20.0
38,Nutrient,355,84.0
38,Nutrient,355,20.0
38,Nutrient,355,84.0
38,Nutrient,356,85.0
38,Nutrient,356,356.0
38,Nutrient,356,109.0
38,Nutrient,356,456.0
38,Nutrient,357,119.0
38,Nutrient,357,498.0
38,Nutrient,357,153.0
38,Nutrient,357,640.0
38,Nutrient,359,86.0
38,Nutrient,359,360.0
38,Nutrient,359,110.0
38,Nutrient,359,460.0
38,Nutrient,360,147.0
38,Nutrient,360,615.0
38,Nutrient,361,51.0
38,Nutrient,361,213.0
38,Nutrient,361,102.0
38,Nutrient,361,427.0
38,Nutrient,361,68.0
38,Nutrient,361,287.0
38,Nutrient,361,79.0
38,Nutrient,361,331.0
38,Nutrient,361,59.0
38,Nutrient,361,247.0
38,Nutrient,361,79.0
38,Nutrient,361,331.0
38,Nutrient,362,184.0
38,Nutrient,362,770.0
38,Nutrient,362,236.0
38,Nutrient,362,987.0
38,Nutrient,363,758.0
38,Nutrient,363,129.0
38,Nutrient,363,280.0
38,Nutrient,363,73.0
38,Nutrient,363,305.0
38,Nutrient,366,150.0
38,Nutrient,366,628.0
38,Nutrient,367,131.0
38,Nutrient,367,548.0
38,Nutrient,367,210.0
38,Nutrient,367,879.0
38,Nutrient,368,213.0
38,Nutrient,368,891.0
38,Nutrient,368,196.0
38,Nutrient,368,820.0
38,Nutrient,368,374.0
38,Nutrient,368,1565.0
38,Nutrient,368,369.0
38,Nutrient,368,1544.0
38,Nutrient,368,131.0
38,Nutrient,368,548.0
38,Nutrient,368,245.0
38,Nutrient,368,1025.0
38,Nutrient,369,390.0
38,Nutrient,369,95.0
38,Nutrient,369,397.0
38,Nutrient,369,122.0
38,Nutrient,369,510.0
38,Nutrient,370,103.0
38,Nutrient,370,431.0
38,Nutrient,370,44.0
38,Nutrient,370,186.0
38,Nutrient,371,164.0
38,Nutrient,371,686.0
38,Nutrient,371,211.0
38,Nutrient,371,883.0
38,Nutrient,372,182.0
38,Nutrient,372,761.0
38,Nutrient,372,348.0
38,Nutrient,372,1456.0
38,Nutrient,372,111.0
38,Nutrient,372,464.0
38,Nutrient,374,268.0
38,Nutrient,374,261.0
38,Nutrient,374,3700.0
38,Nutrient,374,1412.0
38,Nutrient,374,884.0
38,Nutrient,374,3699.0
38,Nutrient,374,60.0
38,Nutrient,374,252.0
38,Nutrient,374,67.0
38,Nutrient,374,280.0
38,Nutrient,374,40.0
38,Nutrient,374,167.0
38,Nutrient,374,76.0
38,Nutrient,374,319.0
38,Nutrient,374,60.0
38,Nutrient,374,252.0
38,Nutrient,374,179.0
38,Nutrient,374,749.0
38,Nutrient,374,51.0
38,Nutrient,374,213.0
38,Nutrient,374,69.0
38,Nutrient,374,287.0
38,Nutrient,374,61.0
38,Nutrient,374,257.0
38,Nutrient,374,57.0
38,Nutrient,374,237.0
38,Nutrient,375,788.0
38,Nutrient,375,788.0
38,Nutrient,375,849.0
38,Nutrient,375,186.0
38,Nutrient,375,778.0
38,Nutrient,375,239.0
38,Nutrient,375,1000.0
38,Nutrient,376,172.0
38,Nutrient,376,53.0
38,Nutrient,376,222.0
38,Nutrient,377,92.0
38,Nutrient,377,385.0
38,Nutrient,377,118.0
38,Nutrient,377,494.0
38,Nutrient,379,827.0
38,Nutrient,379,3696.0
38,Nutrient,379,358.0
38,Nutrient,379,74.0
38,Nutrient,379,309.0
38,Nutrient,379,90.0
38,Nutrient,379,378.0
38,Nutrient,379,116.0
38,Nutrient,379,485.0
38,Nutrient,380,91.0
38,Nutrient,380,382.0
38,Nutrient,380,111.0
38,Nutrient,380,464.0
38,Nutrient,380,116.0
38,Nutrient,380,484.0
38,Nutrient,380,113.0
38,Nutrient,380,473.0
38,Nutrient,381,2502.0
38,Nutrient,381,884.0
38,Nutrient,381,3699.0
38,Nutrient,381,628.0
38,Nutrient,381,2629.0
38,Nutrient,381,629.0
38,Nutrient,381,2630.0
38,Nutrient,381,646.0
38,Nutrient,381,2703.0
38,Nutrient,381,628.0
38,Nutrient,381,2629.0
38,Nutrient,382,657.0
38,Nutrient,382,2749.0
38,Nutrient,384,64.0
38,Nutrient,384,268.0
38,Nutrient,384,60.0
38,Nutrient,384,251.0
38,Nutrient,384,37.0
38,Nutrient,384,155.0
38,Nutrient,384,36.0
38,Nutrient,384,151.0
38,Nutrient,384,60.0
38,Nutrient,384,251.0
38,Nutrient,384,36.0
38,Nutrient,384,151.0
38,Nutrient,385,44.0
38,Nutrient,385,186.0
38,Nutrient,385,37.0
38,Nutrient,385,156.0
38,Nutrient,385,61.0
38,Nutrient,385,255.0
38,Nutrient,386,46.0
38,Nutrient,386,192.0
38,Nutrient,386,50.0
38,Nutrient,386,209.0
38,Nutrient,386,50.0
38,Nutrient,386,209.0
38,Nutrient,386,344.0
38,Nutrient,386,1441.0
38,Nutrient,386,117.0
38,Nutrient,386,491.0
38,Nutrient,386,117.0
38,Nutrient,386,490.0
38,Nutrient,387,49.0
38,Nutrient,387,205.0
38,Nutrient,388,156.0
38,Nutrient,388,653.0
38,Nutrient,389,95.0
38,Nutrient,389,397.0
38,Nutrient,389,92.0
38,Nutrient,389,385.0
38,Nutrient,390,360.0
38,Nutrient,390,1506.0
38,Nutrient,390,154.0
38,Nutrient,390,644.0
38,Nutrient,390,56.0
38,Nutrient,390,234.0
38,Nutrient,390,201.0
38,Nutrient,390,841.0
38,Nutrient,391,60.0
38,Nutrient,391,251.0
38,Nutrient,392,274.0
38,Nutrient,392,73.0
38,Nutrient,392,304.0
38,Nutrient,393,79.0
38,Nutrient,393,331.0
38,Nutrient,393,287.0
38,Nutrient,393,1201.0
38,Nutrient,394,34.0
38,Nutrient,394,142.0
38,Nutrient,394,37.0
38,Nutrient,394,153.0
38,Nutrient,394,37.0
38,Nutrient,394,153.0
38,Nutrient,395,135.0
38,Nutrient,395,116.0
38,Nutrient,395,245.0
38,Nutrient,395,28.0
38,Nutrient,395,117.0
38,Nutrient,395,28.0
38,Nutrient,395,117.0
38,Nutrient,395,30.0
38,Nutrient,395,124.0
38,Nutrient,395,42.0
38,Nutrient,395,176.0
38,Nutrient,395,28.0
38,Nutrient,395,117.0
38,Nutrient,395,28.0
38,Nutrient,395,117.0
38,Nutrient,395,30.0
38,Nutrient,395,124.0
38,Nutrient,395,28.0
38,Nutrient,395,118.0
38,Nutrient,396,43.0
38,Nutrient,396,180.0
38,Nutrient,397,105.0
38,Nutrient,397,439.0
38,Nutrient,397,134.0
38,Nutrient,397,561.0
38,Nutrient,398,273.0
38,Nutrient,398,71.0
38,Nutrient,398,296.0
38,Nutrient,399,43.0
38,Nutrient,399,180.0
38,Nutrient,399,32.0
38,Nutrient,399,134.0
38,Nutrient,399,32.0
38,Nutrient,399,134.0
38,Nutrient,399,47.0
38,Nutrient,399,197.0
38,Nutrient,399,48.0
38,Nutrient,399,199.0
38,Nutrient,400,83.0
38,Nutrient,400,346.0
38,Nutrient,401,61.0
38,Nutrient,401,255.0
38,Nutrient,401,31.0
38,Nutrient,401,130.0
38,Nutrient,401,321.0
38,Nutrient,401,1344.0
38,Nutrient,401,31.0
38,Nutrient,401,130.0
38,Nutrient,402,344.0
38,Nutrient,402,87.0
38,Nutrient,402,364.0
38,Nutrient,402,111.0
38,Nutrient,402,464.0
38,Nutrient,403,85.0
38,Nutrient,403,356.0
38,Nutrient,403,109.0
38,Nutrient,403,456.0
38,Nutrient,403,79.0
38,Nutrient,403,330.0
38,Nutrient,403,424.0
38,Nutrient,403,1776.0
38,Nutrient,404,77.0
38,Nutrient,404,324.0
38,Nutrient,404,89.0
38,Nutrient,404,372.0
38,Nutrient,405,210.0
38,Nutrient,405,55.0
38,Nutrient,405,230.0
38,Nutrient,406,332.0
38,Nutrient,406,1389.0
38,Nutrient,406,89.0
38,Nutrient,406,372.0
38,Nutrient,407,74.0
38,Nutrient,407,311.0
38,Nutrient,407,66.0
38,Nutrient,407,278.0
38,Nutrient,407,66.0
38,Nutrient,407,278.0
38,Nutrient,408,371.0
38,Nutrient,408,1552.0
38,Nutrient,408,119.0
38,Nutrient,408,497.0
38,Nutrient,408,116.0
38,Nutrient,408,487.0
38,Nutrient,409,19.0
38,Nutrient,409,79.0
38,Nutrient,409,23.0
38,Nutrient,409,96.0
38,Nutrient,410,51.0
38,Nutrient,410,213.0
38,Nutrient,411,73.0
38,Nutrient,411,305.0
38,Nutrient,412,135.0
38,Nutrient,412,566.0
38,Nutrient,413,148.0
38,Nutrient,413,619.0
38,Nutrient,413,190.0
38,Nutrient,413,795.0
38,Nutrient,414,76.0
38,Nutrient,414,318.0
38,Nutrient,414,97.0
38,Nutrient,414,406.0
38,Nutrient,416,343.0
38,Nutrient,416,1435.0
38,Nutrient,416,117.0
38,Nutrient,416,490.0
38,Nutrient,416,117.0
38,Nutrient,416,490.0
38,Nutrient,417,67.0
38,Nutrient,417,280.0
38,Nutrient,417,82.0
38,Nutrient,417,343.0
38,Nutrient,417,82.0
38,Nutrient,417,344.0
38,Nutrient,418,117.0
38,Nutrient,418,490.0
38,Nutrient,418,150.0
38,Nutrient,418,628.0
38,Nutrient,420,508.0
38,Nutrient,420,2126.0
38,Nutrient,420,67.0
38,Nutrient,420,278.0
38,Nutrient,420,884.0
38,Nutrient,420,3699.0
38,Nutrient,421,22.0
38,Nutrient,421,92.0
38,Nutrient,421,16.0
38,Nutrient,421,67.0
38,Nutrient,421,16.0
38,Nutrient,421,66.0
38,Nutrient,422,14.0
38,Nutrient,422,59.0
38,Nutrient,422,12.0
38,Nutrient,422,51.0
38,Nutrient,422,12.0
38,Nutrient,422,51.0
38,Nutrient,423,16.0
38,Nutrient,423,66.0
38,Nutrient,423,15.0
38,Nutrient,423,65.0
38,Nutrient,424,79.0
38,Nutrient,424,331.0
38,Nutrient,424,102.0
38,Nutrient,424,427.0
38,Nutrient,425,56.0
38,Nutrient,425,236.0
38,Nutrient,426,28.0
38,Nutrient,426,117.0
38,Nutrient,427,128.0
38,Nutrient,427,31.0
38,Nutrient,427,129.0
38,Nutrient,427,22.0
38,Nutrient,427,94.0
38,Nutrient,427,30.0
38,Nutrient,427,125.0
38,Nutrient,427,29.0
38,Nutrient,427,121.0
38,Nutrient,427,22.0
38,Nutrient,427,94.0
38,Nutrient,427,34.0
38,Nutrient,427,144.0
38,Nutrient,428,67.0
38,Nutrient,428,279.0
38,Nutrient,431,894.0
38,Nutrient,431,3740.0
38,Nutrient,432,195.0
38,Nutrient,432,816.0
38,Nutrient,432,250.0
38,Nutrient,432,1046.0
38,Nutrient,432,312.0
38,Nutrient,432,1306.0
38,Nutrient,432,74.0
38,Nutrient,432,308.0
38,Nutrient,432,489.0
38,Nutrient,432,2048.0
38,Nutrient,433,81.0
38,Nutrient,433,339.0
38,Nutrient,433,163.0
38,Nutrient,433,682.0
38,Nutrient,434,90.0
38,Nutrient,434,378.0
38,Nutrient,434,109.0
38,Nutrient,434,458.0
38,Nutrient,437,127.0
38,Nutrient,437,531.0
38,Nutrient,439,367.0
38,Nutrient,439,88.0
38,Nutrient,439,368.0
38,Nutrient,439,113.0
38,Nutrient,439,473.0
38,Nutrient,439,156.0
38,Nutrient,439,651.0
38,Nutrient,440,719.0
38,Nutrient,440,3008.0
38,Nutrient,441,629.0
38,Nutrient,441,2632.0
38,Nutrient,442,33.0
38,Nutrient,442,138.0
38,Nutrient,443,42.0
38,Nutrient,443,176.0
38,Nutrient,443,91.0
38,Nutrient,443,379.0
38,Nutrient,444,558.0
38,Nutrient,444,122.0
38,Nutrient,444,510.0
38,Nutrient,444,116.0
38,Nutrient,444,485.0
38,Nutrient,444,309.0
38,Nutrient,444,1293.0
38,Nutrient,444,236.0
38,Nutrient,444,989.0
38,Nutrient,445,23.0
38,Nutrient,445,96.0
38,Nutrient,445,20.0
38,Nutrient,445,84.0
38,Nutrient,445,20.0
38,Nutrient,445,84.0
38,Nutrient,447,525.0
38,Nutrient,447,2196.0
38,Nutrient,448,156.0
38,Nutrient,448,654.0
38,Nutrient,448,129.0
38,Nutrient,448,541.0
38,Nutrient,449,161.0
38,Nutrient,449,41.0
38,Nutrient,449,172.0
38,Nutrient,450,368.0
38,Nutrient,450,1539.0
38,Nutrient,450,120.0
38,Nutrient,450,503.0
38,Nutrient,453,97.0
38,Nutrient,453,406.0
38,Nutrient,453,124.0
38,Nutrient,453,519.0
38,Nutrient,454,561.0
38,Nutrient,454,119.0
38,Nutrient,454,498.0
38,Nutrient,454,150.0
38,Nutrient,454,628.0
38,Nutrient,454,141.0
38,Nutrient,454,589.0
38,Nutrient,454,168.0
38,Nutrient,454,704.0
38,Nutrient,454,382.0
38,Nutrient,454,1597.0
38,Nutrient,454,159.0
38,Nutrient,454,664.0
38,Nutrient,455,25.0
38,Nutrient,455,105.0
38,Nutrient,456,969.0
38,Nutrient,456,1156.0
38,Nutrient,456,224.0
38,Nutrient,456,162.0
38,Nutrient,456,679.0
38,Nutrient,457,49.0
38,Nutrient,457,205.0
38,Nutrient,458,76.0
38,Nutrient,458,320.0
38,Nutrient,458,105.0
38,Nutrient,458,439.0
38,Nutrient,459,195.0
38,Nutrient,459,816.0
38,Nutrient,459,257.0
38,Nutrient,459,1075.0
38,Nutrient,459,250.0
38,Nutrient,459,1046.0
38,Nutrient,460,127.0
38,Nutrient,460,532.0
38,Nutrient,460,129.0
38,Nutrient,460,539.0
38,Nutrient,460,139.0
38,Nutrient,460,582.0
38,Nutrient,460,153.0
38,Nutrient,460,638.0
38,Nutrient,460,138.0
38,Nutrient,460,576.0
38,Nutrient,460,136.0
38,Nutrient,460,570.0
38,Nutrient,461,120.0
38,Nutrient,461,502.0
38,Nutrient,461,141.0
38,Nutrient,461,590.0
38,Nutrient,461,141.0
38,Nutrient,461,590.0
38,Nutrient,461,154.0
38,Nutrient,461,644.0
38,Nutrient,461,116.0
38,Nutrient,461,484.0
38,Nutrient,461,378.0
38,Nutrient,461,1581.0
38,Nutrient,462,146.0
38,Nutrient,462,611.0
38,Nutrient,462,184.0
38,Nutrient,462,770.0
38,Nutrient,462,160.0
38,Nutrient,462,669.0
38,Nutrient,462,178.0
38,Nutrient,462,745.0
38,Nutrient,462,139.0
38,Nutrient,462,582.0
38,Nutrient,462,140.0
38,Nutrient,462,587.0
38,Nutrient,463,142.0
38,Nutrient,463,593.0
38,Nutrient,463,169.0
38,Nutrient,463,706.0
38,Nutrient,463,167.0
38,Nutrient,463,701.0
38,Nutrient,463,153.0
38,Nutrient,463,640.0
38,Nutrient,463,153.0
38,Nutrient,463,639.0
38,Nutrient,463,158.0
38,Nutrient,463,662.0
38,Nutrient,463,153.0
38,Nutrient,463,641.0
38,Nutrient,463,161.0
38,Nutrient,463,674.0
38,Nutrient,463,206.0
38,Nutrient,463,862.0
38,Nutrient,463,141.0
38,Nutrient,463,589.0
38,Nutrient,463,345.0
38,Nutrient,463,1445.0
38,Nutrient,464,117.0
38,Nutrient,464,490.0
38,Nutrient,464,179.0
38,Nutrient,464,750.0
38,Nutrient,464,117.0
38,Nutrient,464,490.0
38,Nutrient,464,231.0
38,Nutrient,464,967.0
38,Nutrient,464,266.0
38,Nutrient,464,1113.0
38,Nutrient,464,150.0
38,Nutrient,464,627.0
38,Nutrient,464,430.0
38,Nutrient,464,1797.0
38,Nutrient,464,156.0
38,Nutrient,464,651.0
38,Nutrient,464,187.0
38,Nutrient,464,781.0
38,Nutrient,464,209.0
38,Nutrient,464,876.0
38,Nutrient,465,142.0
38,Nutrient,465,594.0
38,Nutrient,465,182.0
38,Nutrient,465,761.0
38,Nutrient,465,208.0
38,Nutrient,465,871.0
38,Nutrient,465,206.0
38,Nutrient,465,861.0
38,Nutrient,466,47.0
38,Nutrient,466,195.0
38,Nutrient,467,82.0
38,Nutrient,467,343.0
38,Nutrient,467,68.0
38,Nutrient,467,284.0
38,Nutrient,467,68.0
38,Nutrient,467,284.0
38,Nutrient,468,83.0
38,Nutrient,468,347.0
38,Nutrient,469,124.0
38,Nutrient,469,520.0
38,Nutrient,470,139.0
38,Nutrient,470,582.0
38,Nutrient,470,158.0
38,Nutrient,470,661.0
38,Nutrient,471,185.0
38,Nutrient,471,774.0
38,Nutrient,472,69.0
38,Nutrient,472,289.0
38,Nutrient,472,216.0
38,Nutrient,472,902.0
38,Nutrient,472,268.0
38,Nutrient,472,1121.0
38,Nutrient,472,111.0
38,Nutrient,472,466.0
38,Nutrient,473,105.0
38,Nutrient,473,439.0
38,Nutrient,473,135.0
38,Nutrient,473,565.0
38,Nutrient,474,56.0
38,Nutrient,474,233.0
38,Nutrient,475,137.0
38,Nutrient,475,572.0
38,Nutrient,475,93.0
38,Nutrient,475,390.0
38,Nutrient,475,102.0
38,Nutrient,475,426.0
38,Nutrient,475,120.0
38,Nutrient,475,503.0
38,Nutrient,475,242.0
38,Nutrient,475,1014.0
38,Nutrient,475,850.0
38,Nutrient,475,3555.0
38,Nutrient,476,351.0
38,Nutrient,476,1469.0
38,Nutrient,476,110.0
38,Nutrient,476,462.0
38,Nutrient,476,899.0
38,Nutrient,476,3760.0
38,Nutrient,476,367.0
38,Nutrient,476,1535.0
38,Nutrient,476,186.0
38,Nutrient,476,778.0
38,Nutrient,476,270.0
38,Nutrient,476,1131.0
38,Nutrient,477,142.0
38,Nutrient,477,596.0
38,Nutrient,477,116.0
38,Nutrient,477,484.0
38,Nutrient,478,104.0
38,Nutrient,478,435.0
38,Nutrient,478,133.0
38,Nutrient,478,556.0
38,Nutrient,479,27.0
38,Nutrient,479,113.0
38,Nutrient,479,22.0
38,Nutrient,479,92.0
38,Nutrient,479,21.0
38,Nutrient,479,90.0
38,Nutrient,480,197.0
38,Nutrient,480,824.0
38,Nutrient,480,252.0
38,Nutrient,480,1054.0
38,Nutrient,481,130.0
38,Nutrient,481,544.0
38,Nutrient,481,228.0
38,Nutrient,481,954.0
38,Nutrient,482,115.0
38,Nutrient,482,479.0
38,Nutrient,484,108.0
38,Nutrient,484,452.0
38,Nutrient,484,126.0
38,Nutrient,484,527.0
38,Nutrient,485,318.0
38,Nutrient,485,1331.0
38,Nutrient,486,103.0
38,Nutrient,486,431.0
38,Nutrient,486,132.0
38,Nutrient,486,552.0
38,Nutrient,487,100.0
38,Nutrient,487,418.0
38,Nutrient,487,128.0
38,Nutrient,487,536.0
38,Nutrient,488,66.0
38,Nutrient,488,276.0
38,Nutrient,488,59.0
38,Nutrient,488,245.0
38,Nutrient,489,338.0
38,Nutrient,489,1414.0
38,Nutrient,489,127.0
38,Nutrient,489,530.0
38,Nutrient,490,26.0
38,Nutrient,490,109.0
38,Nutrient,490,290.0
38,Nutrient,490,1213.0
38,Nutrient,493,69.0
38,Nutrient,493,289.0
38,Nutrient,494,105.0
38,Nutrient,494,439.0
38,Nutrient,494,135.0
38,Nutrient,494,565.0
38,Nutrient,494,173.0
38,Nutrient,494,723.0
38,Nutrient,495,92.0
38,Nutrient,495,385.0
38,Nutrient,495,119.0
38,Nutrient,495,498.0
38,Nutrient,496,94.0
38,Nutrient,496,393.0
38,Nutrient,497,89.0
38,Nutrient,497,372.0
38,Nutrient,497,114.0
38,Nutrient,497,477.0
38,Nutrient,498,144.0
38,Nutrient,498,602.0
38,Nutrient,498,172.0
38,Nutrient,498,718.0
38,Nutrient,499,112.0
38,Nutrient,499,469.0
38,Nutrient,499,112.0
38,Nutrient,499,469.0
38,Nutrient,499,142.0
38,Nutrient,499,594.0
38,Nutrient,499,42.0
38,Nutrient,499,177.0
38,Nutrient,499,24.0
38,Nutrient,499,100.0
38,Nutrient,499,11.0
38,Nutrient,499,46.0
38,Nutrient,499,14.0
38,Nutrient,499,59.0
38,Nutrient,499,44.0
38,Nutrient,499,184.0
38,Nutrient,499,44.0
38,Nutrient,499,184.0
38,Nutrient,499,142.0
38,Nutrient,499,594.0
38,Nutrient,499,24.0
38,Nutrient,499,100.0
38,Nutrient,499,14.0
38,Nutrient,499,58.0
38,Nutrient,499,44.0
38,Nutrient,499,182.0
38,Nutrient,500,367.0
38,Nutrient,500,1536.0
38,Nutrient,500,101.0
38,Nutrient,500,422.0
38,Nutrient,501,96.0
38,Nutrient,501,402.0
38,Nutrient,501,147.0
38,Nutrient,501,615.0
38,Nutrient,502,32.0
38,Nutrient,502,133.0
38,Nutrient,503,20.0
38,Nutrient,503,84.0
38,Nutrient,503,56.0
38,Nutrient,503,234.0
38,Nutrient,503,54.0
38,Nutrient,503,224.0
38,Nutrient,504,648.0
38,Nutrient,504,748.0
38,Nutrient,504,742.0
38,Nutrient,504,1202.0
38,Nutrient,504,675.0
38,Nutrient,504,462.0
38,Nutrient,504,902.0
38,Nutrient,504,3774.0
38,Nutrient,504,148.0
38,Nutrient,504,619.0
38,Nutrient,504,190.0
38,Nutrient,504,795.0
38,Nutrient,504,212.0
38,Nutrient,504,887.0
38,Nutrient,504,189.0
38,Nutrient,504,791.0
38,Nutrient,506,1175.0
38,Nutrient,506,893.0
38,Nutrient,506,1354.0
38,Nutrient,506,1318.0
38,Nutrient,506,824.0
38,Nutrient,506,1098.0
38,Nutrient,506,606.0
38,Nutrient,506,594.0
38,Nutrient,506,1387.0
38,Nutrient,506,1388.0
38,Nutrient,506,704.0
38,Nutrient,506,647.0
38,Nutrient,506,860.0
38,Nutrient,506,1330.0
38,Nutrient,506,528.0
38,Nutrient,506,920.0
38,Nutrient,506,687.0
38,Nutrient,506,593.0
38,Nutrient,506,896.0
38,Nutrient,506,515.0
38,Nutrient,506,732.0
38,Nutrient,506,586.0
38,Nutrient,506,852.0
38,Nutrient,506,760.0
38,Nutrient,506,908.0
38,Nutrient,506,566.0
38,Nutrient,506,972.0
38,Nutrient,506,878.0
38,Nutrient,506,538.0
38,Nutrient,506,472.0
38,Nutrient,506,677.0
38,Nutrient,506,427.0
38,Nutrient,506,421.0
38,Nutrient,506,341.0
38,Nutrient,506,384.0
38,Nutrient,506,502.0
38,Nutrient,506,533.0
38,Nutrient,506,504.0
38,Nutrient,506,451.0
38,Nutrient,506,732.0
38,Nutrient,506,754.0
38,Nutrient,506,741.0
38,Nutrient,506,423.0
38,Nutrient,506,1158.0
38,Nutrient,506,449.0
38,Nutrient,506,758.0
38,Nutrient,506,549.0
38,Nutrient,506,142.0
38,Nutrient,506,594.0
38,Nutrient,506,139.0
38,Nutrient,506,582.0
38,Nutrient,506,141.0
38,Nutrient,506,590.0
38,Nutrient,506,95.0
38,Nutrient,506,397.0
38,Nutrient,506,117.0
38,Nutrient,506,488.0
38,Nutrient,506,291.0
38,Nutrient,506,1218.0
38,Nutrient,506,278.0
38,Nutrient,506,1163.0
38,Nutrient,506,674.0
38,Nutrient,506,2820.0
38,Nutrient,506,680.0
38,Nutrient,506,2845.0
38,Nutrient,506,155.0
38,Nutrient,506,649.0
38,Nutrient,506,192.0
38,Nutrient,506,805.0
38,Nutrient,506,280.0
38,Nutrient,506,1173.0
38,Nutrient,506,165.0
38,Nutrient,506,692.0
38,Nutrient,506,263.0
38,Nutrient,506,1100.0
38,Nutrient,506,202.0
38,Nutrient,506,843.0
38,Nutrient,506,149.0
38,Nutrient,506,625.0
38,Nutrient,506,237.0
38,Nutrient,506,992.0
38,Nutrient,506,194.0
38,Nutrient,506,811.0
38,Nutrient,506,274.0
38,Nutrient,506,1146.0
38,Nutrient,506,265.0
38,Nutrient,506,1108.0
38,Nutrient,506,161.0
38,Nutrient,506,674.0
38,Nutrient,506,205.0
38,Nutrient,506,856.0
38,Nutrient,506,388.0
38,Nutrient,506,1623.0
38,Nutrient,506,471.0
38,Nutrient,506,1971.0
38,Nutrient,506,173.0
38,Nutrient,506,724.0
38,Nutrient,506,295.0
38,Nutrient,506,1234.0
38,Nutrient,506,191.0
38,Nutrient,506,799.0
38,Nutrient,506,172.0
38,Nutrient,506,720.0
38,Nutrient,506,221.0
38,Nutrient,506,924.0
38,Nutrient,506,246.0
38,Nutrient,506,1030.0
38,Nutrient,506,128.0
38,Nutrient,506,536.0
38,Nutrient,506,201.0
38,Nutrient,506,841.0
38,Nutrient,506,149.0
38,Nutrient,506,625.0
38,Nutrient,506,216.0
38,Nutrient,506,905.0
38,Nutrient,506,140.0
38,Nutrient,506,587.0
38,Nutrient,506,145.0
38,Nutrient,506,606.0
38,Nutrient,506,295.0
38,Nutrient,506,1236.0
38,Nutrient,506,143.0
38,Nutrient,506,600.0
38,Nutrient,506,196.0
38,Nutrient,506,820.0
38,Nutrient,506,151.0
38,Nutrient,506,630.0
38,Nutrient,506,112.0
38,Nutrient,506,467.0
38,Nutrient,506,165.0
38,Nutrient,506,690.0
38,Nutrient,506,99.0
38,Nutrient,506,413.0
38,Nutrient,506,158.0
38,Nutrient,506,663.0
38,Nutrient,506,135.0
38,Nutrient,506,564.0
38,Nutrient,506,191.0
38,Nutrient,506,801.0
38,Nutrient,506,175.0
38,Nutrient,506,734.0
38,Nutrient,506,92.0
38,Nutrient,506,385.0
38,Nutrient,506,120.0
38,Nutrient,506,502.0
38,Nutrient,506,276.0
38,Nutrient,506,1155.0
38,Nutrient,506,235.0
38,Nutrient,506,983.0
38,Nutrient,506,271.0
38,Nutrient,506,1134.0
38,Nutrient,506,105.0
38,Nutrient,506,439.0
38,Nutrient,506,145.0
38,Nutrient,506,607.0
38,Nutrient,506,854.0
38,Nutrient,506,3573.0
38,Nutrient,506,236.0
38,Nutrient,506,987.0
38,Nutrient,506,319.0
38,Nutrient,506,1335.0
38,Nutrient,506,224.0
38,Nutrient,506,937.0
38,Nutrient,506,284.0
38,Nutrient,506,1186.0
38,Nutrient,506,85.0
38,Nutrient,506,355.0
38,Nutrient,506,309.0
38,Nutrient,506,1293.0
38,Nutrient,506,212.0
38,Nutrient,506,887.0
38,Nutrient,506,406.0
38,Nutrient,506,1699.0
38,Nutrient,506,449.0
38,Nutrient,506,1879.0
38,Nutrient,506,198.0
38,Nutrient,506,828.0
38,Nutrient,506,251.0
38,Nutrient,506,1050.0
38,Nutrient,506,250.0
38,Nutrient,506,1046.0
38,Nutrient,506,134.0
38,Nutrient,506,559.0
38,Nutrient,506,153.0
38,Nutrient,506,640.0
38,Nutrient,506,220.0
38,Nutrient,506,922.0
38,Nutrient,506,228.0
38,Nutrient,506,953.0
38,Nutrient,506,209.0
38,Nutrient,506,875.0
38,Nutrient,506,147.0
38,Nutrient,506,615.0
38,Nutrient,506,170.0
38,Nutrient,506,709.0
38,Nutrient,506,133.0
38,Nutrient,506,556.0
38,Nutrient,506,178.0
38,Nutrient,506,746.0
38,Nutrient,506,176.0
38,Nutrient,506,735.0
38,Nutrient,506,273.0
38,Nutrient,506,1142.0
38,Nutrient,506,283.0
38,Nutrient,506,1184.0
38,Nutrient,506,261.0
38,Nutrient,506,1092.0
38,Nutrient,506,211.0
38,Nutrient,506,883.0
38,Nutrient,506,219.0
38,Nutrient,506,916.0
38,Nutrient,506,201.0
38,Nutrient,506,841.0
38,Nutrient,506,291.0
38,Nutrient,506,1218.0
38,Nutrient,506,218.0
38,Nutrient,506,912.0
38,Nutrient,506,213.0
38,Nutrient,506,890.0
38,Nutrient,506,205.0
38,Nutrient,506,858.0
38,Nutrient,506,358.0
38,Nutrient,506,1498.0
38,Nutrient,506,244.0
38,Nutrient,506,1021.0
38,Nutrient,506,297.0
38,Nutrient,506,1241.0
38,Nutrient,506,283.0
38,Nutrient,506,1185.0
38,Nutrient,506,212.0
38,Nutrient,506,886.0
38,Nutrient,506,195.0
38,Nutrient,506,815.0
38,Nutrient,506,306.0
38,Nutrient,506,1282.0
38,Nutrient,506,288.0
38,Nutrient,506,1203.0
38,Nutrient,506,253.0
38,Nutrient,506,1059.0
38,Nutrient,506,231.0
38,Nutrient,506,965.0
38,Nutrient,506,216.0
38,Nutrient,506,904.0
38,Nutrient,506,372.0
38,Nutrient,506,1556.0
38,Nutrient,506,331.0
38,Nutrient,506,1385.0
38,Nutrient,506,238.0
38,Nutrient,506,996.0
38,Nutrient,506,253.0
38,Nutrient,506,1059.0
38,Nutrient,506,220.0
38,Nutrient,506,920.0
38,Nutrient,506,249.0
38,Nutrient,506,1043.0
38,Nutrient,506,312.0
38,Nutrient,506,1305.0
38,Nutrient,506,285.0
38,Nutrient,506,1192.0
38,Nutrient,506,193.0
38,Nutrient,506,809.0
38,Nutrient,506,225.0
38,Nutrient,506,941.0
38,Nutrient,506,198.0
38,Nutrient,506,828.0
38,Nutrient,506,223.0
38,Nutrient,506,934.0
38,Nutrient,506,187.0
38,Nutrient,506,781.0
38,Nutrient,506,230.0
38,Nutrient,506,962.0
38,Nutrient,506,199.0
38,Nutrient,506,832.0
38,Nutrient,506,217.0
38,Nutrient,506,906.0
38,Nutrient,506,175.0
38,Nutrient,506,731.0
38,Nutrient,506,214.0
38,Nutrient,506,897.0
38,Nutrient,506,177.0
38,Nutrient,506,740.0
38,Nutrient,506,223.0
38,Nutrient,506,932.0
38,Nutrient,506,185.0
38,Nutrient,506,774.0
38,Nutrient,506,206.0
38,Nutrient,506,862.0
38,Nutrient,506,169.0
38,Nutrient,506,707.0
38,Nutrient,506,168.0
38,Nutrient,506,701.0
38,Nutrient,506,166.0
38,Nutrient,506,694.0
38,Nutrient,506,169.0
38,Nutrient,506,708.0
38,Nutrient,506,162.0
38,Nutrient,506,678.0
38,Nutrient,506,162.0
38,Nutrient,506,676.0
38,Nutrient,506,163.0
38,Nutrient,506,681.0
38,Nutrient,506,188.0
38,Nutrient,506,788.0
38,Nutrient,506,196.0
38,Nutrient,506,818.0
38,Nutrient,506,181.0
38,Nutrient,506,759.0
38,Nutrient,506,174.0
38,Nutrient,506,726.0
38,Nutrient,506,176.0
38,Nutrient,506,737.0
38,Nutrient,506,149.0
38,Nutrient,506,623.0
38,Nutrient,506,209.0
38,Nutrient,506,874.0
38,Nutrient,506,216.0
38,Nutrient,506,904.0
38,Nutrient,506,200.0
38,Nutrient,506,837.0
38,Nutrient,506,199.0
38,Nutrient,506,833.0
38,Nutrient,506,207.0
38,Nutrient,506,866.0
38,Nutrient,506,190.0
38,Nutrient,506,795.0
38,Nutrient,506,218.0
38,Nutrient,506,912.0
38,Nutrient,506,231.0
38,Nutrient,506,968.0
38,Nutrient,506,205.0
38,Nutrient,506,857.0
38,Nutrient,506,193.0
38,Nutrient,506,806.0
38,Nutrient,506,206.0
38,Nutrient,506,862.0
38,Nutrient,506,179.0
38,Nutrient,506,750.0
38,Nutrient,506,193.0
38,Nutrient,506,806.0
38,Nutrient,506,205.0
38,Nutrient,506,856.0
38,Nutrient,506,180.0
38,Nutrient,506,755.0
38,Nutrient,506,182.0
38,Nutrient,506,763.0
38,Nutrient,506,192.0
38,Nutrient,506,804.0
38,Nutrient,506,172.0
38,Nutrient,506,721.0
38,Nutrient,506,212.0
38,Nutrient,506,889.0
38,Nutrient,506,219.0
38,Nutrient,506,916.0
38,Nutrient,506,206.0
38,Nutrient,506,862.0
38,Nutrient,506,183.0
38,Nutrient,506,764.0
38,Nutrient,506,188.0
38,Nutrient,506,788.0
38,Nutrient,506,177.0
38,Nutrient,506,740.0
38,Nutrient,506,276.0
38,Nutrient,506,1155.0
38,Nutrient,506,283.0
38,Nutrient,506,1182.0
38,Nutrient,506,267.0
38,Nutrient,506,1116.0
38,Nutrient,506,212.0
38,Nutrient,506,888.0
38,Nutrient,506,224.0
38,Nutrient,506,939.0
38,Nutrient,506,194.0
38,Nutrient,506,813.0
38,Nutrient,506,247.0
38,Nutrient,506,1033.0
38,Nutrient,506,258.0
38,Nutrient,506,1081.0
38,Nutrient,506,230.0
38,Nutrient,506,964.0
38,Nutrient,506,202.0
38,Nutrient,506,845.0
38,Nutrient,506,189.0
38,Nutrient,506,792.0
38,Nutrient,506,198.0
38,Nutrient,506,827.0
38,Nutrient,506,177.0
38,Nutrient,506,742.0
38,Nutrient,506,198.0
38,Nutrient,506,829.0
38,Nutrient,506,151.0
38,Nutrient,506,630.0
38,Nutrient,506,156.0
38,Nutrient,506,652.0
38,Nutrient,506,145.0
38,Nutrient,506,609.0
38,Nutrient,506,182.0
38,Nutrient,506,763.0
38,Nutrient,506,186.0
38,Nutrient,506,779.0
38,Nutrient,506,197.0
38,Nutrient,506,823.0
38,Nutrient,506,176.0
38,Nutrient,506,734.0
38,Nutrient,506,270.0
38,Nutrient,506,1131.0
38,Nutrient,506,241.0
38,Nutrient,506,1007.0
38,Nutrient,506,238.0
38,Nutrient,506,995.0
38,Nutrient,506,273.0
38,Nutrient,506,1141.0
38,Nutrient,506,332.0
38,Nutrient,506,1389.0
38,Nutrient,506,157.0
38,Nutrient,506,655.0
38,Nutrient,506,196.0
38,Nutrient,506,819.0
38,Nutrient,506,202.0
38,Nutrient,506,844.0
38,Nutrient,506,187.0
38,Nutrient,506,782.0
38,Nutrient,506,139.0
38,Nutrient,506,583.0
38,Nutrient,506,143.0
38,Nutrient,506,599.0
38,Nutrient,506,133.0
38,Nutrient,506,557.0
38,Nutrient,506,132.0
38,Nutrient,506,552.0
38,Nutrient,506,137.0
38,Nutrient,506,573.0
38,Nutrient,506,124.0
38,Nutrient,506,520.0
38,Nutrient,506,210.0
38,Nutrient,506,879.0
38,Nutrient,506,123.0
38,Nutrient,506,516.0
38,Nutrient,506,125.0
38,Nutrient,506,525.0
38,Nutrient,506,121.0
38,Nutrient,506,506.0
38,Nutrient,506,220.0
38,Nutrient,506,922.0
38,Nutrient,506,180.0
38,Nutrient,506,753.0
38,Nutrient,506,185.0
38,Nutrient,506,773.0
38,Nutrient,506,173.0
38,Nutrient,506,724.0
38,Nutrient,506,234.0
38,Nutrient,506,979.0
38,Nutrient,506,291.0
38,Nutrient,506,1218.0
38,Nutrient,506,243.0
38,Nutrient,506,1017.0
38,Nutrient,506,301.0
38,Nutrient,506,1259.0
38,Nutrient,506,223.0
38,Nutrient,506,933.0
38,Nutrient,506,278.0
38,Nutrient,506,1163.0
38,Nutrient,506,265.0
38,Nutrient,506,1109.0
38,Nutrient,506,299.0
38,Nutrient,506,1251.0
38,Nutrient,506,251.0
38,Nutrient,506,1050.0
38,Nutrient,506,331.0
38,Nutrient,506,1385.0
38,Nutrient,506,277.0
38,Nutrient,506,1158.0
38,Nutrient,506,289.0
38,Nutrient,506,1210.0
38,Nutrient,506,265.0
38,Nutrient,506,1109.0
38,Nutrient,506,349.0
38,Nutrient,506,1460.0
38,Nutrient,506,244.0
38,Nutrient,506,1022.0
38,Nutrient,506,302.0
38,Nutrient,506,1263.0
38,Nutrient,506,249.0
38,Nutrient,506,1043.0
38,Nutrient,506,309.0
38,Nutrient,506,1292.0
38,Nutrient,506,239.0
38,Nutrient,506,1001.0
38,Nutrient,506,295.0
38,Nutrient,506,1235.0
38,Nutrient,506,248.0
38,Nutrient,506,1038.0
38,Nutrient,506,341.0
38,Nutrient,506,1427.0
38,Nutrient,506,265.0
38,Nutrient,506,1109.0
38,Nutrient,506,359.0
38,Nutrient,506,1502.0
38,Nutrient,506,230.0
38,Nutrient,506,962.0
38,Nutrient,506,318.0
38,Nutrient,506,1331.0
38,Nutrient,506,183.0
38,Nutrient,506,765.0
38,Nutrient,506,190.0
38,Nutrient,506,795.0
38,Nutrient,506,172.0
38,Nutrient,506,720.0
38,Nutrient,506,306.0
38,Nutrient,506,1280.0
38,Nutrient,506,337.0
38,Nutrient,506,1410.0
38,Nutrient,506,351.0
38,Nutrient,506,1469.0
38,Nutrient,506,322.0
38,Nutrient,506,1347.0
38,Nutrient,506,352.0
38,Nutrient,506,1473.0
38,Nutrient,506,365.0
38,Nutrient,506,1527.0
38,Nutrient,506,288.0
38,Nutrient,506,1205.0
38,Nutrient,506,315.0
38,Nutrient,506,1318.0
38,Nutrient,506,330.0
38,Nutrient,506,1381.0
38,Nutrient,506,355.0
38,Nutrient,506,1485.0
38,Nutrient,506,386.0
38,Nutrient,506,1615.0
38,Nutrient,506,400.0
38,Nutrient,506,1674.0
38,Nutrient,506,316.0
38,Nutrient,506,1322.0
38,Nutrient,506,338.0
38,Nutrient,506,1414.0
38,Nutrient,506,355.0
38,Nutrient,506,1485.0
38,Nutrient,506,333.0
38,Nutrient,506,1393.0
38,Nutrient,506,370.0
38,Nutrient,506,1548.0
38,Nutrient,506,378.0
38,Nutrient,506,1582.0
38,Nutrient,506,295.0
38,Nutrient,506,1234.0
38,Nutrient,506,324.0
38,Nutrient,506,1356.0
38,Nutrient,506,333.0
38,Nutrient,506,1393.0
38,Nutrient,506,367.0
38,Nutrient,506,1536.0
38,Nutrient,506,404.0
38,Nutrient,506,1690.0
38,Nutrient,506,393.0
38,Nutrient,506,1644.0
38,Nutrient,506,254.0
38,Nutrient,506,1065.0
38,Nutrient,506,291.0
38,Nutrient,506,1218.0
38,Nutrient,506,341.0
38,Nutrient,506,1427.0
38,Nutrient,506,263.0
38,Nutrient,506,1101.0
38,Nutrient,506,304.0
38,Nutrient,506,1272.0
38,Nutrient,506,359.0
38,Nutrient,506,1502.0
38,Nutrient,506,246.0
38,Nutrient,506,1029.0
38,Nutrient,506,278.0
38,Nutrient,506,1165.0
38,Nutrient,506,323.0
38,Nutrient,506,1351.0
38,Nutrient,506,335.0
38,Nutrient,506,1402.0
38,Nutrient,506,354.0
38,Nutrient,506,1481.0
38,Nutrient,506,411.0
38,Nutrient,506,1720.0
38,Nutrient,506,194.0
38,Nutrient,506,813.0
38,Nutrient,506,146.0
38,Nutrient,506,610.0
38,Nutrient,506,195.0
38,Nutrient,506,816.0
38,Nutrient,506,235.0
38,Nutrient,506,983.0
38,Nutrient,506,184.0
38,Nutrient,506,770.0
38,Nutrient,506,218.0
38,Nutrient,506,912.0
38,Nutrient,506,192.0
38,Nutrient,506,805.0
38,Nutrient,506,247.0
38,Nutrient,506,1033.0
38,Nutrient,506,218.0
38,Nutrient,506,911.0
38,Nutrient,506,198.0
38,Nutrient,506,829.0
38,Nutrient,506,254.0
38,Nutrient,506,1061.0
38,Nutrient,506,223.0
38,Nutrient,506,935.0
38,Nutrient,506,187.0
38,Nutrient,506,782.0
38,Nutrient,506,240.0
38,Nutrient,506,1006.0
38,Nutrient,506,212.0
38,Nutrient,506,888.0
38,Nutrient,506,166.0
38,Nutrient,506,695.0
38,Nutrient,506,208.0
38,Nutrient,506,870.0
38,Nutrient,506,173.0
38,Nutrient,506,724.0
38,Nutrient,506,212.0
38,Nutrient,506,888.0
38,Nutrient,506,159.0
38,Nutrient,506,666.0
38,Nutrient,506,204.0
38,Nutrient,506,852.0
38,Nutrient,506,189.0
38,Nutrient,506,791.0
38,Nutrient,506,219.0
38,Nutrient,506,916.0
38,Nutrient,506,199.0
38,Nutrient,506,833.0
38,Nutrient,506,228.0
38,Nutrient,506,954.0
38,Nutrient,506,178.0
38,Nutrient,506,745.0
38,Nutrient,506,210.0
38,Nutrient,506,879.0
38,Nutrient,506,152.0
38,Nutrient,506,635.0
38,Nutrient,506,228.0
38,Nutrient,506,954.0
38,Nutrient,506,166.0
38,Nutrient,506,693.0
38,Nutrient,506,238.0
38,Nutrient,506,996.0
38,Nutrient,506,204.0
38,Nutrient,506,852.0
38,Nutrient,506,168.0
38,Nutrient,506,701.0
38,Nutrient,506,250.0
38,Nutrient,506,1046.0
38,Nutrient,506,224.0
38,Nutrient,506,936.0
38,Nutrient,506,266.0
38,Nutrient,506,1113.0
38,Nutrient,506,164.0
38,Nutrient,506,686.0
38,Nutrient,506,225.0
38,Nutrient,506,941.0
38,Nutrient,506,201.0
38,Nutrient,506,839.0
38,Nutrient,506,173.0
38,Nutrient,506,724.0
38,Nutrient,506,225.0
38,Nutrient,506,941.0
38,Nutrient,506,137.0
38,Nutrient,506,573.0
38,Nutrient,506,165.0
38,Nutrient,506,690.0
38,Nutrient,506,258.0
38,Nutrient,506,1079.0
38,Nutrient,506,299.0
38,Nutrient,506,1251.0
38,Nutrient,506,232.0
38,Nutrient,506,971.0
38,Nutrient,506,286.0
38,Nutrient,506,1197.0
38,Nutrient,506,228.0
38,Nutrient,506,953.0
38,Nutrient,506,264.0
38,Nutrient,506,1106.0
38,Nutrient,506,232.0
38,Nutrient,506,970.0
38,Nutrient,506,278.0
38,Nutrient,506,1164.0
38,Nutrient,506,224.0
38,Nutrient,506,935.0
38,Nutrient,506,250.0
38,Nutrient,506,1048.0
38,Nutrient,506,281.0
38,Nutrient,506,1176.0
38,Nutrient,506,310.0
38,Nutrient,506,1297.0
38,Nutrient,506,247.0
38,Nutrient,506,1036.0
38,Nutrient,506,267.0
38,Nutrient,506,1119.0
38,Nutrient,506,324.0
38,Nutrient,506,1356.0
38,Nutrient,506,246.0
38,Nutrient,506,1029.0
38,Nutrient,506,273.0
38,Nutrient,506,1143.0
38,Nutrient,506,331.0
38,Nutrient,506,1385.0
38,Nutrient,506,249.0
38,Nutrient,506,1043.0
38,Nutrient,506,262.0
38,Nutrient,506,1097.0
38,Nutrient,506,316.0
38,Nutrient,506,1322.0
38,Nutrient,506,274.0
38,Nutrient,506,1146.0
38,Nutrient,506,308.0
38,Nutrient,506,1289.0
38,Nutrient,506,343.0
38,Nutrient,506,1435.0
38,Nutrient,506,201.0
38,Nutrient,506,842.0
38,Nutrient,506,243.0
38,Nutrient,506,1019.0
38,Nutrient,506,214.0
38,Nutrient,506,895.0
38,Nutrient,506,257.0
38,Nutrient,506,1073.0
38,Nutrient,506,313.0
38,Nutrient,506,1310.0
38,Nutrient,506,189.0
38,Nutrient,506,789.0
38,Nutrient,506,230.0
38,Nutrient,506,964.0
38,Nutrient,506,171.0
38,Nutrient,506,716.0
38,Nutrient,506,172.0
38,Nutrient,506,721.0
38,Nutrient,506,178.0
38,Nutrient,506,746.0
38,Nutrient,506,169.0
38,Nutrient,506,708.0
38,Nutrient,506,192.0
38,Nutrient,506,805.0
38,Nutrient,506,183.0
38,Nutrient,506,766.0
38,Nutrient,506,205.0
38,Nutrient,506,856.0
38,Nutrient,506,234.0
38,Nutrient,506,979.0
38,Nutrient,506,249.0
38,Nutrient,506,1043.0
38,Nutrient,506,211.0
38,Nutrient,506,883.0
38,Nutrient,506,165.0
38,Nutrient,506,692.0
38,Nutrient,506,221.0
38,Nutrient,506,925.0
38,Nutrient,506,174.0
38,Nutrient,506,728.0
38,Nutrient,506,201.0
38,Nutrient,506,841.0
38,Nutrient,506,157.0
38,Nutrient,506,659.0
38,Nutrient,506,188.0
38,Nutrient,506,787.0
38,Nutrient,506,161.0
38,Nutrient,506,675.0
38,Nutrient,506,157.0
38,Nutrient,506,656.0
38,Nutrient,506,217.0
38,Nutrient,506,906.0
38,Nutrient,506,184.0
38,Nutrient,506,769.0
38,Nutrient,506,200.0
38,Nutrient,506,835.0
38,Nutrient,506,177.0
38,Nutrient,506,739.0
38,Nutrient,506,155.0
38,Nutrient,506,650.0
38,Nutrient,506,145.0
38,Nutrient,506,608.0
38,Nutrient,506,137.0
38,Nutrient,506,571.0
38,Nutrient,506,139.0
38,Nutrient,506,580.0
38,Nutrient,506,133.0
38,Nutrient,506,559.0
38,Nutrient,506,169.0
38,Nutrient,506,708.0
38,Nutrient,506,164.0
38,Nutrient,506,688.0
38,Nutrient,506,205.0
38,Nutrient,506,856.0
38,Nutrient,506,165.0
38,Nutrient,506,688.0
38,Nutrient,506,233.0
38,Nutrient,506,974.0
38,Nutrient,506,250.0
38,Nutrient,506,1046.0
38,Nutrient,506,224.0
38,Nutrient,506,937.0
38,Nutrient,506,240.0
38,Nutrient,506,1002.0
38,Nutrient,506,158.0
38,Nutrient,506,662.0
38,Nutrient,506,182.0
38,Nutrient,506,762.0
38,Nutrient,506,250.0
38,Nutrient,506,1045.0
38,Nutrient,506,144.0
38,Nutrient,506,602.0
38,Nutrient,506,231.0
38,Nutrient,506,967.0
38,Nutrient,506,112.0
38,Nutrient,506,469.0
38,Nutrient,506,196.0
38,Nutrient,506,820.0
38,Nutrient,506,638.0
38,Nutrient,506,2669.0
38,Nutrient,506,642.0
38,Nutrient,506,2686.0
38,Nutrient,506,117.0
38,Nutrient,506,490.0
38,Nutrient,506,211.0
38,Nutrient,506,883.0
38,Nutrient,506,238.0
38,Nutrient,506,994.0
38,Nutrient,506,211.0
38,Nutrient,506,883.0
38,Nutrient,506,160.0
38,Nutrient,506,669.0
38,Nutrient,506,107.0
38,Nutrient,506,448.0
38,Nutrient,506,203.0
38,Nutrient,506,849.0
38,Nutrient,506,216.0
38,Nutrient,506,904.0
38,Nutrient,506,183.0
38,Nutrient,506,766.0
38,Nutrient,506,150.0
38,Nutrient,506,628.0
38,Nutrient,506,163.0
38,Nutrient,506,682.0
38,Nutrient,506,284.0
38,Nutrient,506,1188.0
38,Nutrient,506,217.0
38,Nutrient,506,908.0
38,Nutrient,506,116.0
38,Nutrient,506,485.0
38,Nutrient,506,226.0
38,Nutrient,506,946.0
38,Nutrient,506,175.0
38,Nutrient,506,732.0
38,Nutrient,506,162.0
38,Nutrient,506,678.0
38,Nutrient,506,251.0
38,Nutrient,506,1050.0
38,Nutrient,506,228.0
38,Nutrient,506,954.0
38,Nutrient,506,120.0
38,Nutrient,506,502.0
38,Nutrient,506,218.0
38,Nutrient,506,912.0
38,Nutrient,506,177.0
38,Nutrient,506,741.0
38,Nutrient,506,130.0
38,Nutrient,506,544.0
38,Nutrient,506,228.0
38,Nutrient,506,954.0
38,Nutrient,506,184.0
38,Nutrient,506,770.0
38,Nutrient,506,112.0
38,Nutrient,506,469.0
38,Nutrient,506,199.0
38,Nutrient,506,833.0
38,Nutrient,506,170.0
38,Nutrient,506,711.0
38,Nutrient,506,132.0
38,Nutrient,506,552.0
38,Nutrient,506,236.0
38,Nutrient,506,987.0
38,Nutrient,506,183.0
38,Nutrient,506,766.0
38,Nutrient,506,105.0
38,Nutrient,506,439.0
38,Nutrient,506,201.0
38,Nutrient,506,841.0
38,Nutrient,506,164.0
38,Nutrient,506,686.0
38,Nutrient,506,129.0
38,Nutrient,506,540.0
38,Nutrient,506,225.0
38,Nutrient,506,941.0
38,Nutrient,506,186.0
38,Nutrient,506,778.0
38,Nutrient,506,113.0
38,Nutrient,506,473.0
38,Nutrient,506,198.0
38,Nutrient,506,828.0
38,Nutrient,506,171.0
38,Nutrient,506,715.0
38,Nutrient,506,152.0
38,Nutrient,506,636.0
38,Nutrient,506,252.0
38,Nutrient,506,1054.0
38,Nutrient,506,202.0
38,Nutrient,506,845.0
38,Nutrient,506,110.0
38,Nutrient,506,460.0
38,Nutrient,506,204.0
38,Nutrient,506,854.0
38,Nutrient,506,168.0
38,Nutrient,506,703.0
38,Nutrient,506,109.0
38,Nutrient,506,456.0
38,Nutrient,506,188.0
38,Nutrient,506,787.0
38,Nutrient,506,144.0
38,Nutrient,506,602.0
38,Nutrient,506,172.0
38,Nutrient,506,720.0
38,Nutrient,506,118.0
38,Nutrient,506,494.0
38,Nutrient,506,136.0
38,Nutrient,506,569.0
38,Nutrient,506,213.0
38,Nutrient,506,891.0
38,Nutrient,506,110.0
38,Nutrient,506,460.0
38,Nutrient,506,186.0
38,Nutrient,506,778.0
38,Nutrient,506,99.0
38,Nutrient,506,414.0
38,Nutrient,506,163.0
38,Nutrient,506,682.0
38,Nutrient,506,140.0
38,Nutrient,506,586.0
38,Nutrient,506,192.0
38,Nutrient,506,805.0
38,Nutrient,506,193.0
38,Nutrient,506,807.0
38,Nutrient,506,90.0
38,Nutrient,506,377.0
38,Nutrient,506,104.0
38,Nutrient,506,435.0
38,Nutrient,506,182.0
38,Nutrient,506,761.0
38,Nutrient,506,256.0
38,Nutrient,506,1071.0
38,Nutrient,506,98.0
38,Nutrient,506,410.0
38,Nutrient,506,129.0
38,Nutrient,506,540.0
38,Nutrient,506,101.0
38,Nutrient,506,423.0
38,Nutrient,506,125.0
38,Nutrient,506,522.0
38,Nutrient,506,131.0
38,Nutrient,506,548.0
38,Nutrient,506,202.0
38,Nutrient,506,845.0
38,Nutrient,506,521.0
38,Nutrient,506,2180.0
38,Nutrient,506,208.0
38,Nutrient,506,870.0
38,Nutrient,506,266.0
38,Nutrient,506,1113.0
38,Nutrient,506,282.0
38,Nutrient,506,1180.0
38,Nutrient,506,248.0
38,Nutrient,506,1038.0
38,Nutrient,506,218.0
38,Nutrient,506,912.0
38,Nutrient,506,113.0
38,Nutrient,506,473.0
38,Nutrient,506,191.0
38,Nutrient,506,799.0
38,Nutrient,506,108.0
38,Nutrient,506,452.0
38,Nutrient,506,177.0
38,Nutrient,506,741.0
38,Nutrient,506,410.0
38,Nutrient,506,1715.0
38,Nutrient,506,550.0
38,Nutrient,506,2301.0
38,Nutrient,506,130.0
38,Nutrient,506,545.0
38,Nutrient,506,247.0
38,Nutrient,506,1033.0
38,Nutrient,506,297.0
38,Nutrient,506,1243.0
38,Nutrient,506,222.0
38,Nutrient,506,929.0
38,Nutrient,506,294.0
38,Nutrient,506,1230.0
38,Nutrient,506,220.0
38,Nutrient,506,920.0
38,Nutrient,506,280.0
38,Nutrient,506,1172.0
38,Nutrient,506,192.0
38,Nutrient,506,803.0
38,Nutrient,506,265.0
38,Nutrient,506,1109.0
38,Nutrient,506,133.0
38,Nutrient,506,558.0
38,Nutrient,506,174.0
38,Nutrient,506,730.0
38,Nutrient,506,124.0
38,Nutrient,506,517.0
38,Nutrient,506,160.0
38,Nutrient,506,670.0
38,Nutrient,506,145.0
38,Nutrient,506,606.0
38,Nutrient,506,181.0
38,Nutrient,506,756.0
38,Nutrient,506,142.0
38,Nutrient,506,593.0
38,Nutrient,506,143.0
38,Nutrient,506,597.0
38,Nutrient,506,184.0
38,Nutrient,506,772.0
38,Nutrient,506,140.0
38,Nutrient,506,585.0
38,Nutrient,506,176.0
38,Nutrient,506,738.0
38,Nutrient,506,182.0
38,Nutrient,506,762.0
38,Nutrient,506,228.0
38,Nutrient,506,954.0
38,Nutrient,506,166.0
38,Nutrient,506,694.0
38,Nutrient,506,212.0
38,Nutrient,506,887.0
38,Nutrient,506,150.0
38,Nutrient,506,629.0
38,Nutrient,506,188.0
38,Nutrient,506,787.0
38,Nutrient,506,137.0
38,Nutrient,506,574.0
38,Nutrient,506,162.0
38,Nutrient,506,676.0
38,Nutrient,506,150.0
38,Nutrient,506,628.0
38,Nutrient,506,191.0
38,Nutrient,506,800.0
38,Nutrient,506,129.0
38,Nutrient,506,540.0
38,Nutrient,506,166.0
38,Nutrient,506,696.0
38,Nutrient,506,144.0
38,Nutrient,506,602.0
38,Nutrient,506,177.0
38,Nutrient,506,740.0
38,Nutrient,506,129.0
38,Nutrient,506,539.0
38,Nutrient,506,168.0
38,Nutrient,506,702.0
38,Nutrient,506,141.0
38,Nutrient,506,592.0
38,Nutrient,506,182.0
38,Nutrient,506,761.0
38,Nutrient,506,176.0
38,Nutrient,506,736.0
38,Nutrient,506,222.0
38,Nutrient,506,928.0
38,Nutrient,506,143.0
38,Nutrient,506,596.0
38,Nutrient,506,177.0
38,Nutrient,506,740.0
38,Nutrient,506,142.0
38,Nutrient,506,594.0
38,Nutrient,506,182.0
38,Nutrient,506,760.0
38,Nutrient,506,172.0
38,Nutrient,506,721.0
38,Nutrient,506,175.0
38,Nutrient,506,732.0
38,Nutrient,506,161.0
38,Nutrient,506,676.0
38,Nutrient,506,169.0
38,Nutrient,506,708.0
38,Nutrient,506,234.0
38,Nutrient,506,978.0
38,Nutrient,506,221.0
38,Nutrient,506,923.0
38,Nutrient,506,228.0
38,Nutrient,506,956.0
38,Nutrient,506,152.0
38,Nutrient,506,638.0
38,Nutrient,506,137.0
38,Nutrient,506,575.0
38,Nutrient,506,146.0
38,Nutrient,506,613.0
38,Nutrient,506,215.0
38,Nutrient,506,900.0
38,Nutrient,506,199.0
38,Nutrient,506,834.0
38,Nutrient,506,209.0
38,Nutrient,506,874.0
38,Nutrient,506,160.0
38,Nutrient,506,669.0
38,Nutrient,506,143.0
38,Nutrient,506,600.0
38,Nutrient,506,153.0
38,Nutrient,506,641.0
38,Nutrient,506,200.0
38,Nutrient,506,837.0
38,Nutrient,506,190.0
38,Nutrient,506,795.0
38,Nutrient,506,196.0
38,Nutrient,506,820.0
38,Nutrient,506,197.0
38,Nutrient,506,823.0
38,Nutrient,506,181.0
38,Nutrient,506,757.0
38,Nutrient,506,190.0
38,Nutrient,506,796.0
38,Nutrient,506,127.0
38,Nutrient,506,531.0
38,Nutrient,506,117.0
38,Nutrient,506,488.0
38,Nutrient,506,123.0
38,Nutrient,506,514.0
38,Nutrient,506,191.0
38,Nutrient,506,799.0
38,Nutrient,506,186.0
38,Nutrient,506,779.0
38,Nutrient,506,194.0
38,Nutrient,506,813.0
38,Nutrient,506,128.0
38,Nutrient,506,535.0
38,Nutrient,506,124.0
38,Nutrient,506,520.0
38,Nutrient,506,130.0
38,Nutrient,506,545.0
38,Nutrient,506,222.0
38,Nutrient,506,928.0
38,Nutrient,506,215.0
38,Nutrient,506,899.0
38,Nutrient,506,219.0
38,Nutrient,506,917.0
38,Nutrient,506,291.0
38,Nutrient,506,1219.0
38,Nutrient,506,207.0
38,Nutrient,506,866.0
38,Nutrient,506,240.0
38,Nutrient,506,1003.0
38,Nutrient,506,196.0
38,Nutrient,506,820.0
38,Nutrient,506,202.0
38,Nutrient,506,845.0
38,Nutrient,506,187.0
38,Nutrient,506,783.0
38,Nutrient,506,227.0
38,Nutrient,506,952.0
38,Nutrient,506,236.0
38,Nutrient,506,986.0
38,Nutrient,506,215.0
38,Nutrient,506,901.0
38,Nutrient,506,182.0
38,Nutrient,506,762.0
38,Nutrient,506,189.0
38,Nutrient,506,792.0
38,Nutrient,506,172.0
38,Nutrient,506,718.0
38,Nutrient,506,133.0
38,Nutrient,506,556.0
38,Nutrient,506,127.0
38,Nutrient,506,531.0
38,Nutrient,506,236.0
38,Nutrient,506,988.0
38,Nutrient,506,241.0
38,Nutrient,506,1007.0
38,Nutrient,506,229.0
38,Nutrient,506,959.0
38,Nutrient,506,275.0
38,Nutrient,506,1150.0
38,Nutrient,506,284.0
38,Nutrient,506,1189.0
38,Nutrient,506,261.0
38,Nutrient,506,1093.0
38,Nutrient,506,220.0
38,Nutrient,506,920.0
38,Nutrient,506,225.0
38,Nutrient,506,943.0
38,Nutrient,506,211.0
38,Nutrient,506,885.0
38,Nutrient,506,128.0
38,Nutrient,506,534.0
38,Nutrient,506,131.0
38,Nutrient,506,550.0
38,Nutrient,506,122.0
38,Nutrient,506,510.0
38,Nutrient,506,305.0
38,Nutrient,506,1277.0
38,Nutrient,506,317.0
38,Nutrient,506,1328.0
38,Nutrient,506,287.0
38,Nutrient,506,1199.0
38,Nutrient,506,235.0
38,Nutrient,506,983.0
38,Nutrient,506,240.0
38,Nutrient,506,1005.0
38,Nutrient,506,227.0
38,Nutrient,506,950.0
38,Nutrient,506,204.0
38,Nutrient,506,855.0
38,Nutrient,506,207.0
38,Nutrient,506,866.0
38,Nutrient,506,200.0
38,Nutrient,506,839.0
38,Nutrient,506,296.0
38,Nutrient,506,1237.0
38,Nutrient,506,303.0
38,Nutrient,506,1266.0
38,Nutrient,506,285.0
38,Nutrient,506,1193.0
38,Nutrient,506,205.0
38,Nutrient,506,857.0
38,Nutrient,506,210.0
38,Nutrient,506,880.0
38,Nutrient,506,196.0
38,Nutrient,506,822.0
38,Nutrient,506,277.0
38,Nutrient,506,1157.0
38,Nutrient,506,283.0
38,Nutrient,506,1184.0
38,Nutrient,506,267.0
38,Nutrient,506,1118.0
38,Nutrient,506,223.0
38,Nutrient,506,931.0
38,Nutrient,506,227.0
38,Nutrient,506,950.0
38,Nutrient,506,216.0
38,Nutrient,506,903.0
38,Nutrient,506,231.0
38,Nutrient,506,968.0
38,Nutrient,506,219.0
38,Nutrient,506,915.0
38,Nutrient,506,217.0
38,Nutrient,506,908.0
38,Nutrient,506,192.0
38,Nutrient,506,804.0
38,Nutrient,506,166.0
38,Nutrient,506,696.0
38,Nutrient,506,173.0
38,Nutrient,506,726.0
38,Nutrient,506,155.0
38,Nutrient,506,650.0
38,Nutrient,506,156.0
38,Nutrient,506,652.0
38,Nutrient,506,161.0
38,Nutrient,506,674.0
38,Nutrient,506,148.0
38,Nutrient,506,619.0
38,Nutrient,506,221.0
38,Nutrient,506,927.0
38,Nutrient,506,229.0
38,Nutrient,506,959.0
38,Nutrient,506,210.0
38,Nutrient,506,879.0
38,Nutrient,506,218.0
38,Nutrient,506,912.0
38,Nutrient,506,229.0
38,Nutrient,506,956.0
38,Nutrient,506,202.0
38,Nutrient,506,845.0
38,Nutrient,506,234.0
38,Nutrient,506,980.0
38,Nutrient,506,164.0
38,Nutrient,506,687.0
38,Nutrient,506,242.0
38,Nutrient,506,1011.0
38,Nutrient,506,171.0
38,Nutrient,506,717.0
38,Nutrient,506,223.0
38,Nutrient,506,933.0
38,Nutrient,506,153.0
38,Nutrient,506,641.0
38,Nutrient,506,282.0
38,Nutrient,506,1179.0
38,Nutrient,506,206.0
38,Nutrient,506,864.0
38,Nutrient,506,291.0
38,Nutrient,506,1216.0
38,Nutrient,506,212.0
38,Nutrient,506,886.0
38,Nutrient,506,268.0
38,Nutrient,506,1123.0
38,Nutrient,506,198.0
38,Nutrient,506,830.0
38,Nutrient,506,206.0
38,Nutrient,506,861.0
38,Nutrient,506,154.0
38,Nutrient,506,645.0
38,Nutrient,506,215.0
38,Nutrient,506,901.0
38,Nutrient,506,162.0
38,Nutrient,506,679.0
38,Nutrient,506,191.0
38,Nutrient,506,801.0
38,Nutrient,506,142.0
38,Nutrient,506,594.0
38,Nutrient,506,299.0
38,Nutrient,506,1249.0
38,Nutrient,506,239.0
38,Nutrient,506,1002.0
38,Nutrient,506,306.0
38,Nutrient,506,1282.0
38,Nutrient,506,252.0
38,Nutrient,506,1053.0
38,Nutrient,506,287.0
38,Nutrient,506,1199.0
38,Nutrient,506,221.0
38,Nutrient,506,925.0
38,Nutrient,506,313.0
38,Nutrient,506,1310.0
38,Nutrient,506,304.0
38,Nutrient,506,1272.0
38,Nutrient,506,309.0
38,Nutrient,506,1295.0
38,Nutrient,506,307.0
38,Nutrient,506,1283.0
38,Nutrient,506,290.0
38,Nutrient,506,1214.0
38,Nutrient,506,300.0
38,Nutrient,506,1255.0
38,Nutrient,506,255.0
38,Nutrient,506,1068.0
38,Nutrient,506,260.0
38,Nutrient,506,1089.0
38,Nutrient,506,248.0
38,Nutrient,506,1037.0
38,Nutrient,506,303.0
38,Nutrient,506,1269.0
38,Nutrient,506,273.0
38,Nutrient,506,1140.0
38,Nutrient,506,291.0
38,Nutrient,506,1218.0
38,Nutrient,506,292.0
38,Nutrient,506,1222.0
38,Nutrient,506,303.0
38,Nutrient,506,1266.0
38,Nutrient,506,277.0
38,Nutrient,506,1157.0
38,Nutrient,506,244.0
38,Nutrient,506,1021.0
38,Nutrient,506,253.0
38,Nutrient,506,1059.0
38,Nutrient,506,230.0
38,Nutrient,506,964.0
38,Nutrient,506,245.0
38,Nutrient,506,1026.0
38,Nutrient,506,253.0
38,Nutrient,506,1060.0
38,Nutrient,506,233.0
38,Nutrient,506,975.0
38,Nutrient,506,187.0
38,Nutrient,506,782.0
38,Nutrient,506,195.0
38,Nutrient,506,817.0
38,Nutrient,506,174.0
38,Nutrient,506,730.0
38,Nutrient,506,234.0
38,Nutrient,506,977.0
38,Nutrient,506,292.0
38,Nutrient,506,1224.0
38,Nutrient,506,300.0
38,Nutrient,506,1257.0
38,Nutrient,506,281.0
38,Nutrient,506,1174.0
38,Nutrient,506,232.0
38,Nutrient,506,969.0
38,Nutrient,506,238.0
38,Nutrient,506,996.0
38,Nutrient,506,222.0
38,Nutrient,506,929.0
38,Nutrient,506,271.0
38,Nutrient,506,1132.0
38,Nutrient,506,285.0
38,Nutrient,506,1194.0
38,Nutrient,506,248.0
38,Nutrient,506,1039.0
38,Nutrient,506,228.0
38,Nutrient,506,954.0
38,Nutrient,506,241.0
38,Nutrient,506,1010.0
38,Nutrient,506,208.0
38,Nutrient,506,869.0
38,Nutrient,506,360.0
38,Nutrient,506,1505.0
38,Nutrient,506,372.0
38,Nutrient,506,1556.0
38,Nutrient,506,341.0
38,Nutrient,506,1429.0
38,Nutrient,506,324.0
38,Nutrient,506,1354.0
38,Nutrient,506,336.0
38,Nutrient,506,1404.0
38,Nutrient,506,305.0
38,Nutrient,506,1278.0
38,Nutrient,506,173.0
38,Nutrient,506,725.0
38,Nutrient,506,132.0
38,Nutrient,506,551.0
38,Nutrient,506,181.0
38,Nutrient,506,757.0
38,Nutrient,506,189.0
38,Nutrient,506,789.0
38,Nutrient,506,170.0
38,Nutrient,506,710.0
38,Nutrient,506,134.0
38,Nutrient,506,560.0
38,Nutrient,506,138.0
38,Nutrient,506,576.0
38,Nutrient,506,128.0
38,Nutrient,506,535.0
38,Nutrient,506,195.0
38,Nutrient,506,817.0
38,Nutrient,506,203.0
38,Nutrient,506,848.0
38,Nutrient,506,184.0
38,Nutrient,506,771.0
38,Nutrient,506,195.0
38,Nutrient,506,818.0
38,Nutrient,506,206.0
38,Nutrient,506,862.0
38,Nutrient,506,179.0
38,Nutrient,506,751.0
38,Nutrient,506,143.0
38,Nutrient,506,598.0
38,Nutrient,506,149.0
38,Nutrient,506,625.0
38,Nutrient,506,135.0
38,Nutrient,506,565.0
38,Nutrient,506,171.0
38,Nutrient,506,714.0
38,Nutrient,506,174.0
38,Nutrient,506,729.0
38,Nutrient,506,165.0
38,Nutrient,506,692.0
38,Nutrient,506,170.0
38,Nutrient,506,710.0
38,Nutrient,506,165.0
38,Nutrient,506,689.0
38,Nutrient,506,128.0
38,Nutrient,506,535.0
38,Nutrient,506,122.0
38,Nutrient,506,512.0
38,Nutrient,506,133.0
38,Nutrient,506,555.0
38,Nutrient,506,138.0
38,Nutrient,506,579.0
38,Nutrient,506,125.0
38,Nutrient,506,523.0
38,Nutrient,506,246.0
38,Nutrient,506,1029.0
38,Nutrient,506,259.0
38,Nutrient,506,1084.0
38,Nutrient,506,226.0
38,Nutrient,506,947.0
38,Nutrient,506,180.0
38,Nutrient,506,754.0
38,Nutrient,506,187.0
38,Nutrient,506,784.0
38,Nutrient,506,169.0
38,Nutrient,506,709.0
38,Nutrient,506,199.0
38,Nutrient,506,831.0
38,Nutrient,506,208.0
38,Nutrient,506,870.0
38,Nutrient,506,186.0
38,Nutrient,506,778.0
38,Nutrient,506,178.0
38,Nutrient,506,746.0
38,Nutrient,506,188.0
38,Nutrient,506,785.0
38,Nutrient,506,164.0
38,Nutrient,506,688.0
38,Nutrient,506,242.0
38,Nutrient,506,1013.0
38,Nutrient,506,238.0
38,Nutrient,506,997.0
38,Nutrient,506,249.0
38,Nutrient,506,1040.0
38,Nutrient,506,191.0
38,Nutrient,506,800.0
38,Nutrient,506,199.0
38,Nutrient,506,834.0
38,Nutrient,506,179.0
38,Nutrient,506,747.0
38,Nutrient,506,239.0
38,Nutrient,506,1000.0
38,Nutrient,506,253.0
38,Nutrient,506,1057.0
38,Nutrient,506,219.0
38,Nutrient,506,917.0
38,Nutrient,506,228.0
38,Nutrient,506,954.0
38,Nutrient,506,239.0
38,Nutrient,506,998.0
38,Nutrient,506,213.0
38,Nutrient,506,890.0
38,Nutrient,506,187.0
38,Nutrient,506,784.0
38,Nutrient,506,199.0
38,Nutrient,506,833.0
38,Nutrient,506,170.0
38,Nutrient,506,712.0
38,Nutrient,506,247.0
38,Nutrient,506,1033.0
38,Nutrient,506,259.0
38,Nutrient,506,1084.0
38,Nutrient,506,249.0
38,Nutrient,506,1042.0
38,Nutrient,506,225.0
38,Nutrient,506,941.0
38,Nutrient,506,204.0
38,Nutrient,506,854.0
38,Nutrient,506,228.0
38,Nutrient,506,954.0
38,Nutrient,506,159.0
38,Nutrient,506,667.0
38,Nutrient,506,203.0
38,Nutrient,506,850.0
38,Nutrient,506,129.0
38,Nutrient,506,540.0
38,Nutrient,506,172.0
38,Nutrient,506,718.0
38,Nutrient,506,173.0
38,Nutrient,506,726.0
38,Nutrient,506,175.0
38,Nutrient,506,731.0
38,Nutrient,506,189.0
38,Nutrient,506,790.0
38,Nutrient,506,154.0
38,Nutrient,506,675.0
38,Nutrient,506,151.0
38,Nutrient,506,664.0
38,Nutrient,506,219.0
38,Nutrient,506,948.0
38,Nutrient,506,193.0
38,Nutrient,506,836.0
38,Nutrient,506,209.0
38,Nutrient,506,903.0
38,Nutrient,506,188.0
38,Nutrient,506,818.0
38,Nutrient,506,186.0
38,Nutrient,506,778.0
38,Nutrient,506,177.0
38,Nutrient,506,739.0
38,Nutrient,506,213.0
38,Nutrient,506,922.0
38,Nutrient,506,248.0
38,Nutrient,506,1067.0
38,Nutrient,506,257.0
38,Nutrient,506,1109.0
38,Nutrient,506,153.0
38,Nutrient,506,671.0
38,Nutrient,506,209.0
38,Nutrient,506,902.0
38,Nutrient,506,200.0
38,Nutrient,506,868.0
38,Nutrient,506,182.0
38,Nutrient,506,762.0
38,Nutrient,506,137.0
38,Nutrient,506,571.0
38,Nutrient,506,171.0
38,Nutrient,506,717.0
38,Nutrient,506,164.0
38,Nutrient,506,685.0
38,Nutrient,506,193.0
38,Nutrient,506,807.0
38,Nutrient,506,174.0
38,Nutrient,506,728.0
38,Nutrient,506,176.0
38,Nutrient,506,735.0
38,Nutrient,506,217.0
38,Nutrient,506,909.0
38,Nutrient,506,204.0
38,Nutrient,506,854.0
38,Nutrient,506,230.0
38,Nutrient,506,963.0
38,Nutrient,506,214.0
38,Nutrient,506,894.0
38,Nutrient,506,215.0
38,Nutrient,506,898.0
38,Nutrient,506,250.0
38,Nutrient,506,1048.0
38,Nutrient,506,232.0
38,Nutrient,506,969.0
38,Nutrient,506,256.0
38,Nutrient,506,1073.0
38,Nutrient,506,240.0
38,Nutrient,506,1005.0
38,Nutrient,506,254.0
38,Nutrient,506,1062.0
38,Nutrient,506,271.0
38,Nutrient,506,1132.0
38,Nutrient,506,246.0
38,Nutrient,506,1031.0
38,Nutrient,506,272.0
38,Nutrient,506,1138.0
38,Nutrient,506,254.0
38,Nutrient,506,1061.0
38,Nutrient,506,293.0
38,Nutrient,506,1225.0
38,Nutrient,506,278.0
38,Nutrient,506,1163.0
38,Nutrient,506,248.0
38,Nutrient,506,1040.0
38,Nutrient,506,277.0
38,Nutrient,506,1157.0
38,Nutrient,506,254.0
38,Nutrient,506,1062.0
38,Nutrient,506,134.0
38,Nutrient,506,561.0
38,Nutrient,506,148.0
38,Nutrient,506,618.0
38,Nutrient,506,127.0
38,Nutrient,506,531.0
38,Nutrient,506,133.0
38,Nutrient,506,558.0
38,Nutrient,506,188.0
38,Nutrient,506,786.0
38,Nutrient,506,194.0
38,Nutrient,506,812.0
38,Nutrient,506,170.0
38,Nutrient,506,711.0
38,Nutrient,506,177.0
38,Nutrient,506,742.0
38,Nutrient,506,164.0
38,Nutrient,506,684.0
38,Nutrient,506,163.0
38,Nutrient,506,684.0
38,Nutrient,506,177.0
38,Nutrient,506,740.0
38,Nutrient,506,205.0
38,Nutrient,506,858.0
38,Nutrient,506,128.0
38,Nutrient,506,534.0
38,Nutrient,506,196.0
38,Nutrient,506,819.0
38,Nutrient,506,127.0
38,Nutrient,506,530.0
38,Nutrient,506,124.0
38,Nutrient,506,517.0
38,Nutrient,506,169.0
38,Nutrient,506,709.0
38,Nutrient,506,141.0
38,Nutrient,506,589.0
38,Nutrient,506,200.0
38,Nutrient,506,835.0
38,Nutrient,506,153.0
38,Nutrient,506,641.0
38,Nutrient,506,214.0
38,Nutrient,506,897.0
38,Nutrient,506,132.0
38,Nutrient,506,553.0
38,Nutrient,506,163.0
38,Nutrient,506,684.0
38,Nutrient,506,216.0
38,Nutrient,506,905.0
38,Nutrient,506,189.0
38,Nutrient,506,791.0
38,Nutrient,506,138.0
38,Nutrient,506,578.0
38,Nutrient,506,185.0
38,Nutrient,506,774.0
38,Nutrient,506,135.0
38,Nutrient,506,563.0
38,Nutrient,506,178.0
38,Nutrient,506,746.0
38,Nutrient,506,131.0
38,Nutrient,506,549.0
38,Nutrient,506,139.0
38,Nutrient,506,583.0
38,Nutrient,506,129.0
38,Nutrient,506,541.0
38,Nutrient,506,224.0
38,Nutrient,506,936.0
38,Nutrient,506,203.0
38,Nutrient,506,848.0
38,Nutrient,506,128.0
38,Nutrient,506,536.0
38,Nutrient,506,140.0
38,Nutrient,506,586.0
38,Nutrient,506,140.0
38,Nutrient,506,584.0
38,Nutrient,506,179.0
38,Nutrient,506,748.0
38,Nutrient,506,175.0
38,Nutrient,506,734.0
38,Nutrient,506,193.0
38,Nutrient,506,808.0
38,Nutrient,506,228.0
38,Nutrient,506,952.0
38,Nutrient,506,148.0
38,Nutrient,506,618.0
38,Nutrient,506,158.0
38,Nutrient,506,663.0
38,Nutrient,506,135.0
38,Nutrient,506,566.0
38,Nutrient,506,202.0
38,Nutrient,506,847.0
38,Nutrient,506,155.0
38,Nutrient,506,650.0
38,Nutrient,506,206.0
38,Nutrient,506,862.0
38,Nutrient,506,187.0
38,Nutrient,506,781.0
38,Nutrient,506,201.0
38,Nutrient,506,840.0
38,Nutrient,506,125.0
38,Nutrient,506,523.0
38,Nutrient,506,124.0
38,Nutrient,506,519.0
38,Nutrient,506,205.0
38,Nutrient,506,858.0
38,Nutrient,506,189.0
38,Nutrient,506,789.0
38,Nutrient,506,119.0
38,Nutrient,506,498.0
38,Nutrient,506,129.0
38,Nutrient,506,540.0
38,Nutrient,506,128.0
38,Nutrient,506,534.0
38,Nutrient,506,195.0
38,Nutrient,506,817.0
38,Nutrient,506,94.0
38,Nutrient,506,394.0
38,Nutrient,506,142.0
38,Nutrient,506,592.0
38,Nutrient,506,193.0
38,Nutrient,506,807.0
38,Nutrient,506,154.0
38,Nutrient,506,645.0
38,Nutrient,506,179.0
38,Nutrient,506,748.0
38,Nutrient,506,129.0
38,Nutrient,506,540.0
38,Nutrient,506,126.0
38,Nutrient,506,526.0
38,Nutrient,506,130.0
38,Nutrient,506,543.0
38,Nutrient,506,122.0
38,Nutrient,506,508.0
38,Nutrient,506,186.0
38,Nutrient,506,777.0
38,Nutrient,506,178.0
38,Nutrient,506,744.0
38,Nutrient,506,141.0
38,Nutrient,506,592.0
38,Nutrient,506,137.0
38,Nutrient,506,571.0
38,Nutrient,506,278.0
38,Nutrient,506,1162.0
38,Nutrient,506,276.0
38,Nutrient,506,1156.0
38,Nutrient,506,298.0
38,Nutrient,506,1247.0
38,Nutrient,506,176.0
38,Nutrient,506,738.0
38,Nutrient,506,185.0
38,Nutrient,506,774.0
38,Nutrient,506,186.0
38,Nutrient,506,780.0
38,Nutrient,506,202.0
38,Nutrient,506,845.0
38,Nutrient,506,182.0
38,Nutrient,506,762.0
38,Nutrient,507,93.0
38,Nutrient,507,389.0
38,Nutrient,507,119.0
38,Nutrient,507,498.0
38,Nutrient,508,56.0
38,Nutrient,508,233.0
38,Nutrient,508,111.0
38,Nutrient,508,464.0
38,Nutrient,509,109.0
38,Nutrient,509,456.0
38,Nutrient,510,13.0
38,Nutrient,510,54.0
38,Nutrient,510,14.0
38,Nutrient,510,56.0
38,Nutrient,510,11.0
38,Nutrient,510,48.0
38,Nutrient,511,137.0
38,Nutrient,511,573.0
38,Nutrient,511,275.0
38,Nutrient,511,1151.0
38,Nutrient,513,104.0
38,Nutrient,513,435.0
38,Nutrient,513,107.0
38,Nutrient,513,447.0
38,Nutrient,514,480.0
38,Nutrient,514,134.0
38,Nutrient,514,561.0
38,Nutrient,514,108.0
38,Nutrient,514,452.0
38,Nutrient,514,172.0
38,Nutrient,514,720.0
38,Nutrient,514,131.0
38,Nutrient,514,546.0
38,Nutrient,514,104.0
38,Nutrient,514,436.0
38,Nutrient,514,371.0
38,Nutrient,514,1551.0
38,Nutrient,515,333.0
38,Nutrient,515,90.0
38,Nutrient,515,377.0
38,Nutrient,515,116.0
38,Nutrient,515,483.0
38,Nutrient,516,357.0
38,Nutrient,516,1494.0
38,Nutrient,516,101.0
38,Nutrient,516,423.0
38,Nutrient,517,592.0
38,Nutrient,517,2476.0
38,Nutrient,517,122.0
38,Nutrient,517,509.0
38,Nutrient,518,49.0
38,Nutrient,518,205.0
38,Nutrient,518,74.0
38,Nutrient,518,310.0
38,Nutrient,518,148.0
38,Nutrient,518,619.0
38,Nutrient,518,409.0
38,Nutrient,518,1711.0
38,Nutrient,519,470.0
38,Nutrient,519,118.0
38,Nutrient,519,494.0
38,Nutrient,519,116.0
38,Nutrient,519,486.0
38,Nutrient,519,114.0
38,Nutrient,519,477.0
38,Nutrient,520,38.0
38,Nutrient,520,159.0
38,Nutrient,520,38.0
38,Nutrient,520,159.0
38,Nutrient,520,36.0
38,Nutrient,520,150.0
38,Nutrient,521,98.0
38,Nutrient,521,411.0
38,Nutrient,522,109.0
38,Nutrient,522,454.0
38,Nutrient,522,130.0
38,Nutrient,522,543.0
38,Nutrient,523,146.0
38,Nutrient,523,611.0
38,Nutrient,523,187.0
38,Nutrient,523,782.0
38,Nutrient,524,347.0
38,Nutrient,524,382.0
38,Nutrient,524,339.0
38,Nutrient,525,186.0
38,Nutrient,525,778.0
38,Nutrient,525,128.0
38,Nutrient,525,536.0
38,Nutrient,525,186.0
38,Nutrient,525,778.0
38,Nutrient,525,128.0
38,Nutrient,525,536.0
38,Nutrient,526,3700.0
38,Nutrient,526,340.0
38,Nutrient,526,486.0
38,Nutrient,526,503.0
38,Nutrient,526,340.0
38,Nutrient,526,334.0
38,Nutrient,526,2134.0
38,Nutrient,526,2568.0
38,Nutrient,526,2568.0
38,Nutrient,526,417.0
38,Nutrient,526,503.0
38,Nutrient,526,613.0
38,Nutrient,526,424.0
38,Nutrient,526,334.0
38,Nutrient,526,902.0
38,Nutrient,526,3774.0
38,Nutrient,527,439.0
38,Nutrient,527,439.0
38,Nutrient,529,159.0
38,Nutrient,529,665.0
38,Nutrient,530,386.0
38,Nutrient,530,1614.0
38,Nutrient,531,1417.0
38,Nutrient,531,1031.0
38,Nutrient,531,946.0
38,Nutrient,531,1151.0
38,Nutrient,531,937.0
38,Nutrient,531,1181.0
38,Nutrient,531,966.0
38,Nutrient,531,955.0
38,Nutrient,531,844.0
38,Nutrient,531,1062.0
38,Nutrient,531,805.0
38,Nutrient,531,1033.0
38,Nutrient,531,844.0
38,Nutrient,531,723.0
38,Nutrient,531,844.0
38,Nutrient,531,857.0
38,Nutrient,531,879.0
38,Nutrient,531,674.0
38,Nutrient,531,902.0
38,Nutrient,531,3774.0
38,Nutrient,531,902.0
38,Nutrient,531,3774.0
38,Nutrient,532,112.0
38,Nutrient,532,469.0
38,Nutrient,532,143.0
38,Nutrient,532,598.0
38,Nutrient,533,90.0
38,Nutrient,533,377.0
38,Nutrient,533,115.0
38,Nutrient,533,481.0
38,Nutrient,534,90.0
38,Nutrient,534,376.0
38,Nutrient,534,97.0
38,Nutrient,534,405.0
38,Nutrient,534,139.0
38,Nutrient,534,582.0
38,Nutrient,534,132.0
38,Nutrient,534,552.0
38,Nutrient,534,94.0
38,Nutrient,534,395.0
38,Nutrient,534,131.0
38,Nutrient,534,547.0
38,Nutrient,534,336.0
38,Nutrient,534,1406.0
38,Nutrient,534,116.0
38,Nutrient,534,484.0
38,Nutrient,534,77.0
38,Nutrient,534,322.0
38,Nutrient,534,83.0
38,Nutrient,534,347.0
38,Nutrient,534,116.0
38,Nutrient,534,484.0
38,Nutrient,535,120.0
38,Nutrient,535,502.0
38,Nutrient,535,158.0
38,Nutrient,535,661.0
38,Nutrient,535,157.0
38,Nutrient,535,658.0
38,Nutrient,535,187.0
38,Nutrient,535,783.0
38,Nutrient,535,150.0
38,Nutrient,535,629.0
38,Nutrient,535,191.0
38,Nutrient,535,797.0
38,Nutrient,535,149.0
38,Nutrient,535,623.0
38,Nutrient,535,152.0
38,Nutrient,535,635.0
38,Nutrient,535,116.0
38,Nutrient,535,484.0
38,Nutrient,536,718.0
38,Nutrient,536,3004.0
38,Nutrient,536,718.0
38,Nutrient,536,3005.0
38,Nutrient,536,716.0
38,Nutrient,536,2996.0
38,Nutrient,537,114.0
38,Nutrient,537,477.0
38,Nutrient,537,91.0
38,Nutrient,537,381.0
38,Nutrient,537,117.0
38,Nutrient,537,490.0
38,Nutrient,537,97.0
38,Nutrient,537,406.0
38,Nutrient,537,124.0
38,Nutrient,537,519.0
38,Nutrient,537,146.0
38,Nutrient,537,611.0
38,Nutrient,538,356.0
38,Nutrient,538,158.0
38,Nutrient,538,661.0
38,Nutrient,538,201.0
38,Nutrient,538,841.0
38,Nutrient,538,305.0
38,Nutrient,538,1276.0
38,Nutrient,539,111.0
38,Nutrient,539,466.0
38,Nutrient,540,525.0
38,Nutrient,540,114.0
38,Nutrient,540,477.0
38,Nutrient,540,173.0
38,Nutrient,540,724.0
38,Nutrient,541,109.0
38,Nutrient,541,456.0
38,Nutrient,541,143.0
38,Nutrient,541,599.0
38,Nutrient,542,143.0
38,Nutrient,542,598.0
38,Nutrient,542,188.0
38,Nutrient,542,787.0
38,Nutrient,544,86.0
38,Nutrient,544,360.0
38,Nutrient,544,202.0
38,Nutrient,544,845.0
38,Nutrient,544,148.0
38,Nutrient,544,618.0
38,Nutrient,544,142.0
38,Nutrient,544,595.0
38,Nutrient,544,2.0
38,Nutrient,544,8.0
38,Nutrient,544,199.0
38,Nutrient,544,832.0
38,Nutrient,544,392.0
38,Nutrient,544,1640.0
38,Nutrient,544,265.0
38,Nutrient,544,1109.0
38,Nutrient,545,92.0
38,Nutrient,545,385.0
38,Nutrient,545,175.0
38,Nutrient,545,732.0
38,Nutrient,546,326.0
38,Nutrient,546,338.0
38,Nutrient,546,461.0
38,Nutrient,546,71.0
38,Nutrient,546,297.0
38,Nutrient,546,242.0
38,Nutrient,546,1013.0
38,Nutrient,546,119.0
38,Nutrient,546,497.0
38,Nutrient,546,100.0
38,Nutrient,546,416.0
38,Nutrient,546,308.0
38,Nutrient,546,1290.0
38,Nutrient,546,323.0
38,Nutrient,546,1353.0
38,Nutrient,546,241.0
38,Nutrient,546,1008.0
38,Nutrient,546,294.0
38,Nutrient,546,1232.0
38,Nutrient,546,336.0
38,Nutrient,546,1407.0
38,Nutrient,546,277.0
38,Nutrient,546,1158.0
38,Nutrient,547,287.0
38,Nutrient,547,77.0
38,Nutrient,547,322.0
38,Nutrient,547,82.0
38,Nutrient,547,343.0
38,Nutrient,547,72.0
38,Nutrient,547,301.0
38,Nutrient,547,87.0
38,Nutrient,547,364.0
38,Nutrient,548,367.0
38,Nutrient,548,70.0
38,Nutrient,548,294.0
38,Nutrient,548,86.0
38,Nutrient,548,362.0
38,Nutrient,549,2477.0
38,Nutrient,549,1076.0
38,Nutrient,549,1076.0
38,Nutrient,549,455.0
38,Nutrient,549,402.0
38,Nutrient,549,524.0
38,Nutrient,549,1094.0
38,Nutrient,549,1550.0
38,Nutrient,549,898.0
38,Nutrient,549,550.0
38,Nutrient,549,2074.0
38,Nutrient,549,733.0
38,Nutrient,549,1113.0
38,Nutrient,549,1113.0
38,Nutrient,549,757.0
38,Nutrient,549,905.0
38,Nutrient,549,905.0
38,Nutrient,549,1129.0
38,Nutrient,549,804.0
38,Nutrient,549,456.0
38,Nutrient,549,426.0
38,Nutrient,549,467.0
38,Nutrient,549,493.0
38,Nutrient,549,493.0
38,Nutrient,549,445.0
38,Nutrient,549,837.0
38,Nutrient,549,493.0
38,Nutrient,549,494.0
38,Nutrient,549,494.0
38,Nutrient,549,769.0
38,Nutrient,549,708.0
38,Nutrient,549,964.0
38,Nutrient,549,829.0
38,Nutrient,549,475.0
38,Nutrient,549,445.0
38,Nutrient,549,779.0
38,Nutrient,549,448.0
38,Nutrient,549,797.0
38,Nutrient,549,898.0
38,Nutrient,549,540.0
38,Nutrient,549,540.0
38,Nutrient,549,609.0
38,Nutrient,549,1103.0
38,Nutrient,549,426.0
38,Nutrient,549,989.0
38,Nutrient,549,636.0
38,Nutrient,549,420.0
38,Nutrient,549,427.0
38,Nutrient,549,418.0
38,Nutrient,549,472.0
38,Nutrient,549,1005.0
38,Nutrient,549,1005.0
38,Nutrient,549,1005.0
38,Nutrient,549,791.0
38,Nutrient,549,791.0
38,Nutrient,549,448.0
38,Nutrient,549,784.0
38,Nutrient,549,1013.0
38,Nutrient,549,1439.0
38,Nutrient,549,485.0
38,Nutrient,549,594.0
38,Nutrient,549,948.0
38,Nutrient,549,724.0
38,Nutrient,549,1095.0
38,Nutrient,549,498.0
38,Nutrient,549,952.0
38,Nutrient,549,508.0
38,Nutrient,549,508.0
38,Nutrient,549,775.0
38,Nutrient,549,758.0
38,Nutrient,549,1371.0
38,Nutrient,549,1129.0
38,Nutrient,549,1166.0
38,Nutrient,549,431.0
38,Nutrient,549,499.0
38,Nutrient,549,1382.0
38,Nutrient,549,1260.0
38,Nutrient,549,1054.0
38,Nutrient,549,952.0
38,Nutrient,549,668.0
38,Nutrient,549,668.0
38,Nutrient,549,239.0
38,Nutrient,549,1002.0
38,Nutrient,549,180.0
38,Nutrient,549,752.0
38,Nutrient,549,105.0
38,Nutrient,549,440.0
38,Nutrient,549,163.0
38,Nutrient,549,683.0
38,Nutrient,549,263.0
38,Nutrient,549,1100.0
38,Nutrient,549,180.0
38,Nutrient,549,754.0
38,Nutrient,549,104.0
38,Nutrient,549,435.0
38,Nutrient,549,104.0
38,Nutrient,549,435.0
38,Nutrient,549,111.0
38,Nutrient,549,464.0
38,Nutrient,549,99.0
38,Nutrient,549,414.0
38,Nutrient,549,72.0
38,Nutrient,549,301.0
38,Nutrient,549,163.0
38,Nutrient,549,682.0
38,Nutrient,549,122.0
38,Nutrient,549,511.0
38,Nutrient,549,585.0
38,Nutrient,549,2449.0
38,Nutrient,549,376.0
38,Nutrient,549,1573.0
38,Nutrient,549,134.0
38,Nutrient,549,561.0
38,Nutrient,549,211.0
38,Nutrient,549,884.0
38,Nutrient,549,812.0
38,Nutrient,549,3397.0
38,Nutrient,549,518.0
38,Nutrient,549,2167.0
38,Nutrient,549,632.0
38,Nutrient,549,2645.0
38,Nutrient,549,626.0
38,Nutrient,549,2621.0
38,Nutrient,549,245.0
38,Nutrient,549,1025.0
38,Nutrient,549,273.0
38,Nutrient,549,1142.0
38,Nutrient,549,136.0
38,Nutrient,549,569.0
38,Nutrient,549,211.0
38,Nutrient,549,883.0
38,Nutrient,549,182.0
38,Nutrient,549,763.0
38,Nutrient,549,209.0
38,Nutrient,549,873.0
38,Nutrient,549,120.0
38,Nutrient,549,500.0
38,Nutrient,549,165.0
38,Nutrient,549,690.0
38,Nutrient,549,193.0
38,Nutrient,549,807.0
38,Nutrient,549,232.0
38,Nutrient,549,970.0
38,Nutrient,549,119.0
38,Nutrient,549,498.0
38,Nutrient,549,175.0
38,Nutrient,549,733.0
38,Nutrient,549,198.0
38,Nutrient,549,828.0
38,Nutrient,549,239.0
38,Nutrient,549,1000.0
38,Nutrient,549,242.0
38,Nutrient,549,1013.0
38,Nutrient,549,248.0
38,Nutrient,549,1038.0
38,Nutrient,549,143.0
38,Nutrient,549,598.0
38,Nutrient,549,204.0
38,Nutrient,549,854.0
38,Nutrient,549,210.0
38,Nutrient,549,879.0
38,Nutrient,549,209.0
38,Nutrient,549,874.0
38,Nutrient,549,194.0
38,Nutrient,549,813.0
38,Nutrient,549,255.0
38,Nutrient,549,1067.0
38,Nutrient,549,231.0
38,Nutrient,549,965.0
38,Nutrient,549,254.0
38,Nutrient,549,1065.0
38,Nutrient,549,143.0
38,Nutrient,549,599.0
38,Nutrient,549,222.0
38,Nutrient,549,927.0
38,Nutrient,549,193.0
38,Nutrient,549,807.0
38,Nutrient,549,217.0
38,Nutrient,549,908.0
38,Nutrient,549,170.0
38,Nutrient,549,711.0
38,Nutrient,549,242.0
38,Nutrient,549,1014.0
38,Nutrient,549,209.0
38,Nutrient,549,875.0
38,Nutrient,549,231.0
38,Nutrient,549,966.0
38,Nutrient,549,127.0
38,Nutrient,549,533.0
38,Nutrient,549,200.0
38,Nutrient,549,836.0
38,Nutrient,549,180.0
38,Nutrient,549,753.0
38,Nutrient,549,194.0
38,Nutrient,549,811.0
38,Nutrient,549,186.0
38,Nutrient,549,779.0
38,Nutrient,549,261.0
38,Nutrient,549,1091.0
38,Nutrient,549,222.0
38,Nutrient,549,929.0
38,Nutrient,549,248.0
38,Nutrient,549,1036.0
38,Nutrient,549,136.0
38,Nutrient,549,570.0
38,Nutrient,549,208.0
38,Nutrient,549,871.0
38,Nutrient,549,186.0
38,Nutrient,549,776.0
38,Nutrient,549,206.0
38,Nutrient,549,863.0
38,Nutrient,549,168.0
38,Nutrient,549,704.0
38,Nutrient,549,234.0
38,Nutrient,549,979.0
38,Nutrient,549,222.0
38,Nutrient,549,928.0
38,Nutrient,549,230.0
38,Nutrient,549,961.0
38,Nutrient,549,129.0
38,Nutrient,549,538.0
38,Nutrient,549,195.0
38,Nutrient,549,814.0
38,Nutrient,549,174.0
38,Nutrient,549,729.0
38,Nutrient,549,204.0
38,Nutrient,549,852.0
38,Nutrient,549,109.0
38,Nutrient,549,456.0
38,Nutrient,549,143.0
38,Nutrient,549,600.0
38,Nutrient,549,155.0
38,Nutrient,549,647.0
38,Nutrient,549,200.0
38,Nutrient,549,835.0
38,Nutrient,549,196.0
38,Nutrient,549,820.0
38,Nutrient,549,192.0
38,Nutrient,549,805.0
38,Nutrient,549,127.0
38,Nutrient,549,530.0
38,Nutrient,549,170.0
38,Nutrient,549,709.0
38,Nutrient,549,173.0
38,Nutrient,549,722.0
38,Nutrient,549,173.0
38,Nutrient,549,723.0
38,Nutrient,549,236.0
38,Nutrient,549,987.0
38,Nutrient,549,292.0
38,Nutrient,549,1222.0
38,Nutrient,549,148.0
38,Nutrient,549,619.0
38,Nutrient,549,230.0
38,Nutrient,549,962.0
38,Nutrient,549,193.0
38,Nutrient,549,806.0
38,Nutrient,549,235.0
38,Nutrient,549,985.0
38,Nutrient,549,317.0
38,Nutrient,549,1326.0
38,Nutrient,549,120.0
38,Nutrient,549,504.0
38,Nutrient,549,194.0
38,Nutrient,549,813.0
38,Nutrient,549,228.0
38,Nutrient,549,954.0
38,Nutrient,549,186.0
38,Nutrient,549,778.0
38,Nutrient,549,267.0
38,Nutrient,549,1116.0
38,Nutrient,549,259.0
38,Nutrient,549,1084.0
38,Nutrient,549,269.0
38,Nutrient,549,1125.0
38,Nutrient,549,132.0
38,Nutrient,549,550.0
38,Nutrient,549,233.0
38,Nutrient,549,973.0
38,Nutrient,549,227.0
38,Nutrient,549,950.0
38,Nutrient,549,232.0
38,Nutrient,549,971.0
38,Nutrient,549,277.0
38,Nutrient,549,1159.0
38,Nutrient,549,397.0
38,Nutrient,549,1661.0
38,Nutrient,549,201.0
38,Nutrient,549,839.0
38,Nutrient,549,127.0
38,Nutrient,549,531.0
38,Nutrient,549,138.0
38,Nutrient,549,577.0
38,Nutrient,549,182.0
38,Nutrient,549,764.0
38,Nutrient,549,233.0
38,Nutrient,549,975.0
38,Nutrient,549,234.0
38,Nutrient,549,979.0
38,Nutrient,549,166.0
38,Nutrient,549,695.0
38,Nutrient,549,212.0
38,Nutrient,549,889.0
38,Nutrient,549,118.0
38,Nutrient,549,494.0
38,Nutrient,549,148.0
38,Nutrient,549,619.0
38,Nutrient,549,655.0
38,Nutrient,549,2741.0
38,Nutrient,549,100.0
38,Nutrient,549,418.0
38,Nutrient,549,151.0
38,Nutrient,549,632.0
38,Nutrient,549,857.0
38,Nutrient,549,3586.0
38,Nutrient,549,134.0
38,Nutrient,549,561.0
38,Nutrient,549,165.0
38,Nutrient,549,690.0
38,Nutrient,549,85.0
38,Nutrient,549,356.0
38,Nutrient,549,99.0
38,Nutrient,549,414.0
38,Nutrient,549,304.0
38,Nutrient,549,1272.0
38,Nutrient,549,199.0
38,Nutrient,549,833.0
38,Nutrient,549,219.0
38,Nutrient,549,916.0
38,Nutrient,549,100.0
38,Nutrient,549,418.0
38,Nutrient,549,149.0
38,Nutrient,549,623.0
38,Nutrient,549,159.0
38,Nutrient,549,665.0
38,Nutrient,549,222.0
38,Nutrient,549,929.0
38,Nutrient,549,225.0
38,Nutrient,549,941.0
38,Nutrient,549,271.0
38,Nutrient,549,1134.0
38,Nutrient,549,458.0
38,Nutrient,549,1918.0
38,Nutrient,549,541.0
38,Nutrient,549,2262.0
38,Nutrient,549,388.0
38,Nutrient,549,1623.0
38,Nutrient,549,459.0
38,Nutrient,549,1920.0
38,Nutrient,549,157.0
38,Nutrient,549,657.0
38,Nutrient,549,185.0
38,Nutrient,549,774.0
38,Nutrient,549,140.0
38,Nutrient,549,586.0
38,Nutrient,549,145.0
38,Nutrient,549,607.0
38,Nutrient,549,178.0
38,Nutrient,549,745.0
38,Nutrient,549,120.0
38,Nutrient,549,502.0
38,Nutrient,549,136.0
38,Nutrient,549,569.0
38,Nutrient,549,190.0
38,Nutrient,549,795.0
38,Nutrient,549,226.0
38,Nutrient,549,946.0
38,Nutrient,549,195.0
38,Nutrient,549,816.0
38,Nutrient,549,203.0
38,Nutrient,549,849.0
38,Nutrient,549,315.0
38,Nutrient,549,1318.0
38,Nutrient,549,342.0
38,Nutrient,549,1431.0
38,Nutrient,549,122.0
38,Nutrient,549,510.0
38,Nutrient,549,246.0
38,Nutrient,549,1029.0
38,Nutrient,549,243.0
38,Nutrient,549,1017.0
38,Nutrient,549,147.0
38,Nutrient,549,615.0
38,Nutrient,549,157.0
38,Nutrient,549,657.0
38,Nutrient,549,196.0
38,Nutrient,549,822.0
38,Nutrient,549,748.0
38,Nutrient,549,3130.0
38,Nutrient,549,579.0
38,Nutrient,549,2423.0
38,Nutrient,549,591.0
38,Nutrient,549,2473.0
38,Nutrient,549,280.0
38,Nutrient,549,1172.0
38,Nutrient,549,170.0
38,Nutrient,549,711.0
38,Nutrient,549,269.0
38,Nutrient,549,1125.0
38,Nutrient,549,287.0
38,Nutrient,549,1201.0
38,Nutrient,549,232.0
38,Nutrient,549,971.0
38,Nutrient,549,378.0
38,Nutrient,549,1582.0
38,Nutrient,549,396.0
38,Nutrient,549,1657.0
38,Nutrient,549,195.0
38,Nutrient,549,817.0
38,Nutrient,549,211.0
38,Nutrient,549,882.0
38,Nutrient,549,256.0
38,Nutrient,549,1072.0
38,Nutrient,549,238.0
38,Nutrient,549,997.0
38,Nutrient,549,256.0
38,Nutrient,549,1072.0
38,Nutrient,549,172.0
38,Nutrient,549,718.0
38,Nutrient,549,162.0
38,Nutrient,549,678.0
38,Nutrient,549,165.0
38,Nutrient,549,690.0
38,Nutrient,549,144.0
38,Nutrient,549,602.0
38,Nutrient,549,167.0
38,Nutrient,549,699.0
38,Nutrient,549,196.0
38,Nutrient,549,821.0
38,Nutrient,549,216.0
38,Nutrient,549,904.0
38,Nutrient,549,238.0
38,Nutrient,549,995.0
38,Nutrient,549,224.0
38,Nutrient,549,936.0
38,Nutrient,549,286.0
38,Nutrient,549,1197.0
38,Nutrient,549,211.0
38,Nutrient,549,883.0
38,Nutrient,549,255.0
38,Nutrient,549,1067.0
38,Nutrient,549,260.0
38,Nutrient,549,1088.0
38,Nutrient,549,273.0
38,Nutrient,549,1142.0
38,Nutrient,549,252.0
38,Nutrient,549,1054.0
38,Nutrient,549,152.0
38,Nutrient,549,636.0
38,Nutrient,549,211.0
38,Nutrient,549,883.0
38,Nutrient,549,216.0
38,Nutrient,549,904.0
38,Nutrient,549,224.0
38,Nutrient,549,937.0
38,Nutrient,549,214.0
38,Nutrient,549,895.0
38,Nutrient,549,189.0
38,Nutrient,549,792.0
38,Nutrient,549,273.0
38,Nutrient,549,1141.0
38,Nutrient,549,359.0
38,Nutrient,549,1500.0
38,Nutrient,549,140.0
38,Nutrient,549,584.0
38,Nutrient,549,247.0
38,Nutrient,549,1034.0
38,Nutrient,549,227.0
38,Nutrient,549,951.0
38,Nutrient,549,133.0
38,Nutrient,549,555.0
38,Nutrient,549,171.0
38,Nutrient,549,714.0
38,Nutrient,549,170.0
38,Nutrient,549,712.0
38,Nutrient,549,192.0
38,Nutrient,549,805.0
38,Nutrient,549,121.0
38,Nutrient,549,505.0
38,Nutrient,549,163.0
38,Nutrient,549,683.0
38,Nutrient,549,161.0
38,Nutrient,549,676.0
38,Nutrient,549,178.0
38,Nutrient,549,743.0
38,Nutrient,549,120.0
38,Nutrient,549,502.0
38,Nutrient,549,263.0
38,Nutrient,549,1100.0
38,Nutrient,549,297.0
38,Nutrient,549,1243.0
38,Nutrient,549,201.0
38,Nutrient,549,841.0
38,Nutrient,549,147.0
38,Nutrient,549,615.0
38,Nutrient,549,187.0
38,Nutrient,549,782.0
38,Nutrient,549,166.0
38,Nutrient,549,696.0
38,Nutrient,549,132.0
38,Nutrient,549,553.0
38,Nutrient,549,177.0
38,Nutrient,549,741.0
38,Nutrient,549,235.0
38,Nutrient,549,981.0
38,Nutrient,549,144.0
38,Nutrient,549,602.0
38,Nutrient,549,211.0
38,Nutrient,549,883.0
38,Nutrient,549,149.0
38,Nutrient,549,623.0
38,Nutrient,549,265.0
38,Nutrient,549,1109.0
38,Nutrient,549,133.0
38,Nutrient,549,556.0
38,Nutrient,549,221.0
38,Nutrient,549,925.0
38,Nutrient,549,106.0
38,Nutrient,549,444.0
38,Nutrient,549,119.0
38,Nutrient,549,499.0
38,Nutrient,549,110.0
38,Nutrient,549,461.0
38,Nutrient,549,118.0
38,Nutrient,549,492.0
38,Nutrient,549,167.0
38,Nutrient,549,699.0
38,Nutrient,549,145.0
38,Nutrient,549,609.0
38,Nutrient,549,122.0
38,Nutrient,549,511.0
38,Nutrient,549,169.0
38,Nutrient,549,706.0
38,Nutrient,549,190.0
38,Nutrient,549,796.0
38,Nutrient,549,548.0
38,Nutrient,549,2293.0
38,Nutrient,549,505.0
38,Nutrient,549,2114.0
38,Nutrient,549,533.0
38,Nutrient,549,2230.0
38,Nutrient,549,157.0
38,Nutrient,549,658.0
38,Nutrient,549,898.0
38,Nutrient,549,3756.0
38,Nutrient,549,121.0
38,Nutrient,549,507.0
38,Nutrient,549,95.0
38,Nutrient,549,399.0
38,Nutrient,549,128.0
38,Nutrient,549,537.0
38,Nutrient,549,131.0
38,Nutrient,549,548.0
38,Nutrient,549,122.0
38,Nutrient,549,509.0
38,Nutrient,549,123.0
38,Nutrient,549,516.0
38,Nutrient,549,123.0
38,Nutrient,549,513.0
38,Nutrient,549,116.0
38,Nutrient,549,486.0
38,Nutrient,549,137.0
38,Nutrient,549,571.0
38,Nutrient,549,145.0
38,Nutrient,549,605.0
38,Nutrient,549,150.0
38,Nutrient,549,629.0
38,Nutrient,549,126.0
38,Nutrient,549,527.0
38,Nutrient,549,131.0
38,Nutrient,549,550.0
38,Nutrient,549,117.0
38,Nutrient,549,490.0
38,Nutrient,549,117.0
38,Nutrient,549,489.0
38,Nutrient,549,110.0
38,Nutrient,549,459.0
38,Nutrient,549,132.0
38,Nutrient,549,551.0
38,Nutrient,549,116.0
38,Nutrient,549,486.0
38,Nutrient,549,113.0
38,Nutrient,549,472.0
38,Nutrient,549,110.0
38,Nutrient,549,462.0
38,Nutrient,549,91.0
38,Nutrient,549,382.0
38,Nutrient,549,91.0
38,Nutrient,549,383.0
38,Nutrient,549,107.0
38,Nutrient,549,448.0
38,Nutrient,549,103.0
38,Nutrient,549,432.0
38,Nutrient,549,113.0
38,Nutrient,549,471.0
38,Nutrient,549,122.0
38,Nutrient,549,512.0
38,Nutrient,549,130.0
38,Nutrient,549,546.0
38,Nutrient,549,123.0
38,Nutrient,549,515.0
38,Nutrient,549,109.0
38,Nutrient,549,455.0
38,Nutrient,549,507.0
38,Nutrient,549,2122.0
38,Nutrient,549,515.0
38,Nutrient,549,2153.0
38,Nutrient,549,171.0
38,Nutrient,549,716.0
38,Nutrient,549,146.0
38,Nutrient,549,613.0
38,Nutrient,549,112.0
38,Nutrient,549,469.0
38,Nutrient,549,129.0
38,Nutrient,549,541.0
38,Nutrient,549,159.0
38,Nutrient,549,663.0
38,Nutrient,549,191.0
38,Nutrient,549,797.0
38,Nutrient,549,200.0
38,Nutrient,549,836.0
38,Nutrient,549,117.0
38,Nutrient,549,490.0
38,Nutrient,549,149.0
38,Nutrient,549,624.0
38,Nutrient,549,243.0
38,Nutrient,549,1016.0
38,Nutrient,549,179.0
38,Nutrient,549,749.0
38,Nutrient,549,121.0
38,Nutrient,549,508.0
38,Nutrient,549,162.0
38,Nutrient,549,679.0
38,Nutrient,549,167.0
38,Nutrient,549,699.0
38,Nutrient,549,172.0
38,Nutrient,549,718.0
38,Nutrient,549,161.0
38,Nutrient,549,675.0
38,Nutrient,549,200.0
38,Nutrient,549,838.0
38,Nutrient,549,166.0
38,Nutrient,549,695.0
38,Nutrient,549,125.0
38,Nutrient,549,523.0
38,Nutrient,549,126.0
38,Nutrient,549,527.0
38,Nutrient,549,186.0
38,Nutrient,549,777.0
38,Nutrient,549,234.0
38,Nutrient,549,979.0
38,Nutrient,549,155.0
38,Nutrient,549,649.0
38,Nutrient,549,124.0
38,Nutrient,549,519.0
38,Nutrient,549,123.0
38,Nutrient,549,513.0
38,Nutrient,549,177.0
38,Nutrient,549,740.0
38,Nutrient,549,191.0
38,Nutrient,549,799.0
38,Nutrient,549,180.0
38,Nutrient,549,753.0
38,Nutrient,549,118.0
38,Nutrient,549,494.0
38,Nutrient,549,136.0
38,Nutrient,549,571.0
38,Nutrient,549,114.0
38,Nutrient,549,476.0
38,Nutrient,549,177.0
38,Nutrient,549,741.0
38,Nutrient,549,132.0
38,Nutrient,549,553.0
38,Nutrient,549,125.0
38,Nutrient,549,525.0
38,Nutrient,549,139.0
38,Nutrient,549,582.0
38,Nutrient,549,125.0
38,Nutrient,549,521.0
38,Nutrient,549,183.0
38,Nutrient,549,764.0
38,Nutrient,549,177.0
38,Nutrient,549,739.0
38,Nutrient,549,180.0
38,Nutrient,549,752.0
38,Nutrient,549,130.0
38,Nutrient,549,543.0
38,Nutrient,549,173.0
38,Nutrient,549,725.0
38,Nutrient,549,361.0
38,Nutrient,549,1512.0
38,Nutrient,549,508.0
38,Nutrient,549,2126.0
38,Nutrient,549,116.0
38,Nutrient,549,486.0
38,Nutrient,549,106.0
38,Nutrient,549,443.0
38,Nutrient,549,227.0
38,Nutrient,549,951.0
38,Nutrient,549,122.0
38,Nutrient,549,511.0
38,Nutrient,549,131.0
38,Nutrient,549,548.0
38,Nutrient,549,110.0
38,Nutrient,549,459.0
38,Nutrient,549,123.0
38,Nutrient,549,516.0
38,Nutrient,549,142.0
38,Nutrient,549,593.0
38,Nutrient,549,114.0
38,Nutrient,549,478.0
38,Nutrient,549,121.0
38,Nutrient,549,504.0
38,Nutrient,549,169.0
38,Nutrient,549,709.0
38,Nutrient,549,263.0
38,Nutrient,549,1100.0
38,Nutrient,549,176.0
38,Nutrient,549,735.0
38,Nutrient,549,158.0
38,Nutrient,549,659.0
38,Nutrient,549,123.0
38,Nutrient,549,515.0
38,Nutrient,549,127.0
38,Nutrient,549,531.0
38,Nutrient,549,162.0
38,Nutrient,549,678.0
38,Nutrient,549,155.0
38,Nutrient,549,650.0
38,Nutrient,549,128.0
38,Nutrient,549,535.0
38,Nutrient,549,156.0
38,Nutrient,549,652.0
38,Nutrient,549,113.0
38,Nutrient,549,474.0
38,Nutrient,549,314.0
38,Nutrient,549,1314.0
38,Nutrient,549,218.0
38,Nutrient,549,911.0
38,Nutrient,549,121.0
38,Nutrient,549,507.0
38,Nutrient,549,393.0
38,Nutrient,549,1645.0
38,Nutrient,549,289.0
38,Nutrient,549,1211.0
38,Nutrient,549,187.0
38,Nutrient,549,781.0
38,Nutrient,549,377.0
38,Nutrient,549,1579.0
38,Nutrient,549,301.0
38,Nutrient,549,1260.0
38,Nutrient,549,185.0
38,Nutrient,549,773.0
38,Nutrient,549,123.0
38,Nutrient,549,513.0
38,Nutrient,549,175.0
38,Nutrient,549,731.0
38,Nutrient,549,169.0
38,Nutrient,549,706.0
38,Nutrient,549,216.0
38,Nutrient,549,905.0
38,Nutrient,549,216.0
38,Nutrient,549,905.0
38,Nutrient,549,219.0
38,Nutrient,549,917.0
38,Nutrient,549,202.0
38,Nutrient,549,847.0
38,Nutrient,549,157.0
38,Nutrient,549,656.0
38,Nutrient,549,199.0
38,Nutrient,549,832.0
38,Nutrient,549,247.0
38,Nutrient,549,1032.0
38,Nutrient,549,260.0
38,Nutrient,549,1089.0
38,Nutrient,549,270.0
38,Nutrient,549,1131.0
38,Nutrient,549,544.0
38,Nutrient,549,2276.0
38,Nutrient,549,538.0
38,Nutrient,549,2251.0
38,Nutrient,549,168.0
38,Nutrient,549,701.0
38,Nutrient,549,270.0
38,Nutrient,549,1129.0
38,Nutrient,549,615.0
38,Nutrient,549,2573.0
38,Nutrient,549,165.0
38,Nutrient,549,690.0
38,Nutrient,549,172.0
38,Nutrient,549,720.0
38,Nutrient,549,145.0
38,Nutrient,549,607.0
38,Nutrient,549,541.0
38,Nutrient,549,2262.0
38,Nutrient,550,251.0
38,Nutrient,550,1052.0
38,Nutrient,550,199.0
38,Nutrient,550,833.0
38,Nutrient,550,282.0
38,Nutrient,550,1180.0
38,Nutrient,550,125.0
38,Nutrient,550,523.0
38,Nutrient,550,900.0
38,Nutrient,550,3766.0
38,Nutrient,551,61.0
38,Nutrient,551,255.0
38,Nutrient,552,337.0
38,Nutrient,552,1411.0
38,Nutrient,552,146.0
38,Nutrient,552,611.0
38,Nutrient,553,47.0
38,Nutrient,553,197.0
38,Nutrient,553,47.0
38,Nutrient,553,197.0
38,Nutrient,553,47.0
38,Nutrient,553,196.0
38,Nutrient,553,347.0
38,Nutrient,553,1452.0
38,Nutrient,553,118.0
38,Nutrient,553,494.0
38,Nutrient,553,118.0
38,Nutrient,553,494.0
38,Nutrient,554,136.0
38,Nutrient,554,568.0
38,Nutrient,555,192.0
38,Nutrient,555,803.0
38,Nutrient,555,134.0
38,Nutrient,555,561.0
38,Nutrient,555,123.0
38,Nutrient,555,515.0
38,Nutrient,555,227.0
38,Nutrient,555,951.0
38,Nutrient,556,88.0
38,Nutrient,556,368.0
38,Nutrient,556,50.0
38,Nutrient,556,209.0
38,Nutrient,557,30.0
38,Nutrient,557,126.0
38,Nutrient,557,25.0
38,Nutrient,557,104.0
38,Nutrient,557,21.0
38,Nutrient,557,88.0
38,Nutrient,558,55.0
38,Nutrient,558,230.0
38,Nutrient,559,111.0
38,Nutrient,559,462.0
38,Nutrient,560,25.0
38,Nutrient,560,105.0
38,Nutrient,560,298.0
38,Nutrient,560,1248.0
38,Nutrient,561,92.0
38,Nutrient,561,103.0
38,Nutrient,561,29.0
38,Nutrient,561,121.0
38,Nutrient,561,22.0
38,Nutrient,561,93.0
38,Nutrient,561,28.0
38,Nutrient,561,117.0
38,Nutrient,561,26.0
38,Nutrient,561,110.0
38,Nutrient,561,25.0
38,Nutrient,561,105.0
38,Nutrient,561,22.0
38,Nutrient,561,92.0
38,Nutrient,561,22.0
38,Nutrient,561,94.0
38,Nutrient,561,28.0
38,Nutrient,561,117.0
38,Nutrient,561,29.0
38,Nutrient,561,121.0
38,Nutrient,561,32.0
38,Nutrient,561,133.0
38,Nutrient,561,35.0
38,Nutrient,561,147.0
38,Nutrient,561,22.0
38,Nutrient,561,92.0
38,Nutrient,562,34.0
38,Nutrient,562,141.0
38,Nutrient,562,39.0
38,Nutrient,562,162.0
38,Nutrient,562,296.0
38,Nutrient,562,1238.0
38,Nutrient,562,56.0
38,Nutrient,562,234.0
38,Nutrient,562,56.0
38,Nutrient,562,234.0
38,Nutrient,563,35.0
38,Nutrient,563,146.0
38,Nutrient,564,45.0
38,Nutrient,564,188.0
38,Nutrient,565,37.0
38,Nutrient,565,153.0
38,Nutrient,566,32.0
38,Nutrient,566,134.0
38,Nutrient,567,33.0
38,Nutrient,567,139.0
38,Nutrient,568,284.0
38,Nutrient,568,1190.0
38,Nutrient,569,31.0
38,Nutrient,569,130.0
38,Nutrient,570,34.0
38,Nutrient,570,143.0
38,Nutrient,570,34.0
38,Nutrient,570,142.0
38,Nutrient,571,123.0
38,Nutrient,571,515.0
38,Nutrient,571,158.0
38,Nutrient,571,661.0
38,Nutrient,572,42.0
38,Nutrient,572,174.0
38,Nutrient,573,26.0
38,Nutrient,573,111.0
38,Nutrient,573,16.0
38,Nutrient,573,65.0
38,Nutrient,574,902.0
38,Nutrient,574,3774.0
38,Nutrient,574,902.0
38,Nutrient,574,3774.0
38,Nutrient,575,1216.0
38,Nutrient,575,1476.0
38,Nutrient,575,3700.0
38,Nutrient,575,1594.0
38,Nutrient,575,1594.0
38,Nutrient,575,1593.0
38,Nutrient,575,1503.0
38,Nutrient,575,1426.0
38,Nutrient,575,1439.0
38,Nutrient,575,884.0
38,Nutrient,575,3699.0
38,Nutrient,575,216.0
38,Nutrient,575,904.0
38,Nutrient,575,360.0
38,Nutrient,575,1506.0
38,Nutrient,575,340.0
38,Nutrient,575,1424.0
38,Nutrient,575,364.0
38,Nutrient,575,1523.0
38,Nutrient,575,354.0
38,Nutrient,575,1481.0
38,Nutrient,575,361.0
38,Nutrient,575,1510.0
38,Nutrient,575,362.0
38,Nutrient,575,1515.0
38,Nutrient,575,405.0
38,Nutrient,575,1695.0
38,Nutrient,575,198.0
38,Nutrient,575,828.0
38,Nutrient,575,361.0
38,Nutrient,575,1510.0
38,Nutrient,575,364.0
38,Nutrient,575,1523.0
38,Nutrient,575,364.0
38,Nutrient,575,1523.0
38,Nutrient,575,364.0
38,Nutrient,575,1523.0
38,Nutrient,575,367.0
38,Nutrient,575,1533.0
38,Nutrient,575,367.0
38,Nutrient,575,1533.0
38,Nutrient,575,366.0
38,Nutrient,575,1530.0
38,Nutrient,575,366.0
38,Nutrient,575,1530.0
38,Nutrient,575,366.0
38,Nutrient,575,1530.0
38,Nutrient,575,363.0
38,Nutrient,575,1518.0
38,Nutrient,575,363.0
38,Nutrient,575,1518.0
38,Nutrient,575,363.0
38,Nutrient,575,1518.0
38,Nutrient,575,362.0
38,Nutrient,575,1514.0
38,Nutrient,575,362.0
38,Nutrient,575,1514.0
38,Nutrient,575,362.0
38,Nutrient,575,1514.0
38,Nutrient,575,362.0
38,Nutrient,575,1514.0
38,Nutrient,575,332.0
38,Nutrient,575,1391.0
38,Nutrient,576,156.0
38,Nutrient,576,652.0
38,Nutrient,576,162.0
38,Nutrient,576,677.0
38,Nutrient,577,68.0
38,Nutrient,577,286.0
38,Nutrient,577,135.0
38,Nutrient,577,563.0
38,Nutrient,577,341.0
38,Nutrient,577,1427.0
38,Nutrient,578,25.0
38,Nutrient,578,106.0
38,Nutrient,579,36.0
38,Nutrient,579,151.0
38,Nutrient,580,879.0
38,Nutrient,581,337.0
38,Nutrient,582,432.0
38,Nutrient,583,166.0
38,Nutrient,583,38.0
38,Nutrient,583,160.0
38,Nutrient,584,444.0
38,Nutrient,584,770.0
38,Nutrient,585,884.0
38,Nutrient,585,448.0
38,Nutrient,586,1005.0
38,Nutrient,587,475.0
38,Nutrient,587,475.0
38,Nutrient,587,543.0
38,Nutrient,588,343.0
38,Nutrient,589,654.0
38,Nutrient,590,497.0
38,Nutrient,590,1650.0
38,Nutrient,590,500.0
38,Nutrient,590,548.0
38,Nutrient,591,1331.0
38,Nutrient,591,1358.0
38,Nutrient,592,290.0
38,Nutrient,592,73.0
38,Nutrient,592,305.0
38,Nutrient,593,464.0
38,Nutrient,594,295.0
38,Nutrient,595,478.0
38,Nutrient,596,613.0
38,Nutrient,597,343.0
38,Nutrient,598,378.0
38,Nutrient,598,378.0
38,Nutrient,598,395.0
38,Nutrient,599,692.0
38,Nutrient,599,1577.0
38,Nutrient,600,943.0
38,Nutrient,600,825.0
38,Nutrient,600,1210.0
38,Nutrient,600,1220.0
38,Nutrient,601,347.0
38,Nutrient,601,697.0
38,Nutrient,601,432.0
38,Nutrient,602,390.0
38,Nutrient,603,395.0
38,Nutrient,604,352.0
38,Nutrient,605,3700.0
38,Nutrient,605,3700.0
38,Nutrient,605,884.0
38,Nutrient,605,3699.0
38,Nutrient,605,862.0
38,Nutrient,605,3607.0
38,Nutrient,605,884.0
38,Nutrient,605,3699.0
38,Nutrient,605,884.0
38,Nutrient,605,3699.0
38,Nutrient,605,884.0
38,Nutrient,605,3699.0
38,Nutrient,605,884.0
38,Nutrient,605,3699.0
38,Nutrient,605,880.0
38,Nutrient,605,3680.0
38,Nutrient,605,884.0
38,Nutrient,605,3699.0
38,Nutrient,606,260.0
38,Nutrient,608,361.0
38,Nutrient,609,361.0
38,Nutrient,610,1057.0
38,Nutrient,610,576.0
38,Nutrient,610,365.0
38,Nutrient,611,474.0
38,Nutrient,612,363.0
38,Nutrient,613,350.0
38,Nutrient,614,494.0
38,Nutrient,615,1280.0
38,Nutrient,616,1044.0
38,Nutrient,617,343.0
38,Nutrient,617,90.0
38,Nutrient,617,377.0
38,Nutrient,618,359.0
38,Nutrient,619,450.0
38,Nutrient,619,266.0
38,Nutrient,619,1115.0
38,Nutrient,620,3700.0
38,Nutrient,621,808.0
38,Nutrient,621,560.0
38,Nutrient,621,467.0
38,Nutrient,621,508.0
38,Nutrient,621,198.0
38,Nutrient,621,830.0
38,Nutrient,621,116.0
38,Nutrient,621,487.0
38,Nutrient,621,187.0
38,Nutrient,621,782.0
38,Nutrient,621,198.0
38,Nutrient,621,830.0
38,Nutrient,621,116.0
38,Nutrient,621,487.0
38,Nutrient,622,3700.0
38,Nutrient,622,2847.0
38,Nutrient,622,884.0
38,Nutrient,622,3699.0
38,Nutrient,623,488.0
38,Nutrient,624,213.0
38,Nutrient,624,890.0
38,Nutrient,625,130.0
38,Nutrient,625,544.0
38,Nutrient,626,304.0
38,Nutrient,626,63.0
38,Nutrient,626,297.0
38,Nutrient,626,345.0
38,Nutrient,626,281.0
38,Nutrient,626,330.0
38,Nutrient,626,97.0
38,Nutrient,626,280.0
38,Nutrient,626,316.0
38,Nutrient,626,400.0
38,Nutrient,626,160.0
38,Nutrient,626,671.0
38,Nutrient,626,83.0
38,Nutrient,626,347.0
38,Nutrient,626,85.0
38,Nutrient,626,356.0
38,Nutrient,626,83.0
38,Nutrient,626,347.0
38,Nutrient,626,83.0
38,Nutrient,626,349.0
38,Nutrient,626,82.0
38,Nutrient,626,341.0
38,Nutrient,626,83.0
38,Nutrient,626,348.0
38,Nutrient,626,85.0
38,Nutrient,626,355.0
38,Nutrient,626,88.0
38,Nutrient,626,369.0
38,Nutrient,626,85.0
38,Nutrient,626,356.0
38,Nutrient,626,83.0
38,Nutrient,626,348.0
38,Nutrient,626,82.0
38,Nutrient,626,342.0
38,Nutrient,626,80.0
38,Nutrient,626,337.0
38,Nutrient,626,86.0
38,Nutrient,626,359.0
38,Nutrient,626,74.0
38,Nutrient,626,311.0
38,Nutrient,626,83.0
38,Nutrient,626,346.0
38,Nutrient,626,80.0
38,Nutrient,626,334.0
38,Nutrient,626,82.0
38,Nutrient,626,343.0
38,Nutrient,626,76.0
38,Nutrient,626,319.0
38,Nutrient,626,81.0
38,Nutrient,626,337.0
38,Nutrient,626,108.0
38,Nutrient,626,451.0
38,Nutrient,626,82.0
38,Nutrient,626,344.0
38,Nutrient,626,80.0
38,Nutrient,626,337.0
38,Nutrient,626,81.0
38,Nutrient,626,340.0
38,Nutrient,626,112.0
38,Nutrient,626,467.0
38,Nutrient,626,81.0
38,Nutrient,626,340.0
38,Nutrient,626,82.0
38,Nutrient,626,342.0
38,Nutrient,626,86.0
38,Nutrient,626,360.0
38,Nutrient,626,78.0
38,Nutrient,626,326.0
38,Nutrient,626,88.0
38,Nutrient,626,369.0
38,Nutrient,626,84.0
38,Nutrient,626,351.0
38,Nutrient,626,152.0
38,Nutrient,626,638.0
38,Nutrient,626,6.0
38,Nutrient,626,25.0
38,Nutrient,626,83.0
38,Nutrient,626,348.0
38,Nutrient,626,50.0
38,Nutrient,626,209.0
38,Nutrient,626,49.0
38,Nutrient,626,206.0
38,Nutrient,630,1047.0
38,Nutrient,630,1122.0
38,Nutrient,630,1452.0
38,Nutrient,630,987.0
38,Nutrient,630,1438.0
38,Nutrient,630,1384.0
38,Nutrient,630,1582.0
38,Nutrient,630,1266.0
38,Nutrient,630,371.0
38,Nutrient,630,1552.0
38,Nutrient,630,326.0
38,Nutrient,630,1364.0
38,Nutrient,630,327.0
38,Nutrient,630,1368.0
38,Nutrient,630,308.0
38,Nutrient,630,1289.0
38,Nutrient,631,1860.0
38,Nutrient,631,1171.0
38,Nutrient,631,1369.0
38,Nutrient,631,1542.0
38,Nutrient,631,835.0
38,Nutrient,631,1196.0
38,Nutrient,631,1304.0
38,Nutrient,631,433.0
38,Nutrient,631,1381.0
38,Nutrient,631,1571.0
38,Nutrient,631,1447.0
38,Nutrient,631,1633.0
38,Nutrient,631,657.0
38,Nutrient,631,931.0
38,Nutrient,631,1099.0
38,Nutrient,631,1297.0
38,Nutrient,631,1392.0
38,Nutrient,631,950.0
38,Nutrient,631,1081.0
38,Nutrient,631,1342.0
38,Nutrient,631,1342.0
38,Nutrient,631,1480.0
38,Nutrient,631,1120.0
38,Nutrient,631,1504.0
38,Nutrient,631,1617.0
38,Nutrient,631,1167.0
38,Nutrient,631,1507.0
38,Nutrient,631,1565.0
38,Nutrient,631,1687.0
38,Nutrient,631,1579.0
38,Nutrient,631,1571.0
38,Nutrient,631,1480.0
38,Nutrient,631,1646.0
38,Nutrient,631,1488.0
38,Nutrient,631,1488.0
38,Nutrient,631,1782.0
38,Nutrient,631,1482.0
38,Nutrient,631,950.0
38,Nutrient,631,1070.0
38,Nutrient,631,1328.0
38,Nutrient,631,820.0
38,Nutrient,631,813.0
38,Nutrient,631,277.0
38,Nutrient,631,1450.0
38,Nutrient,631,1378.0
38,Nutrient,631,1764.0
38,Nutrient,631,1066.0
38,Nutrient,631,1260.0
38,Nutrient,631,1399.0
38,Nutrient,631,1556.0
38,Nutrient,631,1220.0
38,Nutrient,631,1428.0
38,Nutrient,631,1770.0
38,Nutrient,631,1165.0
38,Nutrient,631,1354.0
38,Nutrient,631,1540.0
38,Nutrient,631,623.0
38,Nutrient,631,302.0
38,Nutrient,631,269.0
38,Nutrient,631,693.0
38,Nutrient,631,353.0
38,Nutrient,631,1477.0
38,Nutrient,631,371.0
38,Nutrient,631,1552.0
38,Nutrient,631,334.0
38,Nutrient,631,1396.0
38,Nutrient,631,300.0
38,Nutrient,631,1253.0
38,Nutrient,631,376.0
38,Nutrient,631,1573.0
38,Nutrient,631,403.0
38,Nutrient,631,1684.0
38,Nutrient,631,387.0
38,Nutrient,631,1620.0
38,Nutrient,631,394.0
38,Nutrient,631,1647.0
38,Nutrient,631,98.0
38,Nutrient,631,412.0
38,Nutrient,631,97.0
38,Nutrient,631,407.0
38,Nutrient,631,72.0
38,Nutrient,631,303.0
38,Nutrient,631,86.0
38,Nutrient,631,361.0
38,Nutrient,631,72.0
38,Nutrient,631,303.0
38,Nutrient,631,342.0
38,Nutrient,631,1431.0
38,Nutrient,631,357.0
38,Nutrient,631,1492.0
38,Nutrient,631,264.0
38,Nutrient,631,1103.0
38,Nutrient,631,389.0
38,Nutrient,631,1628.0
38,Nutrient,631,466.0
38,Nutrient,631,1948.0
38,Nutrient,631,356.0
38,Nutrient,631,1491.0
38,Nutrient,631,413.0
38,Nutrient,631,1728.0
38,Nutrient,631,327.0
38,Nutrient,631,1368.0
38,Nutrient,631,373.0
38,Nutrient,631,1562.0
38,Nutrient,631,300.0
38,Nutrient,631,1254.0
38,Nutrient,631,318.0
38,Nutrient,631,1332.0
38,Nutrient,631,254.0
38,Nutrient,631,1064.0
38,Nutrient,631,302.0
38,Nutrient,631,1262.0
38,Nutrient,631,368.0
38,Nutrient,631,1541.0
38,Nutrient,631,253.0
38,Nutrient,631,1059.0
38,Nutrient,631,431.0
38,Nutrient,631,1805.0
38,Nutrient,631,392.0
38,Nutrient,631,1641.0
38,Nutrient,631,352.0
38,Nutrient,631,1471.0
38,Nutrient,631,351.0
38,Nutrient,631,1471.0
38,Nutrient,631,174.0
38,Nutrient,631,728.0
38,Nutrient,631,138.0
38,Nutrient,631,578.0
38,Nutrient,631,387.0
38,Nutrient,631,1618.0
38,Nutrient,631,369.0
38,Nutrient,631,1544.0
38,Nutrient,631,380.0
38,Nutrient,631,1591.0
38,Nutrient,631,340.0
38,Nutrient,631,1422.0
38,Nutrient,631,371.0
38,Nutrient,631,1553.0
38,Nutrient,631,375.0
38,Nutrient,631,1571.0
38,Nutrient,631,334.0
38,Nutrient,631,1396.0
38,Nutrient,631,415.0
38,Nutrient,631,1737.0
38,Nutrient,631,452.0
38,Nutrient,631,1891.0
38,Nutrient,631,364.0
38,Nutrient,631,1524.0
38,Nutrient,631,268.0
38,Nutrient,631,1121.0
38,Nutrient,631,373.0
38,Nutrient,631,1561.0
38,Nutrient,631,356.0
38,Nutrient,631,1490.0
38,Nutrient,631,374.0
38,Nutrient,631,1567.0
38,Nutrient,631,173.0
38,Nutrient,631,724.0
38,Nutrient,631,398.0
38,Nutrient,631,1666.0
38,Nutrient,631,282.0
38,Nutrient,631,1180.0
38,Nutrient,631,105.0
38,Nutrient,631,441.0
38,Nutrient,631,265.0
38,Nutrient,631,1111.0
38,Nutrient,631,274.0
38,Nutrient,631,1145.0
38,Nutrient,631,282.0
38,Nutrient,631,1180.0
38,Nutrient,631,325.0
38,Nutrient,631,1361.0
38,Nutrient,631,299.0
38,Nutrient,631,1250.0
38,Nutrient,631,310.0
38,Nutrient,631,1299.0
38,Nutrient,631,358.0
38,Nutrient,631,1497.0
38,Nutrient,631,371.0
38,Nutrient,631,1553.0
38,Nutrient,631,310.0
38,Nutrient,631,1297.0
38,Nutrient,631,148.0
38,Nutrient,631,619.0
38,Nutrient,631,74.0
38,Nutrient,631,310.0
38,Nutrient,631,271.0
38,Nutrient,631,1135.0
38,Nutrient,631,141.0
38,Nutrient,631,589.0
38,Nutrient,631,95.0
38,Nutrient,631,397.0
38,Nutrient,631,201.0
38,Nutrient,631,843.0
38,Nutrient,631,180.0
38,Nutrient,631,753.0
38,Nutrient,631,451.0
38,Nutrient,631,1887.0
38,Nutrient,631,72.0
38,Nutrient,631,301.0
38,Nutrient,631,165.0
38,Nutrient,631,691.0
38,Nutrient,631,67.0
38,Nutrient,631,280.0
38,Nutrient,631,376.0
38,Nutrient,631,1573.0
38,Nutrient,631,374.0
38,Nutrient,631,1564.0
38,Nutrient,631,173.0
38,Nutrient,631,724.0
38,Nutrient,631,280.0
38,Nutrient,631,1172.0
38,Nutrient,632,202.0
38,Nutrient,632,202.0
38,Nutrient,632,150.0
38,Nutrient,632,158.0
38,Nutrient,632,150.0
38,Nutrient,632,262.0
38,Nutrient,632,269.0
38,Nutrient,632,269.0
38,Nutrient,632,63.0
38,Nutrient,632,264.0
38,Nutrient,632,63.0
38,Nutrient,632,262.0
38,Nutrient,632,61.0
38,Nutrient,632,255.0
38,Nutrient,632,64.0
38,Nutrient,632,268.0
38,Nutrient,632,50.0
38,Nutrient,632,210.0
38,Nutrient,632,51.0
38,Nutrient,632,213.0
38,Nutrient,632,56.0
38,Nutrient,632,232.0
38,Nutrient,632,42.0
38,Nutrient,632,177.0
38,Nutrient,632,43.0
38,Nutrient,632,178.0
38,Nutrient,632,48.0
38,Nutrient,632,203.0
38,Nutrient,632,34.0
38,Nutrient,632,143.0
38,Nutrient,632,37.0
38,Nutrient,632,154.0
38,Nutrient,632,41.0
38,Nutrient,632,170.0
38,Nutrient,632,61.0
38,Nutrient,632,255.0
38,Nutrient,632,34.0
38,Nutrient,632,142.0
38,Nutrient,632,56.0
38,Nutrient,632,232.0
38,Nutrient,632,50.0
38,Nutrient,632,210.0
38,Nutrient,632,42.0
38,Nutrient,632,177.0
38,Nutrient,632,61.0
38,Nutrient,632,256.0
38,Nutrient,632,35.0
38,Nutrient,632,145.0
38,Nutrient,633,1511.0
38,Nutrient,633,205.0
38,Nutrient,633,2408.0
38,Nutrient,633,594.0
38,Nutrient,633,2709.0
38,Nutrient,633,1312.0
38,Nutrient,633,754.0
38,Nutrient,633,752.0
38,Nutrient,633,196.0
38,Nutrient,633,579.0
38,Nutrient,633,603.0
38,Nutrient,633,1116.0
38,Nutrient,633,1303.0
38,Nutrient,633,143.0
38,Nutrient,633,599.0
38,Nutrient,633,52.0
38,Nutrient,633,216.0
38,Nutrient,633,322.0
38,Nutrient,633,1346.0
38,Nutrient,633,303.0
38,Nutrient,633,1268.0
38,Nutrient,633,307.0
38,Nutrient,633,1284.0
38,Nutrient,633,196.0
38,Nutrient,633,821.0
38,Nutrient,633,155.0
38,Nutrient,633,649.0
38,Nutrient,633,154.0
38,Nutrient,633,643.0
38,Nutrient,633,143.0
38,Nutrient,633,597.0
38,Nutrient,633,149.0
38,Nutrient,633,621.0
38,Nutrient,633,594.0
38,Nutrient,633,2485.0
38,Nutrient,633,615.0
38,Nutrient,633,2574.0
38,Nutrient,633,351.0
38,Nutrient,633,1469.0
38,Nutrient,633,376.0
38,Nutrient,633,1573.0
38,Nutrient,633,666.0
38,Nutrient,633,2787.0
38,Nutrient,633,185.0
38,Nutrient,633,776.0
38,Nutrient,633,185.0
38,Nutrient,633,775.0
38,Nutrient,633,158.0
38,Nutrient,633,663.0
38,Nutrient,633,171.0
38,Nutrient,633,716.0
38,Nutrient,633,274.0
38,Nutrient,633,1148.0
38,Nutrient,633,148.0
38,Nutrient,633,619.0
38,Nutrient,633,47.0
38,Nutrient,633,197.0
38,Nutrient,633,382.0
38,Nutrient,633,1598.0
38,Nutrient,633,555.0
38,Nutrient,633,2321.0
38,Nutrient,633,138.0
38,Nutrient,633,577.0
38,Nutrient,633,212.0
38,Nutrient,633,887.0
38,Nutrient,633,193.0
38,Nutrient,633,807.0
38,Nutrient,633,131.0
38,Nutrient,633,548.0
38,Nutrient,634,404.0
38,Nutrient,634,1505.0
38,Nutrient,634,262.0
38,Nutrient,634,372.0
38,Nutrient,634,378.0
38,Nutrient,634,376.0
38,Nutrient,634,381.0
38,Nutrient,634,372.0
38,Nutrient,634,374.0
38,Nutrient,634,312.0
38,Nutrient,634,61.0
38,Nutrient,634,257.0
38,Nutrient,634,63.0
38,Nutrient,634,265.0
38,Nutrient,634,56.0
38,Nutrient,634,233.0
38,Nutrient,634,85.0
38,Nutrient,634,358.0
38,Nutrient,634,99.0
38,Nutrient,634,415.0
38,Nutrient,634,102.0
38,Nutrient,634,426.0
38,Nutrient,634,105.0
38,Nutrient,634,440.0
38,Nutrient,634,43.0
38,Nutrient,634,180.0
38,Nutrient,634,112.0
38,Nutrient,634,469.0
38,Nutrient,634,96.0
38,Nutrient,634,402.0
38,Nutrient,634,108.0
38,Nutrient,634,452.0
38,Nutrient,634,102.0
38,Nutrient,634,427.0
38,Nutrient,634,55.0
38,Nutrient,634,230.0
38,Nutrient,634,105.0
38,Nutrient,634,440.0
38,Nutrient,634,99.0
38,Nutrient,634,415.0
38,Nutrient,634,102.0
38,Nutrient,634,426.0
38,Nutrient,634,95.0
38,Nutrient,634,399.0
38,Nutrient,634,105.0
38,Nutrient,634,440.0
38,Nutrient,634,85.0
38,Nutrient,634,358.0
38,Nutrient,634,43.0
38,Nutrient,634,180.0
38,Nutrient,634,112.0
38,Nutrient,634,469.0
38,Nutrient,634,86.0
38,Nutrient,634,361.0
38,Nutrient,634,104.0
38,Nutrient,634,433.0
38,Nutrient,634,105.0
38,Nutrient,634,439.0
38,Nutrient,634,90.0
38,Nutrient,634,377.0
38,Nutrient,634,84.0
38,Nutrient,634,351.0
38,Nutrient,634,95.0
38,Nutrient,634,399.0
38,Nutrient,638,30.0
38,Nutrient,638,126.0
38,Nutrient,638,34.0
38,Nutrient,638,144.0
38,Nutrient,639,969.0
38,Nutrient,639,231.0
38,Nutrient,639,967.0
38,Nutrient,640,1046.0
38,Nutrient,640,383.0
38,Nutrient,640,1602.0
38,Nutrient,640,164.0
38,Nutrient,640,684.0
38,Nutrient,640,119.0
38,Nutrient,640,498.0
38,Nutrient,640,87.0
38,Nutrient,640,364.0
38,Nutrient,640,153.0
38,Nutrient,640,638.0
38,Nutrient,640,250.0
38,Nutrient,640,1046.0
38,Nutrient,640,84.0
38,Nutrient,640,351.0
38,Nutrient,640,149.0
38,Nutrient,640,623.0
38,Nutrient,641,868.0
38,Nutrient,641,587.0
38,Nutrient,641,778.0
38,Nutrient,641,778.0
38,Nutrient,641,661.0
38,Nutrient,641,778.0
38,Nutrient,641,1145.0
38,Nutrient,641,778.0
38,Nutrient,641,1157.0
38,Nutrient,641,222.0
38,Nutrient,641,930.0
38,Nutrient,641,331.0
38,Nutrient,641,1386.0
38,Nutrient,641,129.0
38,Nutrient,641,541.0
38,Nutrient,641,180.0
38,Nutrient,641,755.0
38,Nutrient,641,249.0
38,Nutrient,641,1042.0
38,Nutrient,641,222.0
38,Nutrient,641,930.0
38,Nutrient,641,207.0
38,Nutrient,641,868.0
38,Nutrient,641,126.0
38,Nutrient,641,527.0
38,Nutrient,641,187.0
38,Nutrient,641,784.0
38,Nutrient,641,169.0
38,Nutrient,641,706.0
38,Nutrient,641,173.0
38,Nutrient,641,724.0
38,Nutrient,641,216.0
38,Nutrient,641,904.0
38,Nutrient,641,192.0
38,Nutrient,641,803.0
38,Nutrient,641,138.0
38,Nutrient,641,578.0
38,Nutrient,641,162.0
38,Nutrient,641,678.0
38,Nutrient,641,173.0
38,Nutrient,641,723.0
38,Nutrient,641,137.0
38,Nutrient,641,574.0
38,Nutrient,641,161.0
38,Nutrient,641,673.0
38,Nutrient,641,196.0
38,Nutrient,641,822.0
38,Nutrient,641,180.0
38,Nutrient,641,752.0
38,Nutrient,641,154.0
38,Nutrient,641,645.0
38,Nutrient,641,143.0
38,Nutrient,641,600.0
38,Nutrient,641,153.0
38,Nutrient,641,641.0
38,Nutrient,641,143.0
38,Nutrient,641,600.0
38,Nutrient,641,201.0
38,Nutrient,641,839.0
38,Nutrient,641,136.0
38,Nutrient,641,568.0
38,Nutrient,641,151.0
38,Nutrient,641,632.0
38,Nutrient,641,216.0
38,Nutrient,641,903.0
38,Nutrient,641,237.0
38,Nutrient,641,990.0
38,Nutrient,641,166.0
38,Nutrient,641,695.0
38,Nutrient,641,196.0
38,Nutrient,641,820.0
38,Nutrient,641,180.0
38,Nutrient,641,753.0
38,Nutrient,641,175.0
38,Nutrient,641,732.0
38,Nutrient,641,162.0
38,Nutrient,641,678.0
38,Nutrient,641,158.0
38,Nutrient,641,659.0
38,Nutrient,641,188.0
38,Nutrient,641,787.0
38,Nutrient,641,186.0
38,Nutrient,641,778.0
38,Nutrient,641,177.0
38,Nutrient,641,741.0
38,Nutrient,641,165.0
38,Nutrient,641,690.0
38,Nutrient,641,182.0
38,Nutrient,641,760.0
38,Nutrient,641,169.0
38,Nutrient,641,707.0
38,Nutrient,641,185.0
38,Nutrient,641,774.0
38,Nutrient,641,255.0
38,Nutrient,641,1066.0
38,Nutrient,642,1099.0
38,Nutrient,642,263.0
38,Nutrient,642,1100.0
38,Nutrient,643,1399.0
38,Nutrient,643,304.0
38,Nutrient,643,1272.0
38,Nutrient,643,351.0
38,Nutrient,643,1469.0
38,Nutrient,644,1674.0
38,Nutrient,644,1525.0
38,Nutrient,644,1507.0
38,Nutrient,644,1463.0
38,Nutrient,645,82.0
38,Nutrient,645,21.0
38,Nutrient,645,90.0
38,Nutrient,645,18.0
38,Nutrient,645,76.0
38,Nutrient,645,19.0
38,Nutrient,645,79.0
38,Nutrient,645,88.0
38,Nutrient,645,369.0
38,Nutrient,646,1151.0
38,Nutrient,646,231.0
38,Nutrient,646,967.0
38,Nutrient,647,640.0
38,Nutrient,648,490.0
38,Nutrient,648,606.0
38,Nutrient,649,487.0
38,Nutrient,649,489.0
38,Nutrient,649,565.0
38,Nutrient,650,692.0
38,Nutrient,651,2296.0
38,Nutrient,651,398.0
38,Nutrient,651,1665.0
38,Nutrient,653,2023.0
38,Nutrient,653,1770.0
38,Nutrient,654,326.0
38,Nutrient,654,1364.0
38,Nutrient,654,258.0
38,Nutrient,654,1077.0
38,Nutrient,654,373.0
38,Nutrient,654,1561.0
38,Nutrient,654,257.0
38,Nutrient,654,1075.0
38,Nutrient,654,252.0
38,Nutrient,654,1054.0
38,Nutrient,654,415.0
38,Nutrient,654,1736.0
38,Nutrient,654,264.0
38,Nutrient,654,1105.0
38,Nutrient,654,389.0
38,Nutrient,654,1629.0
38,Nutrient,654,396.0
38,Nutrient,654,1657.0
38,Nutrient,654,428.0
38,Nutrient,654,1791.0
38,Nutrient,654,371.0
38,Nutrient,654,1551.0
38,Nutrient,654,356.0
38,Nutrient,654,1490.0
38,Nutrient,654,339.0
38,Nutrient,654,1418.0
38,Nutrient,654,418.0
38,Nutrient,654,1749.0
38,Nutrient,654,331.0
38,Nutrient,654,1385.0
38,Nutrient,654,311.0
38,Nutrient,654,1301.0
38,Nutrient,654,436.0
38,Nutrient,654,1824.0
38,Nutrient,654,318.0
38,Nutrient,654,1331.0
38,Nutrient,654,324.0
38,Nutrient,654,1356.0
38,Nutrient,654,401.0
38,Nutrient,654,1678.0
38,Nutrient,654,437.0
38,Nutrient,654,1828.0
38,Nutrient,654,356.0
38,Nutrient,654,1490.0
38,Nutrient,654,416.0
38,Nutrient,654,1741.0
38,Nutrient,654,319.0
38,Nutrient,654,1335.0
38,Nutrient,654,388.0
38,Nutrient,654,1623.0
38,Nutrient,654,389.0
38,Nutrient,654,1628.0
38,Nutrient,654,346.0
38,Nutrient,654,1448.0
38,Nutrient,654,399.0
38,Nutrient,654,1670.0
38,Nutrient,654,374.0
38,Nutrient,654,1564.0
38,Nutrient,654,397.0
38,Nutrient,654,1661.0
38,Nutrient,654,289.0
38,Nutrient,654,1209.0
38,Nutrient,654,297.0
38,Nutrient,654,1243.0
38,Nutrient,654,423.0
38,Nutrient,654,1770.0
38,Nutrient,654,426.0
38,Nutrient,654,1782.0
38,Nutrient,654,357.0
38,Nutrient,654,1494.0
38,Nutrient,654,379.0
38,Nutrient,654,1584.0
38,Nutrient,654,373.0
38,Nutrient,654,1561.0
38,Nutrient,654,423.0
38,Nutrient,654,1770.0
38,Nutrient,654,432.0
38,Nutrient,654,1807.0
38,Nutrient,654,361.0
38,Nutrient,654,1510.0
38,Nutrient,654,321.0
38,Nutrient,654,1343.0
38,Nutrient,654,274.0
38,Nutrient,654,1146.0
38,Nutrient,654,418.0
38,Nutrient,654,1749.0
38,Nutrient,654,389.0
38,Nutrient,654,1628.0
38,Nutrient,654,423.0
38,Nutrient,654,1770.0
38,Nutrient,654,432.0
38,Nutrient,654,1807.0
38,Nutrient,654,283.0
38,Nutrient,654,1184.0
38,Nutrient,654,305.0
38,Nutrient,654,1276.0
38,Nutrient,654,404.0
38,Nutrient,654,1690.0
38,Nutrient,654,413.0
38,Nutrient,654,1729.0
38,Nutrient,654,374.0
38,Nutrient,654,1564.0
38,Nutrient,654,418.0
38,Nutrient,654,1747.0
38,Nutrient,655,752.0
38,Nutrient,655,734.0
38,Nutrient,655,786.0
38,Nutrient,655,268.0
38,Nutrient,655,1121.0
38,Nutrient,655,260.0
38,Nutrient,655,1088.0
38,Nutrient,655,276.0
38,Nutrient,655,1153.0
38,Nutrient,655,271.0
38,Nutrient,655,1135.0
38,Nutrient,655,271.0
38,Nutrient,655,1132.0
38,Nutrient,655,280.0
38,Nutrient,655,1170.0
38,Nutrient,655,303.0
38,Nutrient,655,1266.0
38,Nutrient,655,280.0
38,Nutrient,655,1171.0
38,Nutrient,655,298.0
38,Nutrient,655,1246.0
38,Nutrient,655,243.0
38,Nutrient,655,1015.0
38,Nutrient,655,257.0
38,Nutrient,655,1075.0
38,Nutrient,655,265.0
38,Nutrient,655,1111.0
38,Nutrient,655,298.0
38,Nutrient,655,1247.0
38,Nutrient,655,273.0
38,Nutrient,655,1143.0
38,Nutrient,655,283.0
38,Nutrient,655,1182.0
38,Nutrient,655,244.0
38,Nutrient,655,1021.0
38,Nutrient,655,260.0
38,Nutrient,655,1089.0
38,Nutrient,655,275.0
38,Nutrient,655,1150.0
38,Nutrient,655,240.0
38,Nutrient,655,1003.0
38,Nutrient,655,295.0
38,Nutrient,655,1235.0
38,Nutrient,655,265.0
38,Nutrient,655,1110.0
38,Nutrient,655,273.0
38,Nutrient,655,1142.0
38,Nutrient,655,243.0
38,Nutrient,655,1017.0
38,Nutrient,655,263.0
38,Nutrient,655,1100.0
38,Nutrient,655,265.0
38,Nutrient,655,1109.0
38,Nutrient,655,309.0
38,Nutrient,655,1294.0
38,Nutrient,655,275.0
38,Nutrient,655,1152.0
38,Nutrient,655,276.0
38,Nutrient,655,1155.0
38,Nutrient,655,306.0
38,Nutrient,655,1278.0
38,Nutrient,655,291.0
38,Nutrient,655,1218.0
38,Nutrient,655,291.0
38,Nutrient,655,1216.0
38,Nutrient,655,248.0
38,Nutrient,655,1038.0
38,Nutrient,655,266.0
38,Nutrient,655,1113.0
38,Nutrient,655,271.0
38,Nutrient,655,1133.0
38,Nutrient,655,302.0
38,Nutrient,655,1263.0
38,Nutrient,655,282.0
38,Nutrient,655,1180.0
38,Nutrient,655,287.0
38,Nutrient,655,1199.0
38,Nutrient,655,244.0
38,Nutrient,655,1020.0
38,Nutrient,655,279.0
38,Nutrient,655,1165.0
38,Nutrient,655,256.0
38,Nutrient,655,1070.0
38,Nutrient,655,247.0
38,Nutrient,655,1033.0
38,Nutrient,655,279.0
38,Nutrient,655,1167.0
38,Nutrient,655,265.0
38,Nutrient,655,1110.0
38,Nutrient,655,283.0
38,Nutrient,655,1185.0
38,Nutrient,655,255.0
38,Nutrient,655,1066.0
38,Nutrient,655,255.0
38,Nutrient,655,1067.0
38,Nutrient,655,282.0
38,Nutrient,655,1181.0
38,Nutrient,655,321.0
38,Nutrient,655,1342.0
38,Nutrient,655,280.0
38,Nutrient,655,1170.0
38,Nutrient,655,331.0
38,Nutrient,655,1383.0
38,Nutrient,655,333.0
38,Nutrient,655,1392.0
38,Nutrient,655,328.0
38,Nutrient,655,1374.0
38,Nutrient,655,319.0
38,Nutrient,655,1334.0
38,Nutrient,655,273.0
38,Nutrient,655,1140.0
38,Nutrient,655,277.0
38,Nutrient,655,1159.0
38,Nutrient,655,323.0
38,Nutrient,655,1350.0
38,Nutrient,655,287.0
38,Nutrient,655,1200.0
38,Nutrient,655,287.0
38,Nutrient,655,1202.0
38,Nutrient,655,224.0
38,Nutrient,655,937.0
38,Nutrient,655,222.0
38,Nutrient,655,929.0
38,Nutrient,655,230.0
38,Nutrient,655,962.0
38,Nutrient,655,212.0
38,Nutrient,655,887.0
38,Nutrient,655,231.0
38,Nutrient,655,967.0
38,Nutrient,655,296.0
38,Nutrient,655,1237.0
38,Nutrient,656,301.0
38,Nutrient,656,248.0
38,Nutrient,657,2098.0
38,Nutrient,657,2051.0
38,Nutrient,657,2246.0
38,Nutrient,657,517.0
38,Nutrient,657,2165.0
38,Nutrient,657,446.0
38,Nutrient,657,1868.0
38,Nutrient,657,359.0
38,Nutrient,657,1504.0
38,Nutrient,657,371.0
38,Nutrient,657,1551.0
38,Nutrient,657,506.0
38,Nutrient,657,2117.0
38,Nutrient,657,424.0
38,Nutrient,657,1776.0
38,Nutrient,657,380.0
38,Nutrient,657,1591.0
38,Nutrient,657,458.0
38,Nutrient,657,1916.0
38,Nutrient,657,462.0
38,Nutrient,657,1932.0
38,Nutrient,657,362.0
38,Nutrient,657,1515.0
38,Nutrient,657,387.0
38,Nutrient,657,1619.0
38,Nutrient,657,380.0
38,Nutrient,657,1590.0
38,Nutrient,657,392.0
38,Nutrient,657,1640.0
38,Nutrient,657,373.0
38,Nutrient,657,1559.0
38,Nutrient,657,341.0
38,Nutrient,657,1428.0
38,Nutrient,657,342.0
38,Nutrient,657,1432.0
38,Nutrient,657,373.0
38,Nutrient,657,1561.0
38,Nutrient,657,519.0
38,Nutrient,657,2170.0
38,Nutrient,657,436.0
38,Nutrient,657,1824.0
38,Nutrient,657,438.0
38,Nutrient,657,1833.0
38,Nutrient,657,385.0
38,Nutrient,657,1611.0
38,Nutrient,657,387.0
38,Nutrient,657,1619.0
38,Nutrient,657,522.0
38,Nutrient,657,2184.0
38,Nutrient,657,386.0
38,Nutrient,657,1615.0
38,Nutrient,657,541.0
38,Nutrient,657,2264.0
38,Nutrient,657,387.0
38,Nutrient,657,1619.0
38,Nutrient,657,414.0
38,Nutrient,657,1732.0
38,Nutrient,657,498.0
38,Nutrient,657,2084.0
38,Nutrient,657,387.0
38,Nutrient,657,1619.0
38,Nutrient,657,381.0
38,Nutrient,657,1594.0
38,Nutrient,657,381.0
38,Nutrient,657,1594.0
38,Nutrient,657,381.0
38,Nutrient,657,1594.0
38,Nutrient,657,387.0
38,Nutrient,657,1619.0
38,Nutrient,657,380.0
38,Nutrient,657,1590.0
38,Nutrient,657,387.0
38,Nutrient,657,1619.0
38,Nutrient,657,392.0
38,Nutrient,657,1640.0
38,Nutrient,657,541.0
38,Nutrient,657,2264.0
38,Nutrient,657,359.0
38,Nutrient,657,1503.0
38,Nutrient,657,532.0
38,Nutrient,657,2225.0
38,Nutrient,657,491.0
38,Nutrient,657,2054.0
38,Nutrient,657,496.0
38,Nutrient,657,2075.0
38,Nutrient,657,491.0
38,Nutrient,657,2055.0
38,Nutrient,657,385.0
38,Nutrient,657,1610.0
38,Nutrient,657,531.0
38,Nutrient,657,2221.0
38,Nutrient,657,517.0
38,Nutrient,657,2162.0
38,Nutrient,657,451.0
38,Nutrient,657,1888.0
38,Nutrient,657,457.0
38,Nutrient,657,1912.0
38,Nutrient,657,473.0
38,Nutrient,657,1978.0
38,Nutrient,657,415.0
38,Nutrient,657,1737.0
38,Nutrient,657,451.0
38,Nutrient,657,1887.0
38,Nutrient,657,515.0
38,Nutrient,657,2157.0
38,Nutrient,657,346.0
38,Nutrient,657,1446.0
38,Nutrient,657,371.0
38,Nutrient,657,1552.0
38,Nutrient,659,1436.0
38,Nutrient,659,1451.0
38,Nutrient,659,1572.0
38,Nutrient,659,1670.0
38,Nutrient,659,1526.0
38,Nutrient,659,366.0
38,Nutrient,659,1531.0
38,Nutrient,660,1158.0
38,Nutrient,660,1793.0
38,Nutrient,660,1944.0
38,Nutrient,660,1896.0
38,Nutrient,660,1899.0
38,Nutrient,660,1736.0
38,Nutrient,660,1739.0
38,Nutrient,660,1836.0
38,Nutrient,660,1933.0
38,Nutrient,660,1989.0
38,Nutrient,660,1726.0
38,Nutrient,660,1979.0
38,Nutrient,660,2022.0
38,Nutrient,660,1976.0
38,Nutrient,660,1800.0
38,Nutrient,660,1802.0
38,Nutrient,660,2050.0
38,Nutrient,660,1792.0
38,Nutrient,660,1854.0
38,Nutrient,660,1363.0
38,Nutrient,660,1424.0
38,Nutrient,660,1420.0
38,Nutrient,660,558.0
38,Nutrient,660,2335.0
38,Nutrient,660,362.0
38,Nutrient,660,1515.0
38,Nutrient,660,258.0
38,Nutrient,660,1079.0
38,Nutrient,660,406.0
38,Nutrient,660,1699.0
38,Nutrient,660,254.0
38,Nutrient,660,1063.0
38,Nutrient,660,414.0
38,Nutrient,660,1732.0
38,Nutrient,660,403.0
38,Nutrient,660,1686.0
38,Nutrient,660,374.0
38,Nutrient,660,1565.0
38,Nutrient,660,371.0
38,Nutrient,660,1552.0
38,Nutrient,660,430.0
38,Nutrient,660,1799.0
38,Nutrient,660,418.0
38,Nutrient,660,1749.0
38,Nutrient,660,452.0
38,Nutrient,660,1892.0
38,Nutrient,660,426.0
38,Nutrient,660,1782.0
38,Nutrient,660,417.0
38,Nutrient,660,1745.0
38,Nutrient,660,360.0
38,Nutrient,660,1506.0
38,Nutrient,660,412.0
38,Nutrient,660,1724.0
38,Nutrient,660,361.0
38,Nutrient,660,1510.0
38,Nutrient,660,399.0
38,Nutrient,660,1671.0
38,Nutrient,660,340.0
38,Nutrient,660,1423.0
38,Nutrient,660,262.0
38,Nutrient,660,1096.0
38,Nutrient,660,227.0
38,Nutrient,660,951.0
38,Nutrient,660,270.0
38,Nutrient,660,1130.0
38,Nutrient,660,235.0
38,Nutrient,660,983.0
38,Nutrient,660,255.0
38,Nutrient,660,1067.0
38,Nutrient,660,240.0
38,Nutrient,660,1005.0
38,Nutrient,660,276.0
38,Nutrient,660,1153.0
38,Nutrient,660,223.0
38,Nutrient,660,933.0
38,Nutrient,660,243.0
38,Nutrient,660,1017.0
38,Nutrient,660,203.0
38,Nutrient,660,849.0
38,Nutrient,660,221.0
38,Nutrient,660,925.0
38,Nutrient,660,296.0
38,Nutrient,660,1238.0
38,Nutrient,660,393.0
38,Nutrient,660,1642.0
38,Nutrient,660,366.0
38,Nutrient,660,1531.0
38,Nutrient,660,313.0
38,Nutrient,660,1310.0
38,Nutrient,660,285.0
38,Nutrient,660,1192.0
38,Nutrient,660,305.0
38,Nutrient,660,1276.0
38,Nutrient,660,321.0
38,Nutrient,660,1343.0
38,Nutrient,660,346.0
38,Nutrient,660,1448.0
38,Nutrient,660,316.0
38,Nutrient,660,1322.0
38,Nutrient,660,270.0
38,Nutrient,660,1130.0
38,Nutrient,660,396.0
38,Nutrient,660,1657.0
38,Nutrient,660,295.0
38,Nutrient,660,1234.0
38,Nutrient,660,551.0
38,Nutrient,660,2305.0
38,Nutrient,660,371.0
38,Nutrient,660,1552.0
38,Nutrient,660,274.0
38,Nutrient,660,1146.0
38,Nutrient,660,360.0
38,Nutrient,660,1506.0
38,Nutrient,660,372.0
38,Nutrient,660,1556.0
38,Nutrient,660,333.0
38,Nutrient,660,1393.0
38,Nutrient,660,362.0
38,Nutrient,660,1515.0
38,Nutrient,660,412.0
38,Nutrient,660,1724.0
38,Nutrient,660,391.0
38,Nutrient,660,1635.0
38,Nutrient,660,333.0
38,Nutrient,660,1393.0
38,Nutrient,660,313.0
38,Nutrient,660,1310.0
38,Nutrient,660,403.0
38,Nutrient,660,1686.0
38,Nutrient,660,371.0
38,Nutrient,660,1552.0
38,Nutrient,660,371.0
38,Nutrient,660,1552.0
38,Nutrient,660,371.0
38,Nutrient,660,1552.0
38,Nutrient,660,403.0
38,Nutrient,660,1686.0
38,Nutrient,660,235.0
38,Nutrient,660,983.0
38,Nutrient,660,235.0
38,Nutrient,660,983.0
38,Nutrient,660,235.0
38,Nutrient,660,983.0
38,Nutrient,660,371.0
38,Nutrient,660,1552.0
38,Nutrient,660,395.0
38,Nutrient,660,1653.0
38,Nutrient,660,408.0
38,Nutrient,660,1707.0
38,Nutrient,660,391.0
38,Nutrient,660,1636.0
38,Nutrient,660,438.0
38,Nutrient,660,1833.0
38,Nutrient,660,422.0
38,Nutrient,660,1766.0
38,Nutrient,660,393.0
38,Nutrient,660,1644.0
38,Nutrient,660,393.0
38,Nutrient,660,1644.0
38,Nutrient,660,387.0
38,Nutrient,660,1619.0
38,Nutrient,660,391.0
38,Nutrient,660,1636.0
38,Nutrient,660,391.0
38,Nutrient,660,1636.0
38,Nutrient,660,395.0
38,Nutrient,660,1653.0
38,Nutrient,660,392.0
38,Nutrient,660,1640.0
38,Nutrient,660,394.0
38,Nutrient,660,1648.0
38,Nutrient,660,390.0
38,Nutrient,660,1632.0
38,Nutrient,660,388.0
38,Nutrient,660,1623.0
38,Nutrient,660,376.0
38,Nutrient,660,1573.0
38,Nutrient,660,366.0
38,Nutrient,660,1531.0
38,Nutrient,660,369.0
38,Nutrient,660,1544.0
38,Nutrient,660,367.0
38,Nutrient,660,1536.0
38,Nutrient,660,413.0
38,Nutrient,660,1728.0
38,Nutrient,660,410.0
38,Nutrient,660,1715.0
38,Nutrient,660,407.0
38,Nutrient,660,1703.0
38,Nutrient,660,407.0
38,Nutrient,660,1703.0
38,Nutrient,660,418.0
38,Nutrient,660,1747.0
38,Nutrient,660,441.0
38,Nutrient,660,1846.0
38,Nutrient,660,330.0
38,Nutrient,660,1379.0
38,Nutrient,660,232.0
38,Nutrient,660,972.0
38,Nutrient,660,241.0
38,Nutrient,660,1008.0
38,Nutrient,660,391.0
38,Nutrient,660,1636.0
38,Nutrient,660,409.0
38,Nutrient,660,1711.0
38,Nutrient,660,255.0
38,Nutrient,660,1067.0
38,Nutrient,660,467.0
38,Nutrient,660,1954.0
38,Nutrient,660,379.0
38,Nutrient,660,1588.0
38,Nutrient,660,334.0
38,Nutrient,660,1398.0
38,Nutrient,660,161.0
38,Nutrient,660,675.0
38,Nutrient,660,388.0
38,Nutrient,660,1623.0
38,Nutrient,660,397.0
38,Nutrient,660,1661.0
38,Nutrient,660,356.0
38,Nutrient,660,1490.0
38,Nutrient,660,300.0
38,Nutrient,660,1255.0
38,Nutrient,660,405.0
38,Nutrient,660,1695.0
38,Nutrient,660,367.0
38,Nutrient,660,1536.0
38,Nutrient,660,398.0
38,Nutrient,660,1665.0
38,Nutrient,660,323.0
38,Nutrient,660,1349.0
38,Nutrient,660,403.0
38,Nutrient,660,1687.0
38,Nutrient,660,285.0
38,Nutrient,660,1194.0
38,Nutrient,661,1978.0
38,Nutrient,661,1586.0
38,Nutrient,662,1452.0
38,Nutrient,662,1525.0
38,Nutrient,662,360.0
38,Nutrient,662,1507.0
38,Nutrient,662,268.0
38,Nutrient,662,1121.0
38,Nutrient,663,1997.0
38,Nutrient,663,2019.0
38,Nutrient,664,2980.0
38,Nutrient,664,2036.0
38,Nutrient,664,2142.0
38,Nutrient,664,1936.0
38,Nutrient,664,1234.0
38,Nutrient,664,1439.0
38,Nutrient,664,742.0
38,Nutrient,664,1446.0
38,Nutrient,664,197.0
38,Nutrient,664,1733.0
38,Nutrient,664,883.0
38,Nutrient,664,1548.0
38,Nutrient,664,178.0
38,Nutrient,664,743.0
38,Nutrient,664,334.0
38,Nutrient,664,1397.0
38,Nutrient,664,70.0
38,Nutrient,664,293.0
38,Nutrient,664,84.0
38,Nutrient,664,351.0
38,Nutrient,664,355.0
38,Nutrient,664,1485.0
38,Nutrient,664,443.0
38,Nutrient,664,1854.0
38,Nutrient,664,370.0
38,Nutrient,664,1548.0
38,Nutrient,664,390.0
38,Nutrient,664,1631.0
38,Nutrient,664,222.0
38,Nutrient,664,928.0
38,Nutrient,664,75.0
38,Nutrient,664,313.0
38,Nutrient,664,141.0
38,Nutrient,664,592.0
38,Nutrient,664,195.0
38,Nutrient,664,815.0
38,Nutrient,664,718.0
38,Nutrient,664,3005.0
38,Nutrient,664,717.0
38,Nutrient,664,2999.0
38,Nutrient,664,232.0
38,Nutrient,664,969.0
38,Nutrient,664,97.0
38,Nutrient,664,404.0
38,Nutrient,664,482.0
38,Nutrient,664,2016.0
38,Nutrient,664,291.0
38,Nutrient,664,1219.0
38,Nutrient,664,457.0
38,Nutrient,664,1913.0
38,Nutrient,664,631.0
38,Nutrient,664,2640.0
38,Nutrient,664,157.0
38,Nutrient,664,656.0
38,Nutrient,664,449.0
38,Nutrient,664,1878.0
38,Nutrient,664,459.0
38,Nutrient,664,1919.0
38,Nutrient,664,233.0
38,Nutrient,664,974.0
38,Nutrient,664,292.0
38,Nutrient,664,1222.0
38,Nutrient,664,76.0
38,Nutrient,664,317.0
38,Nutrient,664,717.0
38,Nutrient,664,2999.0
38,Nutrient,664,631.0
38,Nutrient,664,2640.0
38,Nutrient,664,132.0
38,Nutrient,664,551.0
38,Nutrient,664,476.0
38,Nutrient,664,1991.0
38,Nutrient,664,132.0
38,Nutrient,664,554.0
38,Nutrient,664,47.0
38,Nutrient,664,195.0
38,Nutrient,664,119.0
38,Nutrient,664,497.0
38,Nutrient,664,484.0
38,Nutrient,664,2026.0
38,Nutrient,664,196.0
38,Nutrient,664,821.0
38,Nutrient,664,324.0
38,Nutrient,664,1356.0
38,Nutrient,664,207.0
38,Nutrient,664,866.0
38,Nutrient,664,165.0
38,Nutrient,664,690.0
38,Nutrient,664,333.0
38,Nutrient,664,1393.0
38,Nutrient,664,464.0
38,Nutrient,664,1943.0
38,Nutrient,664,399.0
38,Nutrient,664,1668.0
38,Nutrient,664,131.0
38,Nutrient,664,547.0
38,Nutrient,664,196.0
38,Nutrient,664,820.0
38,Nutrient,664,319.0
38,Nutrient,664,1335.0
38,Nutrient,664,86.0
38,Nutrient,664,360.0
38,Nutrient,664,313.0
38,Nutrient,664,1310.0
38,Nutrient,664,160.0
38,Nutrient,664,669.0
38,Nutrient,664,564.0
38,Nutrient,664,2360.0
38,Nutrient,664,333.0
38,Nutrient,664,1393.0
38,Nutrient,664,200.0
38,Nutrient,664,837.0
38,Nutrient,664,86.0
38,Nutrient,664,360.0
38,Nutrient,664,107.0
38,Nutrient,664,448.0
38,Nutrient,664,140.0
38,Nutrient,664,586.0
38,Nutrient,664,200.0
38,Nutrient,664,837.0
38,Nutrient,664,322.0
38,Nutrient,664,1348.0
38,Nutrient,664,115.0
38,Nutrient,664,481.0
38,Nutrient,664,84.0
38,Nutrient,664,351.0
38,Nutrient,664,329.0
38,Nutrient,664,1376.0
38,Nutrient,664,542.0
38,Nutrient,664,2266.0
38,Nutrient,664,390.0
38,Nutrient,664,1632.0
38,Nutrient,664,427.0
38,Nutrient,664,1787.0
38,Nutrient,664,15.0
38,Nutrient,664,63.0
38,Nutrient,664,99.0
38,Nutrient,664,414.0
38,Nutrient,664,110.0
38,Nutrient,664,460.0
38,Nutrient,664,202.0
38,Nutrient,664,845.0
38,Nutrient,664,263.0
38,Nutrient,664,1099.0
38,Nutrient,664,326.0
38,Nutrient,664,1364.0
38,Nutrient,664,231.0
38,Nutrient,664,967.0
38,Nutrient,664,688.0
38,Nutrient,664,2879.0
38,Nutrient,664,390.0
38,Nutrient,664,1632.0
38,Nutrient,665,2313.0
38,Nutrient,665,624.0
38,Nutrient,665,384.0
38,Nutrient,665,197.0
38,Nutrient,665,824.0
38,Nutrient,665,276.0
38,Nutrient,665,1155.0
38,Nutrient,665,448.0
38,Nutrient,665,1874.0
38,Nutrient,665,89.0
38,Nutrient,665,371.0
38,Nutrient,665,16.0
38,Nutrient,665,67.0
38,Nutrient,665,313.0
38,Nutrient,665,1310.0
38,Nutrient,665,53.0
38,Nutrient,665,222.0
38,Nutrient,665,367.0
38,Nutrient,665,1536.0
38,Nutrient,665,79.0
38,Nutrient,665,331.0
38,Nutrient,665,381.0
38,Nutrient,665,1594.0
38,Nutrient,665,50.0
38,Nutrient,665,209.0
38,Nutrient,665,328.0
38,Nutrient,665,1372.0
38,Nutrient,665,322.0
38,Nutrient,665,1347.0
38,Nutrient,665,367.0
38,Nutrient,665,1536.0
38,Nutrient,665,51.0
38,Nutrient,665,213.0
38,Nutrient,665,367.0
38,Nutrient,665,1536.0
38,Nutrient,665,344.0
38,Nutrient,665,1439.0
38,Nutrient,665,571.0
38,Nutrient,665,2389.0
38,Nutrient,665,237.0
38,Nutrient,665,992.0
38,Nutrient,665,150.0
38,Nutrient,665,626.0
38,Nutrient,665,184.0
38,Nutrient,665,770.0
38,Nutrient,665,54.0
38,Nutrient,665,226.0
38,Nutrient,665,27.0
38,Nutrient,665,115.0
38,Nutrient,665,105.0
38,Nutrient,665,439.0
38,Nutrient,665,147.0
38,Nutrient,665,615.0
38,Nutrient,665,186.0
38,Nutrient,665,778.0
38,Nutrient,665,11.0
38,Nutrient,665,46.0
38,Nutrient,665,12.0
38,Nutrient,665,50.0
38,Nutrient,665,220.0
38,Nutrient,665,920.0
38,Nutrient,665,51.0
38,Nutrient,665,213.0
38,Nutrient,665,36.0
38,Nutrient,665,151.0
38,Nutrient,665,35.0
38,Nutrient,665,146.0
38,Nutrient,665,89.0
38,Nutrient,665,372.0
38,Nutrient,665,72.0
38,Nutrient,665,301.0
38,Nutrient,665,79.0
38,Nutrient,665,332.0
38,Nutrient,665,438.0
38,Nutrient,665,1833.0
38,Nutrient,665,174.0
38,Nutrient,665,728.0
38,Nutrient,665,49.0
38,Nutrient,665,205.0
38,Nutrient,665,380.0
38,Nutrient,665,1590.0
38,Nutrient,665,369.0
38,Nutrient,665,1544.0
38,Nutrient,665,409.0
38,Nutrient,665,1711.0
38,Nutrient,665,535.0
38,Nutrient,665,2238.0
38,Nutrient,665,21.0
38,Nutrient,665,88.0
38,Nutrient,665,20.0
38,Nutrient,665,84.0
38,Nutrient,665,78.0
38,Nutrient,665,326.0
38,Nutrient,665,104.0
38,Nutrient,665,435.0
38,Nutrient,665,104.0
38,Nutrient,665,435.0
38,Nutrient,665,150.0
38,Nutrient,665,626.0
38,Nutrient,665,51.0
38,Nutrient,665,214.0
38,Nutrient,665,53.0
38,Nutrient,665,222.0
38,Nutrient,665,39.0
38,Nutrient,665,165.0
38,Nutrient,665,24.0
38,Nutrient,665,100.0
38,Nutrient,665,35.0
38,Nutrient,665,146.0
38,Nutrient,665,42.0
38,Nutrient,665,176.0
38,Nutrient,665,59.0
38,Nutrient,665,247.0
38,Nutrient,665,41.0
38,Nutrient,665,171.0
38,Nutrient,665,32.0
38,Nutrient,665,134.0
38,Nutrient,665,33.0
38,Nutrient,665,138.0
38,Nutrient,665,165.0
38,Nutrient,665,690.0
38,Nutrient,665,468.0
38,Nutrient,665,1958.0
38,Nutrient,665,190.0
38,Nutrient,665,795.0
38,Nutrient,665,142.0
38,Nutrient,665,594.0
38,Nutrient,665,170.0
38,Nutrient,665,711.0
38,Nutrient,665,167.0
38,Nutrient,665,699.0
38,Nutrient,665,245.0
38,Nutrient,665,1025.0
38,Nutrient,665,38.0
38,Nutrient,665,159.0
38,Nutrient,665,95.0
38,Nutrient,665,398.0
38,Nutrient,665,211.0
38,Nutrient,665,831.0
38,Nutrient,665,150.0
38,Nutrient,665,627.0
38,Nutrient,665,124.0
38,Nutrient,665,520.0
38,Nutrient,665,98.0
38,Nutrient,665,408.0
38,Nutrient,665,29.0
38,Nutrient,665,120.0
38,Nutrient,666,0.0
38,Nutrient,666,0.0
38,Nutrient,666,0.0
38,Nutrient,666,0.0
38,Nutrient,666,0.0
38,Nutrient,667,3030.0
38,Nutrient,667,3071.0
38,Nutrient,667,717.0
38,Nutrient,667,2999.0
38,Nutrient,667,717.0
38,Nutrient,667,2999.0
38,Nutrient,667,717.0
38,Nutrient,667,2999.0
38,Nutrient,667,509.0
38,Nutrient,667,2130.0
38,Nutrient,667,499.0
38,Nutrient,667,2088.0
38,Nutrient,668,373.0
38,Nutrient,668,1561.0
38,Nutrient,669,625.0
38,Nutrient,669,608.0
38,Nutrient,669,785.0
38,Nutrient,669,462.0
38,Nutrient,669,797.0
38,Nutrient,669,1502.0
38,Nutrient,669,459.0
38,Nutrient,669,454.0
38,Nutrient,669,1496.0
38,Nutrient,669,130.0
38,Nutrient,669,545.0
38,Nutrient,669,195.0
38,Nutrient,669,818.0
38,Nutrient,669,292.0
38,Nutrient,669,1223.0
38,Nutrient,669,345.0
38,Nutrient,669,1443.0
38,Nutrient,669,257.0
38,Nutrient,669,1077.0
38,Nutrient,669,135.0
38,Nutrient,669,563.0
38,Nutrient,669,193.0
38,Nutrient,669,809.0
38,Nutrient,669,181.0
38,Nutrient,669,757.0
38,Nutrient,669,138.0
38,Nutrient,669,577.0
38,Nutrient,669,74.0
38,Nutrient,669,310.0
38,Nutrient,669,152.0
38,Nutrient,669,636.0
38,Nutrient,669,91.0
38,Nutrient,669,381.0
38,Nutrient,669,59.0
38,Nutrient,669,247.0
38,Nutrient,670,1697.0
38,Nutrient,670,1624.0
38,Nutrient,670,1697.0
38,Nutrient,670,1698.0
38,Nutrient,670,380.0
38,Nutrient,670,1590.0
38,Nutrient,670,387.0
38,Nutrient,670,1618.0
38,Nutrient,670,389.0
38,Nutrient,670,1627.0
38,Nutrient,670,354.0
38,Nutrient,670,1481.0
38,Nutrient,670,399.0
38,Nutrient,670,1670.0
38,Nutrient,671,1298.0
38,Nutrient,671,806.0
38,Nutrient,671,1150.0
38,Nutrient,671,1110.0
38,Nutrient,671,426.0
38,Nutrient,671,1135.0
38,Nutrient,671,1181.0
38,Nutrient,671,905.0
38,Nutrient,671,1144.0
38,Nutrient,671,835.0
38,Nutrient,671,1134.0
38,Nutrient,671,1681.0
38,Nutrient,671,1049.0
38,Nutrient,671,1236.0
38,Nutrient,671,1625.0
38,Nutrient,671,1905.0
38,Nutrient,671,2107.0
38,Nutrient,671,277.0
38,Nutrient,671,1159.0
38,Nutrient,671,238.0
38,Nutrient,671,996.0
38,Nutrient,671,230.0
38,Nutrient,671,964.0
38,Nutrient,671,379.0
38,Nutrient,671,1584.0
38,Nutrient,671,301.0
38,Nutrient,671,1258.0
38,Nutrient,671,311.0
38,Nutrient,671,1301.0
38,Nutrient,671,308.0
38,Nutrient,671,1288.0
38,Nutrient,671,247.0
38,Nutrient,671,1033.0
38,Nutrient,671,209.0
38,Nutrient,671,874.0
38,Nutrient,671,333.0
38,Nutrient,671,1393.0
38,Nutrient,671,327.0
38,Nutrient,671,1368.0
38,Nutrient,671,323.0
38,Nutrient,671,1353.0
38,Nutrient,671,328.0
38,Nutrient,671,1371.0
38,Nutrient,671,455.0
38,Nutrient,671,1904.0
38,Nutrient,671,313.0
38,Nutrient,671,1309.0
38,Nutrient,671,305.0
38,Nutrient,671,1277.0
38,Nutrient,671,223.0
38,Nutrient,671,933.0
38,Nutrient,671,223.0
38,Nutrient,671,933.0
38,Nutrient,671,346.0
38,Nutrient,671,1448.0
38,Nutrient,671,309.0
38,Nutrient,671,1294.0
38,Nutrient,671,307.0
38,Nutrient,671,1282.0
38,Nutrient,671,172.0
38,Nutrient,671,719.0
38,Nutrient,671,304.0
38,Nutrient,671,1272.0
38,Nutrient,671,326.0
38,Nutrient,671,1364.0
38,Nutrient,671,311.0
38,Nutrient,671,1301.0
38,Nutrient,671,494.0
38,Nutrient,671,2065.0
38,Nutrient,671,326.0
38,Nutrient,671,1364.0
38,Nutrient,671,304.0
38,Nutrient,671,1271.0
38,Nutrient,671,339.0
38,Nutrient,671,1417.0
38,Nutrient,671,396.0
38,Nutrient,671,1657.0
38,Nutrient,671,204.0
38,Nutrient,671,853.0
38,Nutrient,671,261.0
38,Nutrient,671,1092.0
38,Nutrient,671,336.0
38,Nutrient,671,1407.0
38,Nutrient,671,172.0
38,Nutrient,671,718.0
38,Nutrient,671,407.0
38,Nutrient,671,1703.0
38,Nutrient,671,385.0
38,Nutrient,671,1610.0
38,Nutrient,671,307.0
38,Nutrient,671,1283.0
38,Nutrient,671,320.0
38,Nutrient,671,1338.0
38,Nutrient,671,268.0
38,Nutrient,671,1123.0
38,Nutrient,671,313.0
38,Nutrient,671,1310.0
38,Nutrient,671,362.0
38,Nutrient,671,1514.0
38,Nutrient,671,230.0
38,Nutrient,671,962.0
38,Nutrient,671,182.0
38,Nutrient,671,761.0
38,Nutrient,671,344.0
38,Nutrient,671,1441.0
38,Nutrient,671,161.0
38,Nutrient,671,674.0
38,Nutrient,671,318.0
38,Nutrient,671,1331.0
38,Nutrient,671,316.0
38,Nutrient,671,1322.0
38,Nutrient,671,200.0
38,Nutrient,671,835.0
38,Nutrient,671,79.0
38,Nutrient,671,331.0
38,Nutrient,671,202.0
38,Nutrient,671,843.0
38,Nutrient,671,313.0
38,Nutrient,671,1310.0
38,Nutrient,671,331.0
38,Nutrient,671,1387.0
38,Nutrient,671,341.0
38,Nutrient,671,1427.0
38,Nutrient,671,313.0
38,Nutrient,671,1310.0
38,Nutrient,671,343.0
38,Nutrient,671,1435.0
38,Nutrient,671,206.0
38,Nutrient,671,862.0
38,Nutrient,671,245.0
38,Nutrient,671,1025.0
38,Nutrient,671,225.0
38,Nutrient,671,941.0
38,Nutrient,671,388.0
38,Nutrient,671,1623.0
38,Nutrient,671,368.0
38,Nutrient,671,1541.0
38,Nutrient,671,302.0
38,Nutrient,671,1264.0
38,Nutrient,671,296.0
38,Nutrient,671,1240.0
38,Nutrient,671,303.0
38,Nutrient,671,1268.0
38,Nutrient,671,301.0
38,Nutrient,671,1259.0
38,Nutrient,671,315.0
38,Nutrient,671,1316.0
38,Nutrient,671,309.0
38,Nutrient,671,1293.0
38,Nutrient,671,304.0
38,Nutrient,671,1272.0
38,Nutrient,671,327.0
38,Nutrient,671,1368.0
38,Nutrient,671,327.0
38,Nutrient,671,1369.0
38,Nutrient,671,324.0
38,Nutrient,671,1354.0
38,Nutrient,671,78.0
38,Nutrient,671,326.0
38,Nutrient,671,193.0
38,Nutrient,671,808.0
38,Nutrient,671,318.0
38,Nutrient,671,1331.0
38,Nutrient,671,73.0
38,Nutrient,671,305.0
38,Nutrient,671,194.0
38,Nutrient,671,812.0
38,Nutrient,671,311.0
38,Nutrient,671,1301.0
38,Nutrient,671,201.0
38,Nutrient,671,841.0
38,Nutrient,671,188.0
38,Nutrient,671,787.0
38,Nutrient,671,184.0
38,Nutrient,671,770.0
38,Nutrient,671,147.0
38,Nutrient,671,615.0
38,Nutrient,671,149.0
38,Nutrient,671,623.0
38,Nutrient,671,161.0
38,Nutrient,671,673.0
38,Nutrient,671,239.0
38,Nutrient,671,1000.0
38,Nutrient,671,243.0
38,Nutrient,671,1016.0
38,Nutrient,671,290.0
38,Nutrient,671,1214.0
38,Nutrient,671,101.0
38,Nutrient,671,423.0
38,Nutrient,671,267.0
38,Nutrient,671,1118.0
38,Nutrient,671,109.0
38,Nutrient,671,456.0
38,Nutrient,671,231.0
38,Nutrient,671,968.0
38,Nutrient,671,341.0
38,Nutrient,671,1428.0
38,Nutrient,671,305.0
38,Nutrient,671,1277.0
38,Nutrient,671,396.0
38,Nutrient,671,1657.0
38,Nutrient,671,149.0
38,Nutrient,671,622.0
38,Nutrient,671,259.0
38,Nutrient,671,1085.0
38,Nutrient,671,301.0
38,Nutrient,671,1259.0
38,Nutrient,671,296.0
38,Nutrient,671,1240.0
38,Nutrient,671,426.0
38,Nutrient,671,1783.0
38,Nutrient,671,235.0
38,Nutrient,671,983.0
38,Nutrient,671,307.0
38,Nutrient,671,1286.0
38,Nutrient,671,297.0
38,Nutrient,671,1244.0
38,Nutrient,671,176.0
38,Nutrient,671,738.0
38,Nutrient,671,186.0
38,Nutrient,671,778.0
38,Nutrient,671,425.0
38,Nutrient,671,1777.0
38,Nutrient,671,158.0
38,Nutrient,671,659.0
38,Nutrient,671,216.0
38,Nutrient,671,904.0
38,Nutrient,671,158.0
38,Nutrient,671,661.0
38,Nutrient,671,268.0
38,Nutrient,671,1121.0
38,Nutrient,671,276.0
38,Nutrient,671,1154.0
38,Nutrient,671,226.0
38,Nutrient,671,947.0
38,Nutrient,671,211.0
38,Nutrient,671,881.0
38,Nutrient,671,336.0
38,Nutrient,671,1406.0
38,Nutrient,671,269.0
38,Nutrient,671,1127.0
38,Nutrient,671,350.0
38,Nutrient,671,1466.0
38,Nutrient,671,322.0
38,Nutrient,671,1346.0
38,Nutrient,671,278.0
38,Nutrient,671,1161.0
38,Nutrient,671,290.0
38,Nutrient,671,1212.0
38,Nutrient,671,298.0
38,Nutrient,671,1245.0
38,Nutrient,671,378.0
38,Nutrient,671,1581.0
38,Nutrient,671,405.0
38,Nutrient,671,1695.0
38,Nutrient,671,155.0
38,Nutrient,671,648.0
38,Nutrient,671,332.0
38,Nutrient,671,1387.0
38,Nutrient,671,342.0
38,Nutrient,671,1430.0
38,Nutrient,671,196.0
38,Nutrient,671,821.0
38,Nutrient,671,272.0
38,Nutrient,671,1138.0
38,Nutrient,671,336.0
38,Nutrient,671,1407.0
38,Nutrient,671,312.0
38,Nutrient,671,1305.0
38,Nutrient,671,405.0
38,Nutrient,671,1695.0
38,Nutrient,671,267.0
38,Nutrient,671,1118.0
38,Nutrient,671,230.0
38,Nutrient,671,962.0
38,Nutrient,671,204.0
38,Nutrient,671,854.0
38,Nutrient,671,307.0
38,Nutrient,671,1284.0
38,Nutrient,671,230.0
38,Nutrient,671,962.0
38,Nutrient,671,152.0
38,Nutrient,671,634.0
38,Nutrient,671,407.0
38,Nutrient,671,1703.0
38,Nutrient,671,241.0
38,Nutrient,671,1008.0
38,Nutrient,671,295.0
38,Nutrient,671,1236.0
38,Nutrient,671,121.0
38,Nutrient,671,505.0
38,Nutrient,671,310.0
38,Nutrient,671,1299.0
38,Nutrient,671,312.0
38,Nutrient,671,1305.0
38,Nutrient,672,525.0
38,Nutrient,672,679.0
38,Nutrient,673,511.0
38,Nutrient,673,692.0
38,Nutrient,673,169.0
38,Nutrient,673,705.0
38,Nutrient,674,1065.0
38,Nutrient,674,462.0
38,Nutrient,674,1933.0
38,Nutrient,674,201.0
38,Nutrient,674,841.0
38,Nutrient,674,462.0
38,Nutrient,674,1933.0
38,Nutrient,674,319.0
38,Nutrient,674,1335.0
38,Nutrient,674,327.0
38,Nutrient,674,1366.0
38,Nutrient,676,15.0
38,Nutrient,676,1700.0
38,Nutrient,676,365.0
38,Nutrient,676,1527.0
38,Nutrient,676,336.0
38,Nutrient,676,1404.0
38,Nutrient,676,388.0
38,Nutrient,676,1625.0
38,Nutrient,676,398.0
38,Nutrient,676,1666.0
38,Nutrient,676,347.0
38,Nutrient,676,1453.0
38,Nutrient,676,360.0
38,Nutrient,676,1507.0
38,Nutrient,676,368.0
38,Nutrient,676,1540.0
38,Nutrient,676,279.0
38,Nutrient,676,1165.0
38,Nutrient,677,676.0
38,Nutrient,677,26.0
38,Nutrient,677,18.0
38,Nutrient,677,740.0
38,Nutrient,677,1004.0
38,Nutrient,678,493.0
38,Nutrient,678,926.0
38,Nutrient,678,272.0
38,Nutrient,678,1138.0
38,Nutrient,678,199.0
38,Nutrient,678,833.0
38,Nutrient,679,1820.0
38,Nutrient,679,1526.0
38,Nutrient,679,117.0
38,Nutrient,679,24.0
38,Nutrient,679,100.0
38,Nutrient,679,339.0
38,Nutrient,679,1419.0
38,Nutrient,679,27.0
38,Nutrient,679,112.0
38,Nutrient,679,353.0
38,Nutrient,679,1476.0
38,Nutrient,680,1567.0
38,Nutrient,681,1135.0
38,Nutrient,681,868.0
38,Nutrient,681,1133.0
38,Nutrient,681,278.0
38,Nutrient,681,1163.0
38,Nutrient,681,266.0
38,Nutrient,681,1115.0
38,Nutrient,681,132.0
38,Nutrient,681,554.0
38,Nutrient,681,179.0
38,Nutrient,681,749.0
38,Nutrient,682,731.0
38,Nutrient,682,646.0
38,Nutrient,682,465.0
38,Nutrient,682,1327.0
38,Nutrient,682,53.0
38,Nutrient,682,222.0
38,Nutrient,682,51.0
38,Nutrient,682,213.0
38,Nutrient,682,97.0
38,Nutrient,682,406.0
38,Nutrient,682,0.0
38,Nutrient,682,0.0
38,Nutrient,682,258.0
38,Nutrient,682,1079.0
38,Nutrient,682,105.0
38,Nutrient,682,439.0
38,Nutrient,682,325.0
38,Nutrient,682,1361.0
38,Nutrient,683,1467.0
38,Nutrient,683,318.0
38,Nutrient,683,1331.0
38,Nutrient,684,1481.0
38,Nutrient,685,0.0
38,Nutrient,685,0.0
38,Nutrient,685,0.0
38,Nutrient,685,0.0
38,Nutrient,685,0.0
38,Nutrient,685,0.0
38,Nutrient,685,0.0
38,Nutrient,685,0.0
38,Nutrient,685,0.0
38,Nutrient,685,0.0
38,Nutrient,685,0.0
38,Nutrient,685,0.0
38,Nutrient,685,0.0
38,Nutrient,685,0.0
38,Nutrient,685,0.0
38,Nutrient,685,0.0
38,Nutrient,685,0.0
38,Nutrient,685,0.0
38,Nutrient,685,0.0
38,Nutrient,685,0.0
38,Nutrient,685,0.0
38,Nutrient,685,0.0
38,Nutrient,685,0.0
38,Nutrient,685,0.0
38,Nutrient,685,0.0
38,Nutrient,685,1.0
38,Nutrient,685,5.0
38,Nutrient,685,20.0
38,Nutrient,685,0.0
38,Nutrient,685,0.0
38,Nutrient,685,0.0
38,Nutrient,685,0.0
38,Nutrient,685,1.0
38,Nutrient,685,3.0
38,Nutrient,685,22.0
38,Nutrient,685,92.0
38,Nutrient,685,18.0
38,Nutrient,685,75.0
38,Nutrient,686,3696.0
38,Nutrient,686,16.0
38,Nutrient,686,67.0
38,Nutrient,686,249.0
38,Nutrient,686,1041.0
38,Nutrient,686,99.0
38,Nutrient,686,414.0
38,Nutrient,686,95.0
38,Nutrient,686,396.0
38,Nutrient,686,101.0
38,Nutrient,686,423.0
38,Nutrient,686,99.0
38,Nutrient,686,414.0
38,Nutrient,686,232.0
38,Nutrient,686,971.0
38,Nutrient,687,242.0
38,Nutrient,687,296.0
38,Nutrient,687,280.0
38,Nutrient,687,70.0
38,Nutrient,687,291.0
38,Nutrient,689,88.0
38,Nutrient,689,367.0
38,Nutrient,689,37.0
38,Nutrient,689,155.0
38,Nutrient,689,29.0
38,Nutrient,689,122.0
38,Nutrient,689,372.0
38,Nutrient,689,1556.0
38,Nutrient,689,75.0
38,Nutrient,689,313.0
38,Nutrient,689,405.0
38,Nutrient,689,1693.0
38,Nutrient,689,85.0
38,Nutrient,689,356.0
38,Nutrient,689,48.0
38,Nutrient,689,200.0
38,Nutrient,689,95.0
38,Nutrient,689,396.0
38,Nutrient,689,37.0
38,Nutrient,689,156.0
38,Nutrient,689,372.0
38,Nutrient,689,1555.0
38,Nutrient,689,86.0
38,Nutrient,689,359.0
38,Nutrient,689,428.0
38,Nutrient,689,1789.0
38,Nutrient,689,88.0
38,Nutrient,689,369.0
38,Nutrient,689,389.0
38,Nutrient,689,1626.0
38,Nutrient,689,87.0
38,Nutrient,689,365.0
38,Nutrient,689,411.0
38,Nutrient,689,1720.0
38,Nutrient,689,85.0
38,Nutrient,689,357.0
38,Nutrient,689,400.0
38,Nutrient,689,1673.0
38,Nutrient,689,89.0
38,Nutrient,689,373.0
38,Nutrient,689,4.0
38,Nutrient,689,17.0
38,Nutrient,689,77.0
38,Nutrient,689,322.0
38,Nutrient,689,46.0
38,Nutrient,689,192.0
38,Nutrient,689,47.0
38,Nutrient,689,195.0
38,Nutrient,689,1.0
38,Nutrient,689,3.0
38,Nutrient,689,40.0
38,Nutrient,689,166.0
38,Nutrient,689,49.0
38,Nutrient,689,205.0
38,Nutrient,690,2114.0
38,Nutrient,690,347.0
38,Nutrient,690,1454.0
38,Nutrient,690,81.0
38,Nutrient,690,337.0
38,Nutrient,690,81.0
38,Nutrient,690,337.0
38,Nutrient,690,81.0
38,Nutrient,690,337.0
38,Nutrient,690,124.0
38,Nutrient,690,518.0
38,Nutrient,690,97.0
38,Nutrient,690,407.0
38,Nutrient,690,97.0
38,Nutrient,690,407.0
38,Nutrient,690,87.0
38,Nutrient,690,366.0
38,Nutrient,690,112.0
38,Nutrient,690,468.0
38,Nutrient,690,130.0
38,Nutrient,690,545.0
38,Nutrient,690,146.0
38,Nutrient,690,612.0
38,Nutrient,690,188.0
38,Nutrient,690,787.0
38,Nutrient,690,111.0
38,Nutrient,690,463.0
38,Nutrient,690,111.0
38,Nutrient,690,463.0
38,Nutrient,690,188.0
38,Nutrient,690,787.0
38,Nutrient,690,330.0
38,Nutrient,690,1380.0
38,Nutrient,690,184.0
38,Nutrient,690,770.0
38,Nutrient,690,48.0
38,Nutrient,690,201.0
38,Nutrient,690,48.0
38,Nutrient,690,201.0
38,Nutrient,690,77.0
38,Nutrient,690,322.0
38,Nutrient,690,61.0
38,Nutrient,690,255.0
38,Nutrient,690,59.0
38,Nutrient,690,247.0
38,Nutrient,690,99.0
38,Nutrient,690,414.0
38,Nutrient,690,63.0
38,Nutrient,690,264.0
38,Nutrient,690,82.0
38,Nutrient,690,344.0
38,Nutrient,690,82.0
38,Nutrient,690,343.0
38,Nutrient,690,68.0
38,Nutrient,690,285.0
38,Nutrient,690,75.0
38,Nutrient,690,314.0
38,Nutrient,690,51.0
38,Nutrient,690,213.0
38,Nutrient,690,77.0
38,Nutrient,690,321.0
38,Nutrient,690,77.0
38,Nutrient,690,321.0
38,Nutrient,690,96.0
38,Nutrient,690,402.0
38,Nutrient,690,69.0
38,Nutrient,690,291.0
38,Nutrient,690,59.0
38,Nutrient,690,247.0
38,Nutrient,690,60.0
38,Nutrient,690,250.0
38,Nutrient,690,52.0
38,Nutrient,690,218.0
38,Nutrient,690,51.0
38,Nutrient,690,213.0
38,Nutrient,690,66.0
38,Nutrient,690,276.0
38,Nutrient,690,55.0
38,Nutrient,690,230.0
38,Nutrient,690,50.0
38,Nutrient,690,209.0
38,Nutrient,690,78.0
38,Nutrient,690,326.0
38,Nutrient,690,59.0
38,Nutrient,690,247.0
38,Nutrient,690,63.0
38,Nutrient,690,264.0
38,Nutrient,690,64.0
38,Nutrient,690,268.0
38,Nutrient,690,60.0
38,Nutrient,690,251.0
38,Nutrient,690,44.0
38,Nutrient,690,184.0
38,Nutrient,690,52.0
38,Nutrient,690,218.0
38,Nutrient,690,52.0
38,Nutrient,690,218.0
38,Nutrient,690,56.0
38,Nutrient,690,234.0
38,Nutrient,690,48.0
38,Nutrient,690,201.0
38,Nutrient,690,53.0
38,Nutrient,690,222.0
38,Nutrient,690,80.0
38,Nutrient,690,333.0
38,Nutrient,690,67.0
38,Nutrient,690,280.0
38,Nutrient,690,61.0
38,Nutrient,690,255.0
38,Nutrient,690,27.0
38,Nutrient,690,112.0
38,Nutrient,690,24.0
38,Nutrient,690,102.0
38,Nutrient,690,29.0
38,Nutrient,690,123.0
38,Nutrient,690,62.0
38,Nutrient,690,259.0
38,Nutrient,690,34.0
38,Nutrient,690,142.0
38,Nutrient,690,26.0
38,Nutrient,690,109.0
38,Nutrient,690,32.0
38,Nutrient,690,134.0
38,Nutrient,690,28.0
38,Nutrient,690,117.0
38,Nutrient,690,24.0
38,Nutrient,690,101.0
38,Nutrient,690,57.0
38,Nutrient,690,238.0
38,Nutrient,690,60.0
38,Nutrient,690,252.0
38,Nutrient,690,52.0
38,Nutrient,690,217.0
38,Nutrient,690,50.0
38,Nutrient,690,211.0
38,Nutrient,690,51.0
38,Nutrient,690,213.0
38,Nutrient,690,41.0
38,Nutrient,690,172.0
38,Nutrient,690,37.0
38,Nutrient,690,155.0
38,Nutrient,690,60.0
38,Nutrient,690,250.0
38,Nutrient,690,57.0
38,Nutrient,690,238.0
38,Nutrient,690,65.0
38,Nutrient,690,272.0
38,Nutrient,690,50.0
38,Nutrient,690,211.0
38,Nutrient,690,64.0
38,Nutrient,690,268.0
38,Nutrient,690,37.0
38,Nutrient,690,155.0
38,Nutrient,690,63.0
38,Nutrient,690,264.0
38,Nutrient,690,56.0
38,Nutrient,690,236.0
38,Nutrient,690,65.0
38,Nutrient,690,271.0
38,Nutrient,690,65.0
38,Nutrient,690,271.0
38,Nutrient,690,42.0
38,Nutrient,690,174.0
38,Nutrient,690,44.0
38,Nutrient,690,182.0
38,Nutrient,690,71.0
38,Nutrient,690,297.0
38,Nutrient,690,74.0
38,Nutrient,690,310.0
38,Nutrient,690,69.0
38,Nutrient,690,291.0
38,Nutrient,690,70.0
38,Nutrient,690,293.0
38,Nutrient,690,100.0
38,Nutrient,690,418.0
38,Nutrient,690,70.0
38,Nutrient,690,293.0
38,Nutrient,690,57.0
38,Nutrient,690,238.0
38,Nutrient,690,44.0
38,Nutrient,690,185.0
38,Nutrient,690,47.0
38,Nutrient,690,197.0
38,Nutrient,690,51.0
38,Nutrient,690,213.0
38,Nutrient,690,51.0
38,Nutrient,690,212.0
38,Nutrient,690,66.0
38,Nutrient,690,276.0
38,Nutrient,690,37.0
38,Nutrient,690,155.0
38,Nutrient,690,39.0
38,Nutrient,690,163.0
38,Nutrient,690,58.0
38,Nutrient,690,243.0
38,Nutrient,690,58.0
38,Nutrient,690,242.0
38,Nutrient,690,64.0
38,Nutrient,690,269.0
38,Nutrient,690,68.0
38,Nutrient,690,285.0
38,Nutrient,690,65.0
38,Nutrient,690,272.0
38,Nutrient,690,41.0
38,Nutrient,690,172.0
38,Nutrient,690,44.0
38,Nutrient,690,184.0
38,Nutrient,690,63.0
38,Nutrient,690,264.0
38,Nutrient,690,51.0
38,Nutrient,690,213.0
38,Nutrient,690,70.0
38,Nutrient,690,293.0
38,Nutrient,690,83.0
38,Nutrient,690,347.0
38,Nutrient,690,61.0
38,Nutrient,690,255.0
38,Nutrient,690,62.0
38,Nutrient,690,259.0
38,Nutrient,690,47.0
38,Nutrient,690,197.0
38,Nutrient,690,51.0
38,Nutrient,690,213.0
38,Nutrient,690,43.0
38,Nutrient,690,179.0
38,Nutrient,690,46.0
38,Nutrient,690,193.0
38,Nutrient,690,49.0
38,Nutrient,690,205.0
38,Nutrient,690,72.0
38,Nutrient,690,303.0
38,Nutrient,690,45.0
38,Nutrient,690,186.0
38,Nutrient,690,43.0
38,Nutrient,690,180.0
38,Nutrient,690,47.0
38,Nutrient,690,197.0
38,Nutrient,690,46.0
38,Nutrient,690,192.0
38,Nutrient,690,50.0
38,Nutrient,690,209.0
38,Nutrient,690,48.0
38,Nutrient,690,201.0
38,Nutrient,690,70.0
38,Nutrient,690,293.0
38,Nutrient,690,47.0
38,Nutrient,690,197.0
38,Nutrient,690,365.0
38,Nutrient,690,1527.0
38,Nutrient,690,402.0
38,Nutrient,690,1682.0
38,Nutrient,690,379.0
38,Nutrient,690,1587.0
38,Nutrient,690,391.0
38,Nutrient,690,1636.0
38,Nutrient,690,82.0
38,Nutrient,690,343.0
38,Nutrient,690,83.0
38,Nutrient,690,347.0
38,Nutrient,690,399.0
38,Nutrient,690,1670.0
38,Nutrient,690,393.0
38,Nutrient,690,1644.0
38,Nutrient,690,74.0
38,Nutrient,690,308.0
38,Nutrient,690,75.0
38,Nutrient,690,314.0
38,Nutrient,690,391.0
38,Nutrient,690,1636.0
38,Nutrient,690,391.0
38,Nutrient,690,1637.0
38,Nutrient,690,80.0
38,Nutrient,690,334.0
38,Nutrient,690,51.0
38,Nutrient,690,213.0
38,Nutrient,690,52.0
38,Nutrient,690,218.0
38,Nutrient,690,58.0
38,Nutrient,690,243.0
38,Nutrient,690,79.0
38,Nutrient,690,331.0
38,Nutrient,690,402.0
38,Nutrient,690,1681.0
38,Nutrient,690,435.0
38,Nutrient,690,1820.0
38,Nutrient,690,477.0
38,Nutrient,690,1997.0
38,Nutrient,690,82.0
38,Nutrient,690,343.0
38,Nutrient,690,374.0
38,Nutrient,690,1565.0
38,Nutrient,690,404.0
38,Nutrient,690,1690.0
38,Nutrient,690,433.0
38,Nutrient,690,1812.0
38,Nutrient,690,442.0
38,Nutrient,690,1849.0
38,Nutrient,690,397.0
38,Nutrient,690,1661.0
38,Nutrient,690,391.0
38,Nutrient,690,1637.0
38,Nutrient,690,75.0
38,Nutrient,690,314.0
38,Nutrient,690,79.0
38,Nutrient,690,331.0
38,Nutrient,690,78.0
38,Nutrient,690,326.0
38,Nutrient,690,68.0
38,Nutrient,690,285.0
38,Nutrient,690,69.0
38,Nutrient,690,289.0
38,Nutrient,690,80.0
38,Nutrient,690,335.0
38,Nutrient,690,65.0
38,Nutrient,690,272.0
38,Nutrient,690,67.0
38,Nutrient,690,280.0
38,Nutrient,690,81.0
38,Nutrient,690,339.0
38,Nutrient,690,59.0
38,Nutrient,690,247.0
38,Nutrient,690,63.0
38,Nutrient,690,264.0
38,Nutrient,690,60.0
38,Nutrient,690,251.0
38,Nutrient,690,85.0
38,Nutrient,690,356.0
38,Nutrient,690,86.0
38,Nutrient,690,360.0
38,Nutrient,690,46.0
38,Nutrient,690,194.0
38,Nutrient,690,52.0
38,Nutrient,690,218.0
38,Nutrient,690,41.0
38,Nutrient,690,172.0
38,Nutrient,690,46.0
38,Nutrient,690,191.0
38,Nutrient,690,53.0
38,Nutrient,690,222.0
38,Nutrient,690,41.0
38,Nutrient,690,172.0
38,Nutrient,690,33.0
38,Nutrient,690,140.0
38,Nutrient,690,67.0
38,Nutrient,690,280.0
38,Nutrient,690,36.0
38,Nutrient,690,151.0
38,Nutrient,690,32.0
38,Nutrient,690,132.0
38,Nutrient,690,36.0
38,Nutrient,690,150.0
38,Nutrient,690,57.0
38,Nutrient,690,239.0
38,Nutrient,690,62.0
38,Nutrient,690,259.0
38,Nutrient,690,59.0
38,Nutrient,690,247.0
38,Nutrient,690,57.0
38,Nutrient,690,238.0
38,Nutrient,690,60.0
38,Nutrient,690,249.0
38,Nutrient,690,65.0
38,Nutrient,690,272.0
38,Nutrient,690,62.0
38,Nutrient,690,259.0
38,Nutrient,690,31.0
38,Nutrient,690,130.0
38,Nutrient,690,429.0
38,Nutrient,690,1793.0
38,Nutrient,690,74.0
38,Nutrient,690,310.0
38,Nutrient,690,78.0
38,Nutrient,690,326.0
38,Nutrient,690,84.0
38,Nutrient,690,352.0
38,Nutrient,690,111.0
38,Nutrient,690,464.0
38,Nutrient,690,96.0
38,Nutrient,690,402.0
38,Nutrient,690,86.0
38,Nutrient,690,362.0
38,Nutrient,690,116.0
38,Nutrient,690,485.0
38,Nutrient,690,86.0
38,Nutrient,690,362.0
38,Nutrient,690,115.0
38,Nutrient,690,481.0
38,Nutrient,690,85.0
38,Nutrient,690,357.0
38,Nutrient,690,115.0
38,Nutrient,690,481.0
38,Nutrient,690,115.0
38,Nutrient,690,481.0
38,Nutrient,690,112.0
38,Nutrient,690,469.0
38,Nutrient,690,86.0
38,Nutrient,690,360.0
38,Nutrient,690,66.0
38,Nutrient,690,276.0
38,Nutrient,690,127.0
38,Nutrient,690,531.0
38,Nutrient,690,509.0
38,Nutrient,690,2131.0
38,Nutrient,690,63.0
38,Nutrient,690,263.0
38,Nutrient,690,520.0
38,Nutrient,690,2176.0
38,Nutrient,690,63.0
38,Nutrient,690,263.0
38,Nutrient,690,511.0
38,Nutrient,690,2138.0
38,Nutrient,690,511.0
38,Nutrient,690,2138.0
38,Nutrient,690,131.0
38,Nutrient,690,548.0
38,Nutrient,690,66.0
38,Nutrient,690,276.0
38,Nutrient,690,502.0
38,Nutrient,690,2100.0
38,Nutrient,690,64.0
38,Nutrient,690,268.0
38,Nutrient,690,127.0
38,Nutrient,690,532.0
38,Nutrient,690,511.0
38,Nutrient,690,2138.0
38,Nutrient,690,131.0
38,Nutrient,690,547.0
38,Nutrient,690,483.0
38,Nutrient,690,2022.0
38,Nutrient,690,88.0
38,Nutrient,690,368.0
38,Nutrient,690,519.0
38,Nutrient,690,2172.0
38,Nutrient,690,67.0
38,Nutrient,690,279.0
38,Nutrient,690,63.0
38,Nutrient,690,262.0
38,Nutrient,690,131.0
38,Nutrient,690,549.0
38,Nutrient,690,64.0
38,Nutrient,690,268.0
38,Nutrient,690,510.0
38,Nutrient,690,2135.0
38,Nutrient,690,521.0
38,Nutrient,690,2179.0
38,Nutrient,690,132.0
38,Nutrient,690,554.0
38,Nutrient,690,66.0
38,Nutrient,690,276.0
38,Nutrient,690,524.0
38,Nutrient,690,2191.0
38,Nutrient,690,494.0
38,Nutrient,690,2065.0
38,Nutrient,690,78.0
38,Nutrient,690,326.0
38,Nutrient,690,71.0
38,Nutrient,690,299.0
38,Nutrient,690,66.0
38,Nutrient,690,276.0
38,Nutrient,690,128.0
38,Nutrient,690,536.0
38,Nutrient,690,517.0
38,Nutrient,690,2165.0
38,Nutrient,690,126.0
38,Nutrient,690,527.0
38,Nutrient,690,66.0
38,Nutrient,690,276.0
38,Nutrient,690,66.0
38,Nutrient,690,276.0
38,Nutrient,690,514.0
38,Nutrient,690,2151.0
38,Nutrient,690,65.0
38,Nutrient,690,272.0
38,Nutrient,690,127.0
38,Nutrient,690,530.0
38,Nutrient,690,510.0
38,Nutrient,690,2135.0
38,Nutrient,690,522.0
38,Nutrient,690,2185.0
38,Nutrient,690,131.0
38,Nutrient,690,549.0
38,Nutrient,690,65.0
38,Nutrient,690,272.0
38,Nutrient,690,127.0
38,Nutrient,690,530.0
38,Nutrient,690,64.0
38,Nutrient,690,268.0
38,Nutrient,690,522.0
38,Nutrient,690,2186.0
38,Nutrient,690,64.0
38,Nutrient,690,269.0
38,Nutrient,690,99.0
38,Nutrient,690,414.0
38,Nutrient,690,480.0
38,Nutrient,690,2007.0
38,Nutrient,690,67.0
38,Nutrient,690,281.0
38,Nutrient,690,503.0
38,Nutrient,690,2104.0
38,Nutrient,690,63.0
38,Nutrient,690,263.0
38,Nutrient,690,521.0
38,Nutrient,690,2179.0
38,Nutrient,690,99.0
38,Nutrient,690,413.0
38,Nutrient,690,63.0
38,Nutrient,690,262.0
38,Nutrient,690,130.0
38,Nutrient,690,545.0
38,Nutrient,690,524.0
38,Nutrient,690,2192.0
38,Nutrient,690,63.0
38,Nutrient,690,264.0
38,Nutrient,690,126.0
38,Nutrient,690,528.0
38,Nutrient,690,508.0
38,Nutrient,690,2125.0
38,Nutrient,690,65.0
38,Nutrient,690,272.0
38,Nutrient,690,125.0
38,Nutrient,690,524.0
38,Nutrient,690,471.0
38,Nutrient,690,1972.0
38,Nutrient,690,65.0
38,Nutrient,690,272.0
38,Nutrient,690,128.0
38,Nutrient,690,534.0
38,Nutrient,690,502.0
38,Nutrient,690,2102.0
38,Nutrient,690,480.0
38,Nutrient,690,2007.0
38,Nutrient,690,67.0
38,Nutrient,690,281.0
38,Nutrient,690,68.0
38,Nutrient,690,287.0
38,Nutrient,690,67.0
38,Nutrient,690,280.0
38,Nutrient,690,63.0
38,Nutrient,690,262.0
38,Nutrient,690,130.0
38,Nutrient,690,545.0
38,Nutrient,690,524.0
38,Nutrient,690,2192.0
38,Nutrient,690,63.0
38,Nutrient,690,264.0
38,Nutrient,690,126.0
38,Nutrient,690,528.0
38,Nutrient,690,508.0
38,Nutrient,690,2125.0
38,Nutrient,690,68.0
38,Nutrient,690,286.0
38,Nutrient,690,509.0
38,Nutrient,690,2129.0
38,Nutrient,690,69.0
38,Nutrient,690,290.0
38,Nutrient,690,520.0
38,Nutrient,690,2174.0
38,Nutrient,690,68.0
38,Nutrient,690,283.0
38,Nutrient,690,128.0
38,Nutrient,690,536.0
38,Nutrient,690,520.0
38,Nutrient,690,2175.0
38,Nutrient,690,66.0
38,Nutrient,690,275.0
38,Nutrient,690,522.0
38,Nutrient,690,2185.0
38,Nutrient,690,127.0
38,Nutrient,690,530.0
38,Nutrient,690,128.0
38,Nutrient,690,536.0
38,Nutrient,690,66.0
38,Nutrient,690,274.0
38,Nutrient,690,517.0
38,Nutrient,690,2165.0
38,Nutrient,690,71.0
38,Nutrient,690,297.0
38,Nutrient,690,98.0
38,Nutrient,690,411.0
38,Nutrient,690,517.0
38,Nutrient,690,2165.0
38,Nutrient,690,48.0
38,Nutrient,690,202.0
38,Nutrient,690,66.0
38,Nutrient,690,276.0
38,Nutrient,690,66.0
38,Nutrient,690,276.0
38,Nutrient,690,63.0
38,Nutrient,690,264.0
38,Nutrient,690,344.0
38,Nutrient,690,1439.0
38,Nutrient,690,92.0
38,Nutrient,690,385.0
38,Nutrient,690,132.0
38,Nutrient,690,553.0
38,Nutrient,690,501.0
38,Nutrient,690,2096.0
38,Nutrient,690,64.0
38,Nutrient,690,268.0
38,Nutrient,690,514.0
38,Nutrient,690,2151.0
38,Nutrient,690,89.0
38,Nutrient,690,372.0
38,Nutrient,690,76.0
38,Nutrient,690,316.0
38,Nutrient,690,96.0
38,Nutrient,690,400.0
38,Nutrient,690,48.0
38,Nutrient,690,201.0
38,Nutrient,690,43.0
38,Nutrient,690,180.0
38,Nutrient,690,69.0
38,Nutrient,690,289.0
38,Nutrient,690,64.0
38,Nutrient,690,268.0
38,Nutrient,690,421.0
38,Nutrient,690,1763.0
38,Nutrient,690,404.0
38,Nutrient,690,1692.0
38,Nutrient,690,26.0
38,Nutrient,690,109.0
38,Nutrient,690,68.0
38,Nutrient,690,284.0
38,Nutrient,690,66.0
38,Nutrient,690,277.0
38,Nutrient,690,69.0
38,Nutrient,690,290.0
38,Nutrient,690,51.0
38,Nutrient,690,215.0
38,Nutrient,690,66.0
38,Nutrient,690,276.0
38,Nutrient,690,47.0
38,Nutrient,690,198.0
38,Nutrient,690,68.0
38,Nutrient,690,284.0
38,Nutrient,690,81.0
38,Nutrient,690,337.0
38,Nutrient,690,75.0
38,Nutrient,690,315.0
38,Nutrient,690,396.0
38,Nutrient,690,1657.0
38,Nutrient,690,47.0
38,Nutrient,690,197.0
38,Nutrient,690,76.0
38,Nutrient,690,316.0
38,Nutrient,690,77.0
38,Nutrient,690,320.0
38,Nutrient,690,78.0
38,Nutrient,690,328.0
38,Nutrient,690,91.0
38,Nutrient,690,381.0
38,Nutrient,690,68.0
38,Nutrient,690,285.0
38,Nutrient,690,73.0
38,Nutrient,690,303.0
38,Nutrient,691,765.0
38,Nutrient,692,304.0
38,Nutrient,692,188.0
38,Nutrient,692,785.0
38,Nutrient,692,69.0
38,Nutrient,692,289.0
38,Nutrient,692,91.0
38,Nutrient,692,382.0
38,Nutrient,692,40.0
38,Nutrient,692,166.0
38,Nutrient,692,129.0
38,Nutrient,692,540.0
38,Nutrient,692,142.0
38,Nutrient,692,594.0
38,Nutrient,692,95.0
38,Nutrient,692,397.0
38,Nutrient,692,7.0
38,Nutrient,692,29.0
38,Nutrient,692,67.0
38,Nutrient,692,280.0
38,Nutrient,692,72.0
38,Nutrient,692,301.0
38,Nutrient,692,121.0
38,Nutrient,692,506.0
38,Nutrient,692,79.0
38,Nutrient,692,331.0
38,Nutrient,692,31.0
38,Nutrient,692,130.0
38,Nutrient,692,81.0
38,Nutrient,692,337.0
38,Nutrient,692,71.0
38,Nutrient,692,297.0
38,Nutrient,692,90.0
38,Nutrient,692,377.0
38,Nutrient,692,45.0
38,Nutrient,692,188.0
38,Nutrient,692,39.0
38,Nutrient,692,162.0
38,Nutrient,692,52.0
38,Nutrient,692,217.0
38,Nutrient,692,53.0
38,Nutrient,692,222.0
38,Nutrient,692,49.0
38,Nutrient,692,205.0
38,Nutrient,692,69.0
38,Nutrient,692,290.0
38,Nutrient,692,61.0
38,Nutrient,692,255.0
38,Nutrient,692,117.0
38,Nutrient,692,489.0
38,Nutrient,692,56.0
38,Nutrient,692,234.0
38,Nutrient,692,61.0
38,Nutrient,692,255.0
38,Nutrient,692,56.0
38,Nutrient,692,232.0
38,Nutrient,692,72.0
38,Nutrient,692,303.0
38,Nutrient,692,13.0
38,Nutrient,692,56.0
38,Nutrient,692,31.0
38,Nutrient,692,130.0
38,Nutrient,692,11.0
38,Nutrient,692,46.0
38,Nutrient,692,19.0
38,Nutrient,692,79.0
38,Nutrient,692,56.0
38,Nutrient,692,234.0
38,Nutrient,692,81.0
38,Nutrient,692,337.0
38,Nutrient,692,53.0
38,Nutrient,692,222.0
38,Nutrient,692,68.0
38,Nutrient,692,285.0
38,Nutrient,692,56.0
38,Nutrient,692,232.0
38,Nutrient,692,61.0
38,Nutrient,692,255.0
38,Nutrient,692,85.0
38,Nutrient,692,355.0
38,Nutrient,692,68.0
38,Nutrient,692,285.0
38,Nutrient,692,46.0
38,Nutrient,692,192.0
38,Nutrient,692,88.0
38,Nutrient,692,368.0
38,Nutrient,692,56.0
38,Nutrient,692,232.0
38,Nutrient,692,48.0
38,Nutrient,692,201.0
38,Nutrient,692,125.0
38,Nutrient,692,523.0
38,Nutrient,692,77.0
38,Nutrient,692,322.0
38,Nutrient,692,141.0
38,Nutrient,692,590.0
38,Nutrient,692,84.0
38,Nutrient,692,351.0
38,Nutrient,692,59.0
38,Nutrient,692,247.0
38,Nutrient,692,56.0
38,Nutrient,692,232.0
38,Nutrient,692,66.0
38,Nutrient,692,276.0
38,Nutrient,692,72.0
38,Nutrient,692,301.0
38,Nutrient,692,16.0
38,Nutrient,692,67.0
38,Nutrient,692,48.0
38,Nutrient,692,199.0
38,Nutrient,692,78.0
38,Nutrient,692,326.0
38,Nutrient,692,112.0
38,Nutrient,692,469.0
38,Nutrient,692,48.0
38,Nutrient,692,199.0
38,Nutrient,692,93.0
38,Nutrient,692,389.0
38,Nutrient,692,57.0
38,Nutrient,692,238.0
38,Nutrient,692,55.0
38,Nutrient,692,230.0
38,Nutrient,692,60.0
38,Nutrient,692,251.0
38,Nutrient,692,51.0
38,Nutrient,692,215.0
38,Nutrient,692,59.0
38,Nutrient,692,247.0
38,Nutrient,692,66.0
38,Nutrient,692,277.0
38,Nutrient,692,63.0
38,Nutrient,692,264.0
38,Nutrient,692,66.0
38,Nutrient,692,276.0
38,Nutrient,692,213.0
38,Nutrient,692,893.0
38,Nutrient,692,170.0
38,Nutrient,692,711.0
38,Nutrient,692,324.0
38,Nutrient,692,1355.0
38,Nutrient,692,267.0
38,Nutrient,692,1117.0
38,Nutrient,692,198.0
38,Nutrient,692,828.0
38,Nutrient,692,71.0
38,Nutrient,692,299.0
38,Nutrient,692,63.0
38,Nutrient,692,266.0
38,Nutrient,692,12.0
38,Nutrient,692,51.0
38,Nutrient,692,293.0
38,Nutrient,692,1227.0
38,Nutrient,692,16.0
38,Nutrient,692,67.0
38,Nutrient,692,325.0
38,Nutrient,692,1360.0
38,Nutrient,692,446.0
38,Nutrient,692,1866.0
38,Nutrient,692,56.0
38,Nutrient,692,232.0
38,Nutrient,692,125.0
38,Nutrient,692,523.0
38,Nutrient,692,377.0
38,Nutrient,692,1576.0
38,Nutrient,692,56.0
38,Nutrient,692,232.0
38,Nutrient,692,71.0
38,Nutrient,692,299.0
38,Nutrient,692,61.0
38,Nutrient,692,255.0
38,Nutrient,692,109.0
38,Nutrient,692,456.0
38,Nutrient,692,96.0
38,Nutrient,692,402.0
38,Nutrient,692,66.0
38,Nutrient,692,275.0
38,Nutrient,692,13.0
38,Nutrient,692,54.0
38,Nutrient,692,36.0
38,Nutrient,692,151.0
38,Nutrient,692,17.0
38,Nutrient,692,71.0
38,Nutrient,692,50.0
38,Nutrient,692,209.0
38,Nutrient,692,46.0
38,Nutrient,692,192.0
38,Nutrient,692,52.0
38,Nutrient,692,218.0
38,Nutrient,692,7.0
38,Nutrient,692,30.0
38,Nutrient,692,74.0
38,Nutrient,692,310.0
38,Nutrient,692,71.0
38,Nutrient,692,297.0
38,Nutrient,692,68.0
38,Nutrient,692,285.0
38,Nutrient,692,5.0
38,Nutrient,692,22.0
38,Nutrient,692,65.0
38,Nutrient,692,270.0
38,Nutrient,692,65.0
38,Nutrient,692,272.0
38,Nutrient,692,65.0
38,Nutrient,692,272.0
38,Nutrient,692,56.0
38,Nutrient,692,236.0
38,Nutrient,692,66.0
38,Nutrient,692,276.0
38,Nutrient,692,92.0
38,Nutrient,692,385.0
38,Nutrient,692,48.0
38,Nutrient,692,199.0
38,Nutrient,692,73.0
38,Nutrient,692,304.0
38,Nutrient,692,89.0
38,Nutrient,692,371.0
38,Nutrient,692,56.0
38,Nutrient,692,236.0
38,Nutrient,692,77.0
38,Nutrient,692,322.0
38,Nutrient,692,65.0
38,Nutrient,692,273.0
38,Nutrient,692,56.0
38,Nutrient,692,236.0
38,Nutrient,692,56.0
38,Nutrient,692,236.0
38,Nutrient,692,69.0
38,Nutrient,692,69.0
38,Nutrient,692,289.0
38,Nutrient,692,92.0
38,Nutrient,692,386.0
38,Nutrient,692,62.0
38,Nutrient,692,54.0
38,Nutrient,692,85.0
38,Nutrient,692,354.0
38,Nutrient,692,72.0
38,Nutrient,692,77.0
38,Nutrient,692,62.0
38,Nutrient,692,61.0
38,Nutrient,692,254.0
38,Nutrient,692,104.0
38,Nutrient,692,435.0
38,Nutrient,692,72.0
38,Nutrient,692,72.0
38,Nutrient,692,301.0
38,Nutrient,692,72.0
38,Nutrient,692,69.0
38,Nutrient,692,77.0
38,Nutrient,692,322.0
38,Nutrient,692,56.0
38,Nutrient,692,64.0
38,Nutrient,692,85.0
38,Nutrient,692,354.0
38,Nutrient,692,61.0
38,Nutrient,692,256.0
38,Nutrient,692,78.0
38,Nutrient,692,324.0
38,Nutrient,692,67.0
38,Nutrient,692,280.0
38,Nutrient,692,45.0
38,Nutrient,692,188.0
38,Nutrient,692,57.0
38,Nutrient,692,75.0
38,Nutrient,692,314.0
38,Nutrient,692,45.0
38,Nutrient,692,188.0
38,Nutrient,692,55.0
38,Nutrient,692,230.0
38,Nutrient,692,94.0
38,Nutrient,692,393.0
38,Nutrient,692,82.0
38,Nutrient,692,342.0
38,Nutrient,692,41.0
38,Nutrient,692,57.0
38,Nutrient,692,60.0
38,Nutrient,692,251.0
38,Nutrient,692,61.0
38,Nutrient,692,254.0
38,Nutrient,692,56.0
38,Nutrient,692,232.0
38,Nutrient,692,40.0
38,Nutrient,692,166.0
38,Nutrient,692,89.0
38,Nutrient,692,371.0
38,Nutrient,692,41.0
38,Nutrient,692,173.0
38,Nutrient,692,37.0
38,Nutrient,692,156.0
38,Nutrient,692,51.0
38,Nutrient,692,212.0
38,Nutrient,692,25.0
38,Nutrient,692,106.0
38,Nutrient,692,76.0
38,Nutrient,692,319.0
38,Nutrient,692,119.0
38,Nutrient,692,496.0
38,Nutrient,692,25.0
38,Nutrient,692,106.0
38,Nutrient,692,76.0
38,Nutrient,692,319.0
38,Nutrient,692,34.0
38,Nutrient,692,142.0
38,Nutrient,692,33.0
38,Nutrient,692,139.0
38,Nutrient,692,42.0
38,Nutrient,692,177.0
38,Nutrient,692,67.0
38,Nutrient,692,279.0
38,Nutrient,692,42.0
38,Nutrient,692,177.0
38,Nutrient,692,34.0
38,Nutrient,692,142.0
38,Nutrient,692,34.0
38,Nutrient,692,142.0
38,Nutrient,692,42.0
38,Nutrient,692,177.0
38,Nutrient,692,34.0
38,Nutrient,692,142.0
38,Nutrient,692,42.0
38,Nutrient,692,177.0
38,Nutrient,692,42.0
38,Nutrient,692,174.0
38,Nutrient,692,73.0
38,Nutrient,692,304.0
38,Nutrient,692,73.0
38,Nutrient,692,304.0
38,Nutrient,692,97.0
38,Nutrient,692,405.0
38,Nutrient,692,65.0
38,Nutrient,692,270.0
38,Nutrient,692,81.0
38,Nutrient,692,337.0
38,Nutrient,692,56.0
38,Nutrient,692,236.0
38,Nutrient,692,81.0
38,Nutrient,692,337.0
38,Nutrient,692,73.0
38,Nutrient,692,304.0
38,Nutrient,692,81.0
38,Nutrient,692,337.0
38,Nutrient,692,97.0
38,Nutrient,692,405.0
38,Nutrient,692,89.0
38,Nutrient,692,371.0
38,Nutrient,692,63.0
38,Nutrient,692,266.0
38,Nutrient,692,56.0
38,Nutrient,692,232.0
38,Nutrient,692,63.0
38,Nutrient,692,266.0
38,Nutrient,692,87.0
38,Nutrient,692,365.0
38,Nutrient,692,87.0
38,Nutrient,692,365.0
38,Nutrient,692,97.0
38,Nutrient,692,405.0
38,Nutrient,692,36.0
38,Nutrient,692,149.0
38,Nutrient,692,65.0
38,Nutrient,692,270.0
38,Nutrient,692,63.0
38,Nutrient,692,266.0
38,Nutrient,692,79.0
38,Nutrient,692,331.0
38,Nutrient,692,55.0
38,Nutrient,692,231.0
38,Nutrient,692,71.0
38,Nutrient,692,299.0
38,Nutrient,692,141.0
38,Nutrient,692,588.0
38,Nutrient,692,71.0
38,Nutrient,692,299.0
38,Nutrient,692,56.0
38,Nutrient,692,232.0
38,Nutrient,692,48.0
38,Nutrient,692,199.0
38,Nutrient,692,71.0
38,Nutrient,692,299.0
38,Nutrient,692,71.0
38,Nutrient,692,299.0
38,Nutrient,692,71.0
38,Nutrient,692,299.0
38,Nutrient,692,63.0
38,Nutrient,692,266.0
38,Nutrient,692,71.0
38,Nutrient,692,299.0
38,Nutrient,692,48.0
38,Nutrient,692,89.0
38,Nutrient,692,371.0
38,Nutrient,692,71.0
38,Nutrient,692,299.0
38,Nutrient,692,79.0
38,Nutrient,692,332.0
38,Nutrient,692,71.0
38,Nutrient,692,299.0
38,Nutrient,692,71.0
38,Nutrient,692,296.0
38,Nutrient,692,103.0
38,Nutrient,692,432.0
38,Nutrient,692,141.0
38,Nutrient,692,588.0
38,Nutrient,692,87.0
38,Nutrient,692,365.0
38,Nutrient,692,78.0
38,Nutrient,692,82.0
38,Nutrient,692,84.0
38,Nutrient,692,352.0
38,Nutrient,692,68.0
38,Nutrient,692,286.0
38,Nutrient,692,44.0
38,Nutrient,692,186.0
38,Nutrient,692,53.0
38,Nutrient,692,57.0
38,Nutrient,692,74.0
38,Nutrient,692,308.0
38,Nutrient,692,86.0
38,Nutrient,692,82.0
38,Nutrient,692,78.0
38,Nutrient,692,324.0
38,Nutrient,692,47.0
38,Nutrient,692,196.0
38,Nutrient,692,53.0
38,Nutrient,692,95.0
38,Nutrient,692,396.0
38,Nutrient,692,57.0
38,Nutrient,692,237.0
38,Nutrient,692,41.0
38,Nutrient,692,171.0
38,Nutrient,692,35.0
38,Nutrient,692,146.0
38,Nutrient,692,46.0
38,Nutrient,692,191.0
38,Nutrient,692,53.0
38,Nutrient,692,63.0
38,Nutrient,692,264.0
38,Nutrient,692,49.0
38,Nutrient,692,205.0
38,Nutrient,692,75.0
38,Nutrient,692,314.0
38,Nutrient,692,49.0
38,Nutrient,692,34.0
38,Nutrient,692,140.0
38,Nutrient,692,37.0
38,Nutrient,692,155.0
38,Nutrient,692,63.0
38,Nutrient,692,264.0
38,Nutrient,692,40.0
38,Nutrient,692,167.0
38,Nutrient,692,16.0
38,Nutrient,692,67.0
38,Nutrient,692,74.0
38,Nutrient,692,311.0
38,Nutrient,692,65.0
38,Nutrient,692,48.0
38,Nutrient,692,201.0
38,Nutrient,692,23.0
38,Nutrient,692,96.0
38,Nutrient,692,45.0
38,Nutrient,692,25.0
38,Nutrient,692,106.0
38,Nutrient,692,51.0
38,Nutrient,692,215.0
38,Nutrient,692,46.0
38,Nutrient,692,194.0
38,Nutrient,692,24.0
38,Nutrient,692,102.0
38,Nutrient,692,55.0
38,Nutrient,692,230.0
38,Nutrient,692,31.0
38,Nutrient,692,130.0
38,Nutrient,692,57.0
38,Nutrient,692,239.0
38,Nutrient,692,62.0
38,Nutrient,692,261.0
38,Nutrient,692,30.0
38,Nutrient,692,126.0
38,Nutrient,692,52.0
38,Nutrient,692,218.0
38,Nutrient,692,35.0
38,Nutrient,692,148.0
38,Nutrient,692,81.0
38,Nutrient,692,337.0
38,Nutrient,692,12.0
38,Nutrient,692,50.0
38,Nutrient,692,78.0
38,Nutrient,692,326.0
38,Nutrient,692,49.0
38,Nutrient,692,204.0
38,Nutrient,692,48.0
38,Nutrient,692,201.0
38,Nutrient,692,50.0
38,Nutrient,692,210.0
38,Nutrient,692,95.0
38,Nutrient,692,396.0
38,Nutrient,692,57.0
38,Nutrient,692,45.0
38,Nutrient,692,34.0
38,Nutrient,692,142.0
38,Nutrient,692,49.0
38,Nutrient,692,30.0
38,Nutrient,692,126.0
38,Nutrient,692,42.0
38,Nutrient,692,174.0
38,Nutrient,692,35.0
38,Nutrient,692,146.0
38,Nutrient,692,23.0
38,Nutrient,692,95.0
38,Nutrient,692,44.0
38,Nutrient,692,184.0
38,Nutrient,692,44.0
38,Nutrient,692,186.0
38,Nutrient,692,24.0
38,Nutrient,692,100.0
38,Nutrient,692,61.0
38,Nutrient,692,256.0
38,Nutrient,692,75.0
38,Nutrient,692,314.0
38,Nutrient,692,41.0
38,Nutrient,692,173.0
38,Nutrient,692,30.0
38,Nutrient,692,126.0
38,Nutrient,692,81.0
38,Nutrient,692,340.0
38,Nutrient,692,33.0
38,Nutrient,692,137.0
38,Nutrient,692,36.0
38,Nutrient,692,150.0
38,Nutrient,692,48.0
38,Nutrient,692,201.0
38,Nutrient,692,84.0
38,Nutrient,692,352.0
38,Nutrient,692,78.0
38,Nutrient,692,40.0
38,Nutrient,692,167.0
38,Nutrient,692,56.0
38,Nutrient,692,234.0
38,Nutrient,692,49.0
38,Nutrient,692,47.0
38,Nutrient,692,195.0
38,Nutrient,692,78.0
38,Nutrient,692,325.0
38,Nutrient,692,28.0
38,Nutrient,692,117.0
38,Nutrient,692,30.0
38,Nutrient,692,126.0
38,Nutrient,692,28.0
38,Nutrient,692,119.0
38,Nutrient,692,10.0
38,Nutrient,692,42.0
38,Nutrient,692,31.0
38,Nutrient,692,132.0
38,Nutrient,692,33.0
38,Nutrient,692,138.0
38,Nutrient,692,40.0
38,Nutrient,692,167.0
38,Nutrient,692,3.0
38,Nutrient,692,11.0
38,Nutrient,692,3.0
38,Nutrient,692,11.0
38,Nutrient,692,4.0
38,Nutrient,692,19.0
38,Nutrient,692,5.0
38,Nutrient,692,21.0
38,Nutrient,692,52.0
38,Nutrient,692,219.0
38,Nutrient,692,41.0
38,Nutrient,692,172.0
38,Nutrient,692,24.0
38,Nutrient,692,100.0
38,Nutrient,692,54.0
38,Nutrient,692,225.0
38,Nutrient,692,7.0
38,Nutrient,692,31.0
38,Nutrient,692,33.0
38,Nutrient,692,138.0
38,Nutrient,692,12.0
38,Nutrient,692,52.0
38,Nutrient,692,28.0
38,Nutrient,692,116.0
38,Nutrient,692,30.0
38,Nutrient,692,126.0
38,Nutrient,692,38.0
38,Nutrient,692,158.0
38,Nutrient,692,22.0
38,Nutrient,692,94.0
38,Nutrient,692,21.0
38,Nutrient,692,89.0
38,Nutrient,692,30.0
38,Nutrient,692,125.0
38,Nutrient,692,64.0
38,Nutrient,692,268.0
38,Nutrient,692,44.0
38,Nutrient,692,184.0
38,Nutrient,692,34.0
38,Nutrient,692,144.0
38,Nutrient,692,49.0
38,Nutrient,692,205.0
38,Nutrient,692,42.0
38,Nutrient,692,178.0
38,Nutrient,692,37.0
38,Nutrient,692,154.0
38,Nutrient,692,45.0
38,Nutrient,692,49.0
38,Nutrient,692,53.0
38,Nutrient,692,222.0
38,Nutrient,692,53.0
38,Nutrient,692,222.0
38,Nutrient,692,52.0
38,Nutrient,692,216.0
38,Nutrient,692,39.0
38,Nutrient,692,165.0
38,Nutrient,692,45.0
38,Nutrient,692,23.0
38,Nutrient,692,96.0
38,Nutrient,692,45.0
38,Nutrient,692,54.0
38,Nutrient,692,227.0
38,Nutrient,692,46.0
38,Nutrient,692,193.0
38,Nutrient,692,49.0
38,Nutrient,692,90.0
38,Nutrient,692,57.0
38,Nutrient,692,65.0
38,Nutrient,692,53.0
38,Nutrient,692,49.0
38,Nutrient,692,45.0
38,Nutrient,692,41.0
38,Nutrient,692,70.0
38,Nutrient,692,293.0
38,Nutrient,692,61.0
38,Nutrient,692,30.0
38,Nutrient,692,126.0
38,Nutrient,692,45.0
38,Nutrient,692,54.0
38,Nutrient,692,226.0
38,Nutrient,692,37.0
38,Nutrient,692,69.0
38,Nutrient,692,43.0
38,Nutrient,692,179.0
38,Nutrient,692,61.0
38,Nutrient,692,50.0
38,Nutrient,692,209.0
38,Nutrient,692,30.0
38,Nutrient,692,124.0
38,Nutrient,692,41.0
38,Nutrient,692,172.0
38,Nutrient,692,33.0
38,Nutrient,692,436.0
38,Nutrient,692,1825.0
38,Nutrient,692,87.0
38,Nutrient,692,364.0
38,Nutrient,692,33.0
38,Nutrient,692,139.0
38,Nutrient,692,21.0
38,Nutrient,692,90.0
38,Nutrient,692,26.0
38,Nutrient,692,107.0
38,Nutrient,692,47.0
38,Nutrient,692,196.0
38,Nutrient,692,43.0
38,Nutrient,692,178.0
38,Nutrient,692,62.0
38,Nutrient,692,258.0
38,Nutrient,692,24.0
38,Nutrient,692,102.0
38,Nutrient,692,40.0
38,Nutrient,692,167.0
38,Nutrient,692,20.0
38,Nutrient,692,84.0
38,Nutrient,692,51.0
38,Nutrient,692,213.0
38,Nutrient,692,25.0
38,Nutrient,692,105.0
38,Nutrient,692,25.0
38,Nutrient,692,105.0
38,Nutrient,692,40.0
38,Nutrient,692,167.0
38,Nutrient,692,25.0
38,Nutrient,692,105.0
38,Nutrient,692,38.0
38,Nutrient,692,157.0
38,Nutrient,692,25.0
38,Nutrient,692,105.0
38,Nutrient,692,25.0
38,Nutrient,692,105.0
38,Nutrient,692,50.0
38,Nutrient,692,209.0
38,Nutrient,692,25.0
38,Nutrient,692,105.0
38,Nutrient,692,5.0
38,Nutrient,692,21.0
38,Nutrient,692,5.0
38,Nutrient,692,21.0
38,Nutrient,692,45.0
38,Nutrient,692,189.0
38,Nutrient,692,99.0
38,Nutrient,692,414.0
38,Nutrient,692,80.0
38,Nutrient,692,335.0
38,Nutrient,692,80.0
38,Nutrient,692,335.0
38,Nutrient,692,77.0
38,Nutrient,692,322.0
38,Nutrient,692,76.0
38,Nutrient,692,318.0
38,Nutrient,692,117.0
38,Nutrient,692,490.0
38,Nutrient,692,61.0
38,Nutrient,692,255.0
38,Nutrient,692,50.0
38,Nutrient,692,209.0
38,Nutrient,692,99.0
38,Nutrient,692,414.0
38,Nutrient,692,140.0
38,Nutrient,692,586.0
38,Nutrient,692,53.0
38,Nutrient,692,222.0
38,Nutrient,692,40.0
38,Nutrient,692,167.0
38,Nutrient,692,44.0
38,Nutrient,692,184.0
38,Nutrient,692,47.0
38,Nutrient,692,195.0
38,Nutrient,692,54.0
38,Nutrient,692,58.0
38,Nutrient,692,243.0
38,Nutrient,692,65.0
38,Nutrient,692,273.0
38,Nutrient,692,30.0
38,Nutrient,692,124.0
38,Nutrient,692,62.0
38,Nutrient,692,260.0
38,Nutrient,692,25.0
38,Nutrient,692,106.0
38,Nutrient,692,33.0
38,Nutrient,692,137.0
38,Nutrient,692,53.0
38,Nutrient,692,222.0
38,Nutrient,692,343.0
38,Nutrient,692,1435.0
38,Nutrient,692,16.0
38,Nutrient,692,67.0
38,Nutrient,692,69.0
38,Nutrient,692,289.0
38,Nutrient,692,69.0
38,Nutrient,692,289.0
38,Nutrient,692,98.0
38,Nutrient,692,410.0
38,Nutrient,692,438.0
38,Nutrient,692,1832.0
38,Nutrient,692,436.0
38,Nutrient,692,1823.0
38,Nutrient,692,437.0
38,Nutrient,692,1828.0
38,Nutrient,692,4.0
38,Nutrient,692,18.0
38,Nutrient,692,48.0
38,Nutrient,692,199.0
38,Nutrient,692,56.0
38,Nutrient,692,236.0
38,Nutrient,692,56.0
38,Nutrient,692,236.0
38,Nutrient,692,48.0
38,Nutrient,692,199.0
38,Nutrient,692,63.0
38,Nutrient,692,266.0
38,Nutrient,692,73.0
38,Nutrient,692,304.0
38,Nutrient,692,79.0
38,Nutrient,692,332.0
38,Nutrient,692,54.0
38,Nutrient,692,72.0
38,Nutrient,692,301.0
38,Nutrient,692,8.0
38,Nutrient,692,35.0
38,Nutrient,692,42.0
38,Nutrient,692,177.0
38,Nutrient,692,42.0
38,Nutrient,692,177.0
38,Nutrient,692,68.0
38,Nutrient,692,284.0
38,Nutrient,692,37.0
38,Nutrient,692,154.0
38,Nutrient,692,37.0
38,Nutrient,692,154.0
38,Nutrient,692,41.0
38,Nutrient,692,170.0
38,Nutrient,692,4.0
38,Nutrient,692,17.0
38,Nutrient,692,4.0
38,Nutrient,692,18.0
38,Nutrient,692,4.0
38,Nutrient,692,18.0
38,Nutrient,692,4.0
38,Nutrient,692,18.0
38,Nutrient,692,29.0
38,Nutrient,692,121.0
38,Nutrient,692,33.0
38,Nutrient,692,138.0
38,Nutrient,692,33.0
38,Nutrient,692,138.0
38,Nutrient,692,33.0
38,Nutrient,692,138.0
38,Nutrient,692,29.0
38,Nutrient,692,121.0
38,Nutrient,692,33.0
38,Nutrient,692,138.0
38,Nutrient,692,29.0
38,Nutrient,692,121.0
38,Nutrient,692,29.0
38,Nutrient,692,121.0
38,Nutrient,692,29.0
38,Nutrient,692,121.0
38,Nutrient,692,49.0
38,Nutrient,692,204.0
38,Nutrient,692,49.0
38,Nutrient,692,204.0
38,Nutrient,692,49.0
38,Nutrient,692,204.0
38,Nutrient,692,45.0
38,Nutrient,692,188.0
38,Nutrient,692,339.0
38,Nutrient,692,1418.0
38,Nutrient,692,130.0
38,Nutrient,692,544.0
38,Nutrient,692,91.0
38,Nutrient,692,381.0
38,Nutrient,692,123.0
38,Nutrient,692,515.0
38,Nutrient,692,108.0
38,Nutrient,692,451.0
38,Nutrient,692,67.0
38,Nutrient,692,279.0
38,Nutrient,692,60.0
38,Nutrient,692,251.0
38,Nutrient,692,63.0
38,Nutrient,692,265.0
38,Nutrient,692,130.0
38,Nutrient,692,544.0
38,Nutrient,692,99.0
38,Nutrient,692,414.0
38,Nutrient,692,80.0
38,Nutrient,692,335.0
38,Nutrient,692,67.0
38,Nutrient,692,282.0
38,Nutrient,692,67.0
38,Nutrient,692,282.0
38,Nutrient,692,69.0
38,Nutrient,692,289.0
38,Nutrient,692,67.0
38,Nutrient,692,282.0
38,Nutrient,692,106.0
38,Nutrient,692,445.0
38,Nutrient,692,95.0
38,Nutrient,692,398.0
38,Nutrient,692,87.0
38,Nutrient,692,365.0
38,Nutrient,692,95.0
38,Nutrient,692,398.0
38,Nutrient,692,198.0
38,Nutrient,692,827.0
38,Nutrient,692,147.0
38,Nutrient,692,616.0
38,Nutrient,692,220.0
38,Nutrient,692,918.0
38,Nutrient,692,197.0
38,Nutrient,692,823.0
38,Nutrient,692,210.0
38,Nutrient,692,877.0
38,Nutrient,692,181.0
38,Nutrient,692,757.0
38,Nutrient,692,189.0
38,Nutrient,692,790.0
38,Nutrient,692,190.0
38,Nutrient,692,795.0
38,Nutrient,692,71.0
38,Nutrient,692,298.0
38,Nutrient,692,93.0
38,Nutrient,692,390.0
38,Nutrient,692,70.0
38,Nutrient,692,295.0
38,Nutrient,692,87.0
38,Nutrient,692,366.0
38,Nutrient,692,27.0
38,Nutrient,692,114.0
38,Nutrient,692,39.0
38,Nutrient,692,162.0
38,Nutrient,692,32.0
38,Nutrient,692,133.0
38,Nutrient,692,102.0
38,Nutrient,692,427.0
38,Nutrient,692,57.0
38,Nutrient,692,238.0
38,Nutrient,692,49.0
38,Nutrient,692,53.0
38,Nutrient,692,222.0
38,Nutrient,692,53.0
38,Nutrient,692,86.0
38,Nutrient,692,82.0
38,Nutrient,692,343.0
38,Nutrient,692,71.0
38,Nutrient,692,297.0
38,Nutrient,692,71.0
38,Nutrient,692,297.0
38,Nutrient,692,63.0
38,Nutrient,692,266.0
38,Nutrient,692,63.0
38,Nutrient,692,266.0
38,Nutrient,692,49.0
38,Nutrient,692,205.0
38,Nutrient,692,53.0
38,Nutrient,692,222.0
38,Nutrient,692,41.0
38,Nutrient,692,53.0
38,Nutrient,692,44.0
38,Nutrient,692,182.0
38,Nutrient,692,26.0
38,Nutrient,692,109.0
38,Nutrient,692,39.0
38,Nutrient,692,163.0
38,Nutrient,692,82.0
38,Nutrient,692,343.0
38,Nutrient,692,37.0
38,Nutrient,692,155.0
38,Nutrient,692,61.0
38,Nutrient,692,255.0
38,Nutrient,692,31.0
38,Nutrient,692,130.0
38,Nutrient,692,47.0
38,Nutrient,692,197.0
38,Nutrient,692,47.0
38,Nutrient,692,197.0
38,Nutrient,692,47.0
38,Nutrient,692,197.0
38,Nutrient,692,111.0
38,Nutrient,692,465.0
38,Nutrient,692,54.0
38,Nutrient,692,48.0
38,Nutrient,692,202.0
38,Nutrient,692,350.0
38,Nutrient,692,1464.0
38,Nutrient,692,79.0
38,Nutrient,692,331.0
38,Nutrient,692,70.0
38,Nutrient,692,293.0
38,Nutrient,692,41.0
38,Nutrient,692,170.0
38,Nutrient,692,42.0
38,Nutrient,692,174.0
38,Nutrient,692,21.0
38,Nutrient,692,86.0
38,Nutrient,692,21.0
38,Nutrient,692,86.0
38,Nutrient,692,20.0
38,Nutrient,692,83.0
38,Nutrient,692,21.0
38,Nutrient,692,86.0
38,Nutrient,692,21.0
38,Nutrient,692,86.0
38,Nutrient,692,21.0
38,Nutrient,692,86.0
38,Nutrient,692,21.0
38,Nutrient,692,86.0
38,Nutrient,692,21.0
38,Nutrient,692,86.0
38,Nutrient,692,21.0
38,Nutrient,692,86.0
38,Nutrient,692,13.0
38,Nutrient,692,56.0
38,Nutrient,692,27.0
38,Nutrient,692,112.0
38,Nutrient,692,14.0
38,Nutrient,692,60.0
38,Nutrient,692,21.0
38,Nutrient,692,86.0
38,Nutrient,692,25.0
38,Nutrient,692,104.0
38,Nutrient,692,72.0
38,Nutrient,692,300.0
38,Nutrient,692,103.0
38,Nutrient,692,430.0
38,Nutrient,692,74.0
38,Nutrient,692,309.0
38,Nutrient,693,38.0
38,Nutrient,693,159.0
38,Nutrient,693,53.0
38,Nutrient,693,222.0
38,Nutrient,693,48.0
38,Nutrient,693,201.0
38,Nutrient,693,51.0
38,Nutrient,693,213.0
38,Nutrient,693,70.0
38,Nutrient,693,293.0
38,Nutrient,693,45.0
38,Nutrient,693,188.0
38,Nutrient,693,36.0
38,Nutrient,693,151.0
38,Nutrient,693,49.0
38,Nutrient,693,204.0
38,Nutrient,693,64.0
38,Nutrient,693,268.0
38,Nutrient,693,65.0
38,Nutrient,693,273.0
38,Nutrient,693,38.0
38,Nutrient,693,159.0
38,Nutrient,693,48.0
38,Nutrient,693,201.0
38,Nutrient,693,45.0
38,Nutrient,693,188.0
38,Nutrient,693,60.0
38,Nutrient,693,252.0
38,Nutrient,693,37.0
38,Nutrient,693,153.0
38,Nutrient,694,873.0
38,Nutrient,694,1106.0
38,Nutrient,694,2341.0
38,Nutrient,694,307.0
38,Nutrient,694,1284.0
38,Nutrient,694,342.0
38,Nutrient,694,1431.0
38,Nutrient,694,237.0
38,Nutrient,694,992.0
38,Nutrient,694,56.0
38,Nutrient,694,234.0
38,Nutrient,694,379.0
38,Nutrient,694,1587.0
38,Nutrient,694,377.0
38,Nutrient,694,1577.0
38,Nutrient,694,81.0
38,Nutrient,694,338.0
38,Nutrient,694,104.0
38,Nutrient,694,436.0
38,Nutrient,694,258.0
38,Nutrient,694,1082.0
38,Nutrient,694,42.0
38,Nutrient,694,175.0
38,Nutrient,694,47.0
38,Nutrient,694,197.0
38,Nutrient,695,1309.0
38,Nutrient,695,279.0
38,Nutrient,695,1167.0
38,Nutrient,695,90.0
38,Nutrient,695,377.0
38,Nutrient,695,296.0
38,Nutrient,695,1238.0
38,Nutrient,695,165.0
38,Nutrient,695,690.0
38,Nutrient,695,234.0
38,Nutrient,695,977.0
38,Nutrient,695,153.0
38,Nutrient,695,638.0
38,Nutrient,695,350.0
38,Nutrient,695,1465.0
38,Nutrient,695,286.0
38,Nutrient,695,1195.0
38,Nutrient,695,283.0
38,Nutrient,695,1182.0
38,Nutrient,695,281.0
38,Nutrient,695,1176.0
38,Nutrient,695,318.0
38,Nutrient,695,1331.0
38,Nutrient,695,260.0
38,Nutrient,695,1088.0
38,Nutrient,695,290.0
38,Nutrient,695,1213.0
38,Nutrient,695,265.0
38,Nutrient,695,1109.0
38,Nutrient,695,278.0
38,Nutrient,695,1165.0
38,Nutrient,695,319.0
38,Nutrient,695,1335.0
38,Nutrient,695,265.0
38,Nutrient,695,1109.0
38,Nutrient,695,313.0
38,Nutrient,695,1310.0
38,Nutrient,695,268.0
38,Nutrient,695,1120.0
38,Nutrient,695,40.0
38,Nutrient,695,167.0
38,Nutrient,696,3600.0
38,Nutrient,696,902.0
38,Nutrient,696,3774.0
38,Nutrient,696,902.0
38,Nutrient,696,3774.0
38,Nutrient,697,1643.0
38,Nutrient,697,1157.0
38,Nutrient,698,2192.0
38,Nutrient,698,541.0
38,Nutrient,698,2262.0
38,Nutrient,699,1482.0
38,Nutrient,700,1420.0
38,Nutrient,700,325.0
38,Nutrient,700,1360.0
38,Nutrient,701,1576.0
38,Nutrient,701,1589.0
38,Nutrient,701,1658.0
38,Nutrient,701,1754.0
38,Nutrient,701,387.0
38,Nutrient,701,1619.0
38,Nutrient,701,338.0
38,Nutrient,701,1413.0
38,Nutrient,701,375.0
38,Nutrient,701,1569.0
38,Nutrient,701,391.0
38,Nutrient,701,1638.0
38,Nutrient,701,540.0
38,Nutrient,701,2259.0
38,Nutrient,701,382.0
38,Nutrient,701,1598.0
38,Nutrient,701,387.0
38,Nutrient,701,1619.0
38,Nutrient,701,522.0
38,Nutrient,701,2185.0
38,Nutrient,701,480.0
38,Nutrient,701,2008.0
38,Nutrient,701,507.0
38,Nutrient,701,2120.0
38,Nutrient,701,366.0
38,Nutrient,701,1533.0
38,Nutrient,701,570.0
38,Nutrient,701,2384.0
38,Nutrient,701,539.0
38,Nutrient,701,2254.0
38,Nutrient,701,529.0
38,Nutrient,701,2213.0
38,Nutrient,701,539.0
38,Nutrient,701,2254.0
38,Nutrient,701,384.0
38,Nutrient,701,1606.0
38,Nutrient,701,347.0
38,Nutrient,701,1453.0
38,Nutrient,701,373.0
38,Nutrient,701,1560.0
38,Nutrient,701,512.0
38,Nutrient,701,2142.0
38,Nutrient,701,396.0
38,Nutrient,701,1655.0
38,Nutrient,701,394.0
38,Nutrient,701,1648.0
38,Nutrient,701,375.0
38,Nutrient,701,1568.0
38,Nutrient,701,518.0
38,Nutrient,701,2169.0
38,Nutrient,701,350.0
38,Nutrient,701,1464.0
38,Nutrient,701,469.0
38,Nutrient,701,1962.0
38,Nutrient,701,535.0
38,Nutrient,701,2239.0
38,Nutrient,701,519.0
38,Nutrient,701,2172.0
38,Nutrient,701,390.0
38,Nutrient,701,1631.0
38,Nutrient,701,526.0
38,Nutrient,701,2200.0
38,Nutrient,701,511.0
38,Nutrient,701,2136.0
38,Nutrient,701,535.0
38,Nutrient,701,2240.0
38,Nutrient,701,510.0
38,Nutrient,701,2133.0
38,Nutrient,701,515.0
38,Nutrient,701,2156.0
38,Nutrient,701,492.0
38,Nutrient,701,2057.0
38,Nutrient,701,522.0
38,Nutrient,701,2184.0
38,Nutrient,701,486.0
38,Nutrient,701,2033.0
38,Nutrient,701,422.0
38,Nutrient,701,1766.0
38,Nutrient,701,515.0
38,Nutrient,701,2153.0
38,Nutrient,701,497.0
38,Nutrient,701,2080.0
38,Nutrient,701,474.0
38,Nutrient,701,1984.0
38,Nutrient,701,432.0
38,Nutrient,701,1807.0
38,Nutrient,701,516.0
38,Nutrient,701,2161.0
38,Nutrient,701,408.0
38,Nutrient,701,1706.0
38,Nutrient,701,502.0
38,Nutrient,701,2102.0
38,Nutrient,701,436.0
38,Nutrient,701,1825.0
38,Nutrient,701,394.0
38,Nutrient,701,1647.0
38,Nutrient,701,485.0
38,Nutrient,701,2028.0
38,Nutrient,701,550.0
38,Nutrient,701,2300.0
38,Nutrient,701,521.0
38,Nutrient,701,2181.0
38,Nutrient,701,530.0
38,Nutrient,701,2217.0
38,Nutrient,701,563.0
38,Nutrient,701,2356.0
38,Nutrient,701,521.0
38,Nutrient,701,2181.0
38,Nutrient,701,520.0
38,Nutrient,701,2175.0
38,Nutrient,701,474.0
38,Nutrient,701,1985.0
38,Nutrient,701,546.0
38,Nutrient,701,2282.0
38,Nutrient,701,520.0
38,Nutrient,701,2176.0
38,Nutrient,701,540.0
38,Nutrient,701,2259.0
38,Nutrient,701,549.0
38,Nutrient,701,2298.0
38,Nutrient,701,475.0
38,Nutrient,701,1987.0
38,Nutrient,701,480.0
38,Nutrient,701,2007.0
38,Nutrient,701,463.0
38,Nutrient,701,1935.0
38,Nutrient,701,443.0
38,Nutrient,701,1852.0
38,Nutrient,701,408.0
38,Nutrient,701,1707.0
38,Nutrient,701,409.0
38,Nutrient,701,1710.0
38,Nutrient,701,400.0
38,Nutrient,701,1674.0
38,Nutrient,701,402.0
38,Nutrient,701,1682.0
38,Nutrient,701,405.0
38,Nutrient,701,1693.0
38,Nutrient,701,401.0
38,Nutrient,701,1677.0
38,Nutrient,701,405.0
38,Nutrient,701,1695.0
38,Nutrient,701,397.0
38,Nutrient,701,1660.0
38,Nutrient,701,560.0
38,Nutrient,701,2342.0
38,Nutrient,701,364.0
38,Nutrient,701,1523.0
38,Nutrient,701,477.0
38,Nutrient,701,1996.0
38,Nutrient,701,474.0
38,Nutrient,701,1985.0
38,Nutrient,701,390.0
38,Nutrient,701,1633.0
38,Nutrient,701,573.0
38,Nutrient,701,2395.0
38,Nutrient,701,550.0
38,Nutrient,701,2301.0
38,Nutrient,701,542.0
38,Nutrient,701,2269.0
38,Nutrient,701,529.0
38,Nutrient,701,2214.0
38,Nutrient,701,522.0
38,Nutrient,701,2184.0
38,Nutrient,701,470.0
38,Nutrient,701,1965.0
38,Nutrient,701,162.0
38,Nutrient,701,678.0
38,Nutrient,701,394.0
38,Nutrient,701,1650.0
38,Nutrient,701,593.0
38,Nutrient,701,2480.0
38,Nutrient,702,1791.0
38,Nutrient,703,3663.0
38,Nutrient,703,3663.0
38,Nutrient,703,902.0
38,Nutrient,703,3774.0
38,Nutrient,704,3693.0
38,Nutrient,704,2749.0
38,Nutrient,704,900.0
38,Nutrient,704,3766.0
38,Nutrient,704,882.0
38,Nutrient,704,3691.0
38,Nutrient,704,900.0
38,Nutrient,704,3767.0
38,Nutrient,704,900.0
38,Nutrient,704,3767.0
38,Nutrient,704,897.0
38,Nutrient,704,3753.0
38,Nutrient,706,3700.0
38,Nutrient,706,884.0
38,Nutrient,706,3699.0
38,Nutrient,707,1558.0
38,Nutrient,707,1663.0
38,Nutrient,707,1686.0
38,Nutrient,707,398.0
38,Nutrient,707,1664.0
38,Nutrient,707,400.0
38,Nutrient,707,1674.0
38,Nutrient,707,377.0
38,Nutrient,707,1576.0
38,Nutrient,707,400.0
38,Nutrient,707,1674.0
38,Nutrient,707,329.0
38,Nutrient,707,1377.0
38,Nutrient,707,359.0
38,Nutrient,707,1504.0
38,Nutrient,707,228.0
38,Nutrient,707,952.0
38,Nutrient,707,220.0
38,Nutrient,707,922.0
38,Nutrient,707,400.0
38,Nutrient,707,1674.0
38,Nutrient,707,486.0
38,Nutrient,707,2034.0
38,Nutrient,707,479.0
38,Nutrient,707,2006.0
38,Nutrient,707,357.0
38,Nutrient,707,1494.0
38,Nutrient,707,358.0
38,Nutrient,707,1498.0
38,Nutrient,709,2242.0
38,Nutrient,709,1945.0
38,Nutrient,709,2271.0
38,Nutrient,709,2397.0
38,Nutrient,709,2344.0
38,Nutrient,709,472.0
38,Nutrient,709,1975.0
38,Nutrient,709,501.0
38,Nutrient,709,2097.0
38,Nutrient,709,426.0
38,Nutrient,709,1782.0
38,Nutrient,709,517.0
38,Nutrient,709,2163.0
38,Nutrient,709,502.0
38,Nutrient,709,2102.0
38,Nutrient,709,546.0
38,Nutrient,709,2283.0
38,Nutrient,709,579.0
38,Nutrient,709,2422.0
38,Nutrient,709,598.0
38,Nutrient,709,2504.0
38,Nutrient,710,252.0
38,Nutrient,710,252.0
38,Nutrient,710,295.0
38,Nutrient,710,293.0
38,Nutrient,710,83.0
38,Nutrient,710,349.0
38,Nutrient,710,76.0
38,Nutrient,710,320.0
38,Nutrient,710,63.0
38,Nutrient,710,264.0
38,Nutrient,710,77.0
38,Nutrient,710,324.0
38,Nutrient,710,78.0
38,Nutrient,710,325.0
38,Nutrient,710,55.0
38,Nutrient,710,229.0
38,Nutrient,710,29.0
38,Nutrient,710,123.0
38,Nutrient,710,29.0
38,Nutrient,710,121.0
38,Nutrient,711,1529.0
38,Nutrient,711,2095.0
38,Nutrient,711,496.0
38,Nutrient,711,2075.0
38,Nutrient,711,362.0
38,Nutrient,711,1516.0
38,Nutrient,711,358.0
38,Nutrient,711,1499.0
38,Nutrient,711,354.0
38,Nutrient,711,1480.0
38,Nutrient,711,362.0
38,Nutrient,711,1516.0
38,Nutrient,711,358.0
38,Nutrient,711,1498.0
38,Nutrient,711,496.0
38,Nutrient,711,2075.0
38,Nutrient,712,289.0
38,Nutrient,712,69.0
38,Nutrient,712,288.0
38,Nutrient,712,97.0
38,Nutrient,712,404.0
38,Nutrient,712,108.0
38,Nutrient,712,451.0
38,Nutrient,713,269.0
38,Nutrient,714,217.0
38,Nutrient,714,153.0
38,Nutrient,714,40.0
38,Nutrient,714,169.0
38,Nutrient,714,387.0
38,Nutrient,714,1619.0
38,Nutrient,714,62.0
38,Nutrient,714,260.0
38,Nutrient,714,56.0
38,Nutrient,714,233.0
38,Nutrient,715,272.0
38,Nutrient,715,269.0
38,Nutrient,716,239.0
38,Nutrient,716,53.0
38,Nutrient,716,221.0
38,Nutrient,716,60.0
38,Nutrient,716,251.0
38,Nutrient,716,40.0
38,Nutrient,716,168.0
38,Nutrient,716,53.0
38,Nutrient,716,222.0
38,Nutrient,717,700.0
38,Nutrient,717,199.0
38,Nutrient,717,831.0
38,Nutrient,718,320.0
38,Nutrient,718,70.0
38,Nutrient,718,294.0
38,Nutrient,718,61.0
38,Nutrient,718,255.0
38,Nutrient,718,480.0
38,Nutrient,718,2008.0
38,Nutrient,718,271.0
38,Nutrient,718,1135.0
38,Nutrient,718,116.0
38,Nutrient,718,485.0
38,Nutrient,718,91.0
38,Nutrient,718,382.0
38,Nutrient,718,146.0
38,Nutrient,718,611.0
38,Nutrient,718,55.0
38,Nutrient,718,231.0
38,Nutrient,718,62.0
38,Nutrient,718,259.0
38,Nutrient,718,55.0
38,Nutrient,718,230.0
38,Nutrient,718,37.0
38,Nutrient,718,155.0
38,Nutrient,718,38.0
38,Nutrient,718,159.0
38,Nutrient,718,54.0
38,Nutrient,718,225.0
38,Nutrient,718,118.0
38,Nutrient,718,492.0
38,Nutrient,718,98.0
38,Nutrient,718,412.0
38,Nutrient,718,84.0
38,Nutrient,718,353.0
38,Nutrient,718,47.0
38,Nutrient,718,198.0
38,Nutrient,718,41.0
38,Nutrient,718,172.0
38,Nutrient,718,92.0
38,Nutrient,718,385.0
38,Nutrient,718,74.0
38,Nutrient,718,310.0
38,Nutrient,718,115.0
38,Nutrient,718,480.0
38,Nutrient,718,88.0
38,Nutrient,718,367.0
38,Nutrient,718,80.0
38,Nutrient,718,336.0
38,Nutrient,718,43.0
38,Nutrient,718,181.0
38,Nutrient,718,59.0
38,Nutrient,718,245.0
38,Nutrient,718,85.0
38,Nutrient,718,357.0
38,Nutrient,718,145.0
38,Nutrient,718,607.0
38,Nutrient,718,76.0
38,Nutrient,718,318.0
38,Nutrient,718,472.0
38,Nutrient,718,1976.0
38,Nutrient,718,271.0
38,Nutrient,718,1134.0
38,Nutrient,718,116.0
38,Nutrient,718,486.0
38,Nutrient,721,426.0
38,Nutrient,721,1783.0
38,Nutrient,722,264.0
38,Nutrient,722,1105.0
38,Nutrient,722,143.0
38,Nutrient,722,599.0
38,Nutrient,722,204.0
38,Nutrient,722,854.0
38,Nutrient,722,63.0
38,Nutrient,722,263.0
38,Nutrient,723,96.0
38,Nutrient,723,400.0
38,Nutrient,723,128.0
38,Nutrient,723,538.0
38,Nutrient,724,397.0
38,Nutrient,724,1661.0
38,Nutrient,724,433.0
38,Nutrient,724,1811.0
38,Nutrient,724,415.0
38,Nutrient,724,1737.0
38,Nutrient,724,418.0
38,Nutrient,724,1748.0
38,Nutrient,724,389.0
38,Nutrient,724,1628.0
38,Nutrient,724,408.0
38,Nutrient,724,1708.0
38,Nutrient,724,410.0
38,Nutrient,724,1715.0
38,Nutrient,724,371.0
38,Nutrient,724,1552.0
38,Nutrient,724,244.0
38,Nutrient,724,1021.0
38,Nutrient,724,413.0
38,Nutrient,724,1728.0
38,Nutrient,724,404.0
38,Nutrient,724,1692.0
38,Nutrient,724,341.0
38,Nutrient,724,1427.0
38,Nutrient,724,359.0
38,Nutrient,724,1502.0
38,Nutrient,725,413.0
38,Nutrient,725,1728.0
38,Nutrient,725,409.0
38,Nutrient,725,1712.0
38,Nutrient,725,418.0
38,Nutrient,725,1749.0
38,Nutrient,725,395.0
38,Nutrient,725,1653.0
38,Nutrient,725,370.0
38,Nutrient,725,1548.0
38,Nutrient,725,404.0
38,Nutrient,725,1690.0
38,Nutrient,725,471.0
38,Nutrient,725,1972.0
38,Nutrient,725,495.0
38,Nutrient,725,2071.0
38,Nutrient,725,438.0
38,Nutrient,725,1833.0
38,Nutrient,725,479.0
38,Nutrient,725,2004.0
38,Nutrient,725,443.0
38,Nutrient,725,1854.0
38,Nutrient,725,426.0
38,Nutrient,725,1782.0
38,Nutrient,725,448.0
38,Nutrient,725,1874.0
38,Nutrient,725,397.0
38,Nutrient,725,1662.0
38,Nutrient,725,466.0
38,Nutrient,725,1950.0
38,Nutrient,725,508.0
38,Nutrient,725,2126.0
38,Nutrient,725,432.0
38,Nutrient,725,1807.0
38,Nutrient,725,458.0
38,Nutrient,725,1916.0
38,Nutrient,725,418.0
38,Nutrient,725,1749.0
38,Nutrient,725,427.0
38,Nutrient,725,1787.0
38,Nutrient,725,454.0
38,Nutrient,725,1900.0
38,Nutrient,725,483.0
38,Nutrient,725,2021.0
38,Nutrient,725,342.0
38,Nutrient,725,1431.0
38,Nutrient,725,390.0
38,Nutrient,725,1632.0
38,Nutrient,725,420.0
38,Nutrient,725,1757.0
38,Nutrient,725,376.0
38,Nutrient,725,1573.0
38,Nutrient,725,396.0
38,Nutrient,725,1657.0
38,Nutrient,725,422.0
38,Nutrient,725,1764.0
38,Nutrient,725,343.0
38,Nutrient,725,1435.0
38,Nutrient,725,463.0
38,Nutrient,725,1937.0
38,Nutrient,725,378.0
38,Nutrient,725,1582.0
38,Nutrient,725,415.0
38,Nutrient,725,1735.0
38,Nutrient,725,347.0
38,Nutrient,725,1452.0
38,Nutrient,725,415.0
38,Nutrient,725,1734.0
38,Nutrient,725,386.0
38,Nutrient,725,1615.0
38,Nutrient,725,363.0
38,Nutrient,725,1519.0
38,Nutrient,725,325.0
38,Nutrient,725,1360.0
38,Nutrient,725,386.0
38,Nutrient,725,1615.0
38,Nutrient,725,403.0
38,Nutrient,725,1685.0
38,Nutrient,725,422.0
38,Nutrient,725,1766.0
38,Nutrient,725,390.0
38,Nutrient,725,1630.0
38,Nutrient,725,429.0
38,Nutrient,725,1794.0
38,Nutrient,725,393.0
38,Nutrient,725,1644.0
38,Nutrient,725,412.0
38,Nutrient,725,1725.0
38,Nutrient,725,455.0
38,Nutrient,725,1903.0
38,Nutrient,725,389.0
38,Nutrient,725,1626.0
38,Nutrient,725,446.0
38,Nutrient,725,1867.0
38,Nutrient,725,350.0
38,Nutrient,725,1464.0
38,Nutrient,725,403.0
38,Nutrient,725,1685.0
38,Nutrient,725,408.0
38,Nutrient,725,1708.0
38,Nutrient,725,487.0
38,Nutrient,725,2037.0
38,Nutrient,725,423.0
38,Nutrient,725,1768.0
38,Nutrient,725,415.0
38,Nutrient,725,1721.0
38,Nutrient,725,480.0
38,Nutrient,725,2007.0
38,Nutrient,725,536.0
38,Nutrient,725,2241.0
38,Nutrient,725,531.0
38,Nutrient,725,2223.0
38,Nutrient,725,464.0
38,Nutrient,725,1943.0
38,Nutrient,725,377.0
38,Nutrient,725,1576.0
38,Nutrient,726,89.0
38,Nutrient,726,372.0
38,Nutrient,727,45.0
38,Nutrient,727,190.0
38,Nutrient,727,5.0
38,Nutrient,727,19.0
38,Nutrient,727,46.0
38,Nutrient,727,192.0
38,Nutrient,727,46.0
38,Nutrient,727,192.0
38,Nutrient,727,42.0
38,Nutrient,727,176.0
38,Nutrient,727,2.0
38,Nutrient,727,8.0
38,Nutrient,727,58.0
38,Nutrient,727,243.0
38,Nutrient,727,4.0
38,Nutrient,727,17.0
38,Nutrient,727,49.0
38,Nutrient,727,205.0
38,Nutrient,727,1.0
38,Nutrient,727,4.0
38,Nutrient,728,206.0
38,Nutrient,728,862.0
38,Nutrient,728,205.0
38,Nutrient,728,856.0
38,Nutrient,728,202.0
38,Nutrient,728,845.0
38,Nutrient,728,191.0
38,Nutrient,728,801.0
38,Nutrient,728,163.0
38,Nutrient,728,682.0
38,Nutrient,728,197.0
38,Nutrient,728,824.0
38,Nutrient,728,238.0
38,Nutrient,728,996.0
38,Nutrient,728,212.0
38,Nutrient,728,887.0
38,Nutrient,728,208.0
38,Nutrient,728,870.0
38,Nutrient,728,312.0
38,Nutrient,728,1305.0
38,Nutrient,728,209.0
38,Nutrient,728,873.0
38,Nutrient,728,189.0
38,Nutrient,728,790.0
38,Nutrient,728,179.0
38,Nutrient,728,750.0
38,Nutrient,728,183.0
38,Nutrient,728,767.0
38,Nutrient,728,262.0
38,Nutrient,728,1096.0
38,Nutrient,728,239.0
38,Nutrient,728,999.0
38,Nutrient,728,221.0
38,Nutrient,728,925.0
38,Nutrient,728,298.0
38,Nutrient,728,1247.0
38,Nutrient,729,303.0
38,Nutrient,729,1268.0
38,Nutrient,729,270.0
38,Nutrient,729,1128.0
38,Nutrient,729,254.0
38,Nutrient,729,1061.0
38,Nutrient,729,308.0
38,Nutrient,729,1290.0
38,Nutrient,729,251.0
38,Nutrient,729,1049.0
38,Nutrient,729,305.0
38,Nutrient,729,1278.0
38,Nutrient,729,285.0
38,Nutrient,729,1192.0
38,Nutrient,729,305.0
38,Nutrient,729,1278.0
38,Nutrient,729,282.0
38,Nutrient,729,1180.0
38,Nutrient,729,206.0
38,Nutrient,729,864.0
38,Nutrient,729,286.0
38,Nutrient,729,1196.0
38,Nutrient,729,273.0
38,Nutrient,729,1142.0
38,Nutrient,729,310.0
38,Nutrient,729,1297.0
38,Nutrient,729,295.0
38,Nutrient,729,1234.0
38,Nutrient,729,258.0
38,Nutrient,729,1080.0
38,Nutrient,729,254.0
38,Nutrient,729,1063.0
38,Nutrient,729,295.0
38,Nutrient,729,1234.0
38,Nutrient,729,268.0
38,Nutrient,729,1121.0
38,Nutrient,729,311.0
38,Nutrient,729,1301.0
38,Nutrient,729,235.0
38,Nutrient,729,983.0
38,Nutrient,729,239.0
38,Nutrient,729,1000.0
38,Nutrient,729,267.0
38,Nutrient,729,1117.0
38,Nutrient,729,256.0
38,Nutrient,729,1070.0
38,Nutrient,729,252.0
38,Nutrient,729,1053.0
38,Nutrient,729,263.0
38,Nutrient,729,1100.0
38,Nutrient,729,244.0
38,Nutrient,729,1021.0
38,Nutrient,729,258.0
38,Nutrient,729,1079.0
38,Nutrient,729,257.0
38,Nutrient,729,1076.0
38,Nutrient,729,213.0
38,Nutrient,729,892.0
38,Nutrient,729,221.0
38,Nutrient,729,923.0
38,Nutrient,729,243.0
38,Nutrient,729,1017.0
38,Nutrient,729,256.0
38,Nutrient,729,1070.0
38,Nutrient,729,241.0
38,Nutrient,729,1007.0
38,Nutrient,729,275.0
38,Nutrient,729,1150.0
38,Nutrient,729,286.0
38,Nutrient,729,1198.0
38,Nutrient,729,233.0
38,Nutrient,729,974.0
38,Nutrient,729,250.0
38,Nutrient,729,1044.0
38,Nutrient,729,252.0
38,Nutrient,729,1053.0
38,Nutrient,729,266.0
38,Nutrient,729,1111.0
38,Nutrient,729,265.0
38,Nutrient,729,1109.0
38,Nutrient,729,262.0
38,Nutrient,729,1096.0
38,Nutrient,729,234.0
38,Nutrient,729,978.0
38,Nutrient,729,226.0
38,Nutrient,729,946.0
38,Nutrient,729,192.0
38,Nutrient,729,803.0
38,Nutrient,729,232.0
38,Nutrient,729,972.0
38,Nutrient,729,201.0
38,Nutrient,729,841.0
38,Nutrient,729,252.0
38,Nutrient,729,1053.0
38,Nutrient,729,226.0
38,Nutrient,729,946.0
38,Nutrient,729,256.0
38,Nutrient,729,1070.0
38,Nutrient,729,259.0
38,Nutrient,729,1084.0
38,Nutrient,729,268.0
38,Nutrient,729,1123.0
38,Nutrient,729,272.0
38,Nutrient,729,1136.0
38,Nutrient,729,235.0
38,Nutrient,729,984.0
38,Nutrient,729,269.0
38,Nutrient,729,1127.0
38,Nutrient,729,253.0
38,Nutrient,729,1059.0
38,Nutrient,729,261.0
38,Nutrient,729,1091.0
38,Nutrient,730,155.0
38,Nutrient,730,649.0
38,Nutrient,730,94.0
38,Nutrient,730,393.0
38,Nutrient,730,121.0
38,Nutrient,730,506.0
38,Nutrient,730,142.0
38,Nutrient,730,596.0
38,Nutrient,730,106.0
38,Nutrient,730,443.0
38,Nutrient,730,112.0
38,Nutrient,730,467.0
38,Nutrient,730,94.0
38,Nutrient,730,394.0
38,Nutrient,731,112.0
38,Nutrient,731,469.0
38,Nutrient,731,101.0
38,Nutrient,731,423.0
38,Nutrient,731,107.0
38,Nutrient,731,447.0
38,Nutrient,731,118.0
38,Nutrient,731,495.0
38,Nutrient,731,100.0
38,Nutrient,731,419.0
38,Nutrient,731,97.0
38,Nutrient,731,404.0
38,Nutrient,732,226.0
38,Nutrient,732,946.0
38,Nutrient,732,141.0
38,Nutrient,732,590.0
38,Nutrient,732,111.0
38,Nutrient,732,464.0
38,Nutrient,732,229.0
38,Nutrient,732,959.0
38,Nutrient,732,206.0
38,Nutrient,732,860.0
38,Nutrient,732,189.0
38,Nutrient,732,791.0
38,Nutrient,732,225.0
38,Nutrient,732,941.0
38,Nutrient,732,170.0
38,Nutrient,732,710.0
38,Nutrient,732,206.0
38,Nutrient,732,860.0
38,Nutrient,732,189.0
38,Nutrient,732,791.0
38,Nutrient,733,218.0
38,Nutrient,733,912.0
38,Nutrient,733,301.0
38,Nutrient,733,1259.0
38,Nutrient,733,222.0
38,Nutrient,733,929.0
38,Nutrient,733,325.0
38,Nutrient,733,1360.0
38,Nutrient,733,287.0
38,Nutrient,733,1202.0
38,Nutrient,733,297.0
38,Nutrient,733,1244.0
38,Nutrient,733,237.0
38,Nutrient,733,993.0
38,Nutrient,733,276.0
38,Nutrient,733,1156.0
38,Nutrient,734,306.0
38,Nutrient,734,1280.0
38,Nutrient,734,298.0
38,Nutrient,734,1247.0
38,Nutrient,734,223.0
38,Nutrient,734,933.0
38,Nutrient,734,543.0
38,Nutrient,734,2272.0
38,Nutrient,734,366.0
38,Nutrient,734,1530.0
38,Nutrient,734,246.0
38,Nutrient,734,1028.0
38,Nutrient,735,331.0
38,Nutrient,735,1386.0
38,Nutrient,735,330.0
38,Nutrient,735,1382.0
38,Nutrient,735,323.0
38,Nutrient,735,1352.0
38,Nutrient,735,290.0
38,Nutrient,735,1215.0
38,Nutrient,735,248.0
38,Nutrient,735,1038.0
38,Nutrient,735,215.0
38,Nutrient,735,900.0
38,Nutrient,735,148.0
38,Nutrient,735,619.0
38,Nutrient,735,303.0
38,Nutrient,735,1268.0
38,Nutrient,735,222.0
38,Nutrient,735,929.0
38,Nutrient,735,240.0
38,Nutrient,735,1004.0
38,Nutrient,735,310.0
38,Nutrient,735,1299.0
38,Nutrient,735,330.0
38,Nutrient,735,1382.0
38,Nutrient,735,320.0
38,Nutrient,735,1338.0
38,Nutrient,735,338.0
38,Nutrient,735,1413.0
38,Nutrient,735,330.0
38,Nutrient,735,1383.0
38,Nutrient,735,390.0
38,Nutrient,735,1632.0
38,Nutrient,735,240.0
38,Nutrient,735,1003.0
38,Nutrient,735,295.0
38,Nutrient,735,1234.0
38,Nutrient,735,239.0
38,Nutrient,735,1000.0
38,Nutrient,735,257.0
38,Nutrient,735,1073.0
38,Nutrient,736,78.0
38,Nutrient,736,328.0
38,Nutrient,736,143.0
38,Nutrient,736,598.0
38,Nutrient,736,16.0
38,Nutrient,736,67.0
38,Nutrient,736,47.0
38,Nutrient,736,197.0
38,Nutrient,736,48.0
38,Nutrient,736,201.0
38,Nutrient,736,91.0
38,Nutrient,736,381.0
38,Nutrient,736,45.0
38,Nutrient,736,188.0
38,Nutrient,736,82.0
38,Nutrient,736,343.0
38,Nutrient,736,153.0
38,Nutrient,736,638.0
38,Nutrient,736,114.0
38,Nutrient,736,477.0
38,Nutrient,736,118.0
38,Nutrient,736,492.0
38,Nutrient,736,71.0
38,Nutrient,736,295.0
38,Nutrient,736,104.0
38,Nutrient,736,437.0
38,Nutrient,736,44.0
38,Nutrient,736,184.0
38,Nutrient,736,81.0
38,Nutrient,736,339.0
38,Nutrient,736,110.0
38,Nutrient,736,460.0
38,Nutrient,736,61.0
38,Nutrient,736,253.0
38,Nutrient,736,20.0
38,Nutrient,736,85.0
38,Nutrient,736,161.0
38,Nutrient,736,674.0
38,Nutrient,736,144.0
38,Nutrient,736,602.0
38,Nutrient,736,117.0
38,Nutrient,736,490.0
38,Nutrient,736,157.0
38,Nutrient,736,658.0
38,Nutrient,737,136.0
38,Nutrient,737,568.0
38,Nutrient,737,136.0
38,Nutrient,737,571.0
38,Nutrient,737,545.0
38,Nutrient,737,2279.0
38,Nutrient,737,208.0
38,Nutrient,737,872.0
38,Nutrient,737,149.0
38,Nutrient,737,623.0
38,Nutrient,737,251.0
38,Nutrient,737,1049.0
38,Nutrient,737,498.0
38,Nutrient,737,2082.0
38,Nutrient,737,224.0
38,Nutrient,737,938.0
38,Nutrient,737,431.0
38,Nutrient,737,1803.0
38,Nutrient,737,71.0
38,Nutrient,737,297.0
38,Nutrient,737,100.0
38,Nutrient,737,418.0
38,Nutrient,738,315.0
38,Nutrient,738,1318.0
38,Nutrient,739,577.0
38,Nutrient,739,2415.0
38,Nutrient,739,194.0
38,Nutrient,739,810.0
38,Nutrient,739,264.0
38,Nutrient,739,1103.0
38,Nutrient,739,318.0
38,Nutrient,739,1332.0
38,Nutrient,739,370.0
38,Nutrient,739,1548.0
38,Nutrient,739,476.0
38,Nutrient,739,1992.0
38,Nutrient,739,254.0
38,Nutrient,739,1063.0
38,Nutrient,739,252.0
38,Nutrient,739,1054.0
38,Nutrient,739,322.0
38,Nutrient,739,1347.0
38,Nutrient,739,253.0
38,Nutrient,739,1059.0
38,Nutrient,739,448.0
38,Nutrient,739,1876.0
38,Nutrient,740,145.0
38,Nutrient,740,609.0
38,Nutrient,740,104.0
38,Nutrient,740,437.0
38,Nutrient,740,410.0
38,Nutrient,740,1715.0
38,Nutrient,740,122.0
38,Nutrient,740,512.0
38,Nutrient,740,348.0
38,Nutrient,740,1456.0
38,Nutrient,740,112.0
38,Nutrient,740,470.0
38,Nutrient,740,103.0
38,Nutrient,740,430.0
38,Nutrient,740,113.0
38,Nutrient,740,475.0
38,Nutrient,742,222.0
38,Nutrient,742,930.0
38,Nutrient,742,197.0
38,Nutrient,742,822.0
38,Nutrient,742,196.0
38,Nutrient,742,822.0
38,Nutrient,742,250.0
38,Nutrient,742,1045.0
38,Nutrient,743,28.0
38,Nutrient,743,117.0
38,Nutrient,743,115.0
38,Nutrient,743,481.0
38,Nutrient,744,387.0
38,Nutrient,744,1620.0
38,Nutrient,744,583.0
38,Nutrient,744,2440.0
38,Nutrient,744,384.0
38,Nutrient,744,1607.0
38,Nutrient,744,400.0
38,Nutrient,744,1674.0
38,Nutrient,744,431.0
38,Nutrient,744,1803.0
38,Nutrient,744,526.0
38,Nutrient,744,2201.0
38,Nutrient,744,381.0
38,Nutrient,744,1593.0
38,Nutrient,744,382.0
38,Nutrient,744,1598.0
38,Nutrient,744,500.0
38,Nutrient,744,2092.0
38,Nutrient,744,402.0
38,Nutrient,744,1682.0
38,Nutrient,744,424.0
38,Nutrient,744,1774.0
38,Nutrient,744,375.0
38,Nutrient,744,1568.0
38,Nutrient,744,527.0
38,Nutrient,744,2207.0
38,Nutrient,744,528.0
38,Nutrient,744,2207.0
38,Nutrient,744,500.0
38,Nutrient,744,2092.0
38,Nutrient,744,429.0
38,Nutrient,744,1797.0
38,Nutrient,745,490.0
38,Nutrient,745,2052.0
38,Nutrient,745,531.0
38,Nutrient,745,2222.0
38,Nutrient,745,502.0
38,Nutrient,745,2102.0
38,Nutrient,745,547.0
38,Nutrient,745,2289.0
38,Nutrient,745,559.0
38,Nutrient,745,2337.0
38,Nutrient,745,542.0
38,Nutrient,745,2267.0
38,Nutrient,745,551.0
38,Nutrient,745,2305.0
38,Nutrient,745,496.0
38,Nutrient,745,2075.0
38,Nutrient,745,471.0
38,Nutrient,745,1971.0
38,Nutrient,745,274.0
38,Nutrient,745,1147.0
38,Nutrient,745,379.0
38,Nutrient,745,1586.0
38,Nutrient,745,253.0
38,Nutrient,745,1057.0
38,Nutrient,745,536.0
38,Nutrient,745,2243.0
38,Nutrient,745,536.0
38,Nutrient,745,2243.0
38,Nutrient,745,536.0
38,Nutrient,745,2243.0
38,Nutrient,745,487.0
38,Nutrient,745,2037.0
38,Nutrient,745,469.0
38,Nutrient,745,1964.0
38,Nutrient,746,489.0
38,Nutrient,746,2045.0
38,Nutrient,746,514.0
38,Nutrient,746,2151.0
38,Nutrient,746,501.0
38,Nutrient,746,2098.0
38,Nutrient,746,480.0
38,Nutrient,746,2008.0
38,Nutrient,746,445.0
38,Nutrient,746,1862.0
38,Nutrient,746,415.0
38,Nutrient,746,1738.0
38,Nutrient,746,318.0
38,Nutrient,746,1330.0
38,Nutrient,746,416.0
38,Nutrient,746,1739.0
38,Nutrient,746,498.0
38,Nutrient,746,2084.0
38,Nutrient,746,499.0
38,Nutrient,746,2088.0
38,Nutrient,746,503.0
38,Nutrient,746,2103.0
38,Nutrient,746,465.0
38,Nutrient,746,1946.0
38,Nutrient,747,518.0
38,Nutrient,747,2169.0
38,Nutrient,747,523.0
38,Nutrient,747,2188.0
38,Nutrient,747,510.0
38,Nutrient,747,2134.0
38,Nutrient,747,536.0
38,Nutrient,747,2243.0
38,Nutrient,747,499.0
38,Nutrient,747,2089.0
38,Nutrient,747,565.0
38,Nutrient,747,2363.0
38,Nutrient,747,558.0
38,Nutrient,747,2336.0
38,Nutrient,747,523.0
38,Nutrient,747,2188.0
38,Nutrient,747,557.0
38,Nutrient,747,2329.0
38,Nutrient,748,37.0
38,Nutrient,748,156.0
38,Nutrient,749,99.0
38,Nutrient,749,413.0
38,Nutrient,749,69.0
38,Nutrient,749,41.0
38,Nutrient,749,170.0
38,Nutrient,749,55.0
38,Nutrient,749,230.0
38,Nutrient,749,101.0
38,Nutrient,749,422.0
38,Nutrient,749,83.0
38,Nutrient,749,347.0
38,Nutrient,749,103.0
38,Nutrient,749,430.0
38,Nutrient,749,112.0
38,Nutrient,749,470.0
38,Nutrient,749,95.0
38,Nutrient,749,399.0
38,Nutrient,749,32.0
38,Nutrient,749,134.0
38,Nutrient,749,123.0
38,Nutrient,749,515.0
38,Nutrient,750,1478.0
38,Nutrient,750,381.0
38,Nutrient,750,1594.0
38,Nutrient,750,62.0
38,Nutrient,750,258.0
38,Nutrient,750,198.0
38,Nutrient,750,829.0
38,Nutrient,750,20.0
38,Nutrient,750,85.0
38,Nutrient,750,335.0
38,Nutrient,750,1402.0
38,Nutrient,750,381.0
38,Nutrient,750,1594.0
38,Nutrient,750,345.0
38,Nutrient,750,1443.0
38,Nutrient,750,345.0
38,Nutrient,750,1443.0
38,Nutrient,751,85.0
38,Nutrient,751,357.0
38,Nutrient,751,77.0
38,Nutrient,751,324.0
38,Nutrient,751,363.0
38,Nutrient,751,1519.0
38,Nutrient,751,96.0
38,Nutrient,751,403.0
38,Nutrient,751,383.0
38,Nutrient,751,1602.0
38,Nutrient,751,89.0
38,Nutrient,751,371.0
38,Nutrient,751,84.0
38,Nutrient,751,351.0
38,Nutrient,752,333.0
38,Nutrient,752,1393.0
38,Nutrient,753,330.0
38,Nutrient,753,1380.0
38,Nutrient,753,309.0
38,Nutrient,753,1292.0
38,Nutrient,754,372.0
38,Nutrient,754,413.0
38,Nutrient,754,237.0
38,Nutrient,754,990.0
38,Nutrient,754,240.0
38,Nutrient,754,1003.0
38,Nutrient,754,186.0
38,Nutrient,754,777.0
38,Nutrient,754,200.0
38,Nutrient,754,837.0
38,Nutrient,754,147.0
38,Nutrient,754,615.0
38,Nutrient,754,24.0
38,Nutrient,754,100.0
38,Nutrient,754,87.0
38,Nutrient,754,362.0
38,Nutrient,754,128.0
38,Nutrient,754,536.0
38,Nutrient,754,53.0
38,Nutrient,754,222.0
38,Nutrient,754,79.0
38,Nutrient,754,331.0
38,Nutrient,754,113.0
38,Nutrient,754,473.0
38,Nutrient,754,81.0
38,Nutrient,754,338.0
38,Nutrient,754,105.0
38,Nutrient,754,440.0
38,Nutrient,754,127.0
38,Nutrient,754,533.0
38,Nutrient,754,21.0
38,Nutrient,754,86.0
38,Nutrient,754,124.0
38,Nutrient,754,517.0
38,Nutrient,754,222.0
38,Nutrient,754,928.0
38,Nutrient,754,224.0
38,Nutrient,754,938.0
38,Nutrient,754,211.0
38,Nutrient,754,881.0
38,Nutrient,754,212.0
38,Nutrient,754,888.0
38,Nutrient,754,210.0
38,Nutrient,754,881.0
38,Nutrient,754,224.0
38,Nutrient,754,936.0
38,Nutrient,754,57.0
38,Nutrient,754,239.0
38,Nutrient,754,49.0
38,Nutrient,754,204.0
38,Nutrient,754,132.0
38,Nutrient,754,552.0
38,Nutrient,754,221.0
38,Nutrient,754,924.0
38,Nutrient,754,167.0
38,Nutrient,754,699.0
38,Nutrient,754,95.0
38,Nutrient,754,396.0
38,Nutrient,754,115.0
38,Nutrient,754,480.0
38,Nutrient,754,323.0
38,Nutrient,754,1351.0
38,Nutrient,754,24.0
38,Nutrient,754,99.0
38,Nutrient,755,130.0
38,Nutrient,755,542.0
38,Nutrient,755,101.0
38,Nutrient,755,424.0
38,Nutrient,755,127.0
38,Nutrient,755,532.0
38,Nutrient,755,139.0
38,Nutrient,755,580.0
38,Nutrient,756,31.0
38,Nutrient,756,129.0
38,Nutrient,757,268.0
38,Nutrient,757,1123.0
38,Nutrient,757,225.0
38,Nutrient,757,942.0
38,Nutrient,757,368.0
38,Nutrient,757,1541.0
38,Nutrient,757,194.0
38,Nutrient,757,812.0
38,Nutrient,757,355.0
38,Nutrient,757,1485.0
38,Nutrient,757,218.0
38,Nutrient,757,912.0
38,Nutrient,757,227.0
38,Nutrient,757,950.0
38,Nutrient,757,222.0
38,Nutrient,757,929.0
38,Nutrient,757,340.0
38,Nutrient,757,1423.0
38,Nutrient,757,349.0
38,Nutrient,757,1460.0
38,Nutrient,757,344.0
38,Nutrient,757,1439.0
38,Nutrient,757,208.0
38,Nutrient,757,870.0
38,Nutrient,757,227.0
38,Nutrient,757,950.0
38,Nutrient,757,233.0
38,Nutrient,757,975.0
38,Nutrient,757,239.0
38,Nutrient,757,1002.0
38,Nutrient,757,224.0
38,Nutrient,757,937.0
38,Nutrient,757,228.0
38,Nutrient,757,954.0
38,Nutrient,757,294.0
38,Nutrient,757,1228.0
38,Nutrient,757,272.0
38,Nutrient,757,1138.0
38,Nutrient,758,325.0
38,Nutrient,758,1360.0
38,Nutrient,758,11.0
38,Nutrient,758,46.0
38,Nutrient,759,105.0
38,Nutrient,759,441.0
38,Nutrient,759,101.0
38,Nutrient,759,422.0
38,Nutrient,759,105.0
38,Nutrient,759,441.0
38,Nutrient,759,142.0
38,Nutrient,759,593.0
38,Nutrient,759,378.0
38,Nutrient,759,1581.0
38,Nutrient,759,111.0
38,Nutrient,759,464.0
38,Nutrient,759,362.0
38,Nutrient,759,1514.0
38,Nutrient,759,120.0
38,Nutrient,759,500.0
38,Nutrient,759,111.0
38,Nutrient,759,463.0
38,Nutrient,759,107.0
38,Nutrient,759,448.0
38,Nutrient,759,118.0
38,Nutrient,759,492.0
38,Nutrient,759,376.0
38,Nutrient,759,1573.0
38,Nutrient,759,121.0
38,Nutrient,759,507.0
38,Nutrient,759,369.0
38,Nutrient,759,1544.0
38,Nutrient,759,115.0
38,Nutrient,759,481.0
38,Nutrient,759,130.0
38,Nutrient,759,545.0
38,Nutrient,759,377.0
38,Nutrient,759,1577.0
38,Nutrient,759,114.0
38,Nutrient,759,477.0
38,Nutrient,759,107.0
38,Nutrient,759,449.0
38,Nutrient,759,379.0
38,Nutrient,759,1585.0
38,Nutrient,759,113.0
38,Nutrient,759,473.0
38,Nutrient,759,111.0
38,Nutrient,759,465.0
38,Nutrient,759,105.0
38,Nutrient,759,438.0
38,Nutrient,759,101.0
38,Nutrient,759,425.0
38,Nutrient,759,130.0
38,Nutrient,759,542.0
38,Nutrient,759,104.0
38,Nutrient,759,435.0
38,Nutrient,759,89.0
38,Nutrient,759,371.0
38,Nutrient,759,94.0
38,Nutrient,759,394.0
38,Nutrient,759,93.0
38,Nutrient,759,390.0
38,Nutrient,759,367.0
38,Nutrient,759,1536.0
38,Nutrient,759,115.0
38,Nutrient,759,480.0
38,Nutrient,759,366.0
38,Nutrient,759,1532.0
38,Nutrient,759,111.0
38,Nutrient,759,463.0
38,Nutrient,759,415.0
38,Nutrient,759,1736.0
38,Nutrient,759,117.0
38,Nutrient,759,490.0
38,Nutrient,759,434.0
38,Nutrient,759,1814.0
38,Nutrient,759,114.0
38,Nutrient,759,477.0
38,Nutrient,759,378.0
38,Nutrient,759,1582.0
38,Nutrient,759,115.0
38,Nutrient,759,481.0
38,Nutrient,759,363.0
38,Nutrient,759,1519.0
38,Nutrient,759,109.0
38,Nutrient,759,458.0
38,Nutrient,759,386.0
38,Nutrient,759,1615.0
38,Nutrient,759,387.0
38,Nutrient,759,1619.0
38,Nutrient,759,366.0
38,Nutrient,759,1531.0
38,Nutrient,759,369.0
38,Nutrient,759,1544.0
38,Nutrient,759,369.0
38,Nutrient,759,1544.0
38,Nutrient,759,356.0
38,Nutrient,759,1488.0
38,Nutrient,759,365.0
38,Nutrient,759,1527.0
38,Nutrient,759,351.0
38,Nutrient,759,1470.0
38,Nutrient,759,350.0
38,Nutrient,759,1464.0
38,Nutrient,760,285.0
38,Nutrient,760,1193.0
38,Nutrient,760,291.0
38,Nutrient,760,1218.0
38,Nutrient,760,312.0
38,Nutrient,760,1307.0
38,Nutrient,760,272.0
38,Nutrient,760,1138.0
38,Nutrient,760,236.0
38,Nutrient,760,987.0
38,Nutrient,760,203.0
38,Nutrient,760,849.0
38,Nutrient,760,208.0
38,Nutrient,760,870.0
38,Nutrient,760,198.0
38,Nutrient,760,828.0
38,Nutrient,760,273.0
38,Nutrient,760,1144.0
38,Nutrient,760,309.0
38,Nutrient,760,1291.0
38,Nutrient,760,289.0
38,Nutrient,760,1209.0
38,Nutrient,760,298.0
38,Nutrient,760,1245.0
38,Nutrient,760,279.0
38,Nutrient,760,1166.0
38,Nutrient,760,192.0
38,Nutrient,760,803.0
38,Nutrient,760,197.0
38,Nutrient,760,824.0
38,Nutrient,761,182.0
38,Nutrient,761,54.0
38,Nutrient,761,226.0
38,Nutrient,761,43.0
38,Nutrient,761,181.0
38,Nutrient,761,63.0
38,Nutrient,761,262.0
38,Nutrient,761,63.0
38,Nutrient,761,262.0
38,Nutrient,761,44.0
38,Nutrient,761,184.0
38,Nutrient,761,47.0
38,Nutrient,761,197.0
38,Nutrient,761,30.0
38,Nutrient,761,126.0
38,Nutrient,761,33.0
38,Nutrient,761,138.0
38,Nutrient,761,45.0
38,Nutrient,761,189.0
38,Nutrient,761,30.0
38,Nutrient,761,126.0
38,Nutrient,761,47.0
38,Nutrient,761,197.0
38,Nutrient,761,34.0
38,Nutrient,761,140.0
38,Nutrient,761,43.0
38,Nutrient,761,180.0
38,Nutrient,761,28.0
38,Nutrient,761,117.0
38,Nutrient,761,44.0
38,Nutrient,761,184.0
38,Nutrient,761,41.0
38,Nutrient,761,172.0
38,Nutrient,761,41.0
38,Nutrient,761,172.0
38,Nutrient,761,58.0
38,Nutrient,761,243.0
38,Nutrient,761,29.0
38,Nutrient,761,121.0
38,Nutrient,761,33.0
38,Nutrient,761,138.0
38,Nutrient,761,49.0
38,Nutrient,761,205.0
38,Nutrient,761,45.0
38,Nutrient,761,188.0
38,Nutrient,761,41.0
38,Nutrient,761,172.0
38,Nutrient,761,41.0
38,Nutrient,761,172.0
38,Nutrient,761,33.0
38,Nutrient,761,138.0
38,Nutrient,761,53.0
38,Nutrient,761,222.0
38,Nutrient,761,74.0
38,Nutrient,761,310.0
38,Nutrient,761,53.0
38,Nutrient,761,222.0
38,Nutrient,761,58.0
38,Nutrient,761,243.0
38,Nutrient,761,62.0
38,Nutrient,761,259.0
38,Nutrient,762,173.0
38,Nutrient,762,724.0
38,Nutrient,762,153.0
38,Nutrient,762,640.0
38,Nutrient,762,273.0
38,Nutrient,762,1143.0
38,Nutrient,762,241.0
38,Nutrient,762,1010.0
38,Nutrient,762,125.0
38,Nutrient,762,521.0
38,Nutrient,762,235.0
38,Nutrient,762,983.0
38,Nutrient,762,149.0
38,Nutrient,762,623.0
38,Nutrient,762,225.0
38,Nutrient,762,939.0
38,Nutrient,762,141.0
38,Nutrient,762,590.0
38,Nutrient,762,282.0
38,Nutrient,762,1180.0
38,Nutrient,762,232.0
38,Nutrient,762,971.0
38,Nutrient,762,234.0
38,Nutrient,762,980.0
38,Nutrient,762,231.0
38,Nutrient,762,967.0
38,Nutrient,762,263.0
38,Nutrient,762,1100.0
38,Nutrient,762,269.0
38,Nutrient,762,1125.0
38,Nutrient,762,197.0
38,Nutrient,762,824.0
38,Nutrient,763,134.0
38,Nutrient,763,561.0
38,Nutrient,764,125.0
38,Nutrient,764,523.0
38,Nutrient,764,186.0
38,Nutrient,764,777.0
38,Nutrient,764,237.0
38,Nutrient,764,992.0
38,Nutrient,764,174.0
38,Nutrient,764,728.0
38,Nutrient,764,110.0
38,Nutrient,764,460.0
38,Nutrient,765,376.0
38,Nutrient,765,1573.0
38,Nutrient,765,112.0
38,Nutrient,765,469.0
38,Nutrient,766,342.0
38,Nutrient,766,1431.0
38,Nutrient,766,83.0
38,Nutrient,766,347.0
38,Nutrient,767,351.0
38,Nutrient,767,1469.0
38,Nutrient,767,3.0
38,Nutrient,767,14.0
38,Nutrient,767,360.0
38,Nutrient,767,1508.0
38,Nutrient,767,6.0
38,Nutrient,767,25.0
38,Nutrient,767,65.0
38,Nutrient,767,272.0
38,Nutrient,767,358.0
38,Nutrient,767,1498.0
38,Nutrient,768,257.0
38,Nutrient,768,1075.0
38,Nutrient,768,257.0
38,Nutrient,768,1075.0
38,Nutrient,769,244.0
38,Nutrient,769,1021.0
38,Nutrient,769,242.0
38,Nutrient,769,1013.0
38,Nutrient,769,223.0
38,Nutrient,769,933.0
38,Nutrient,769,202.0
38,Nutrient,769,845.0
38,Nutrient,770,1497.0
38,Nutrient,770,360.0
38,Nutrient,770,1506.0
38,Nutrient,770,360.0
38,Nutrient,770,1506.0
38,Nutrient,771,358.0
38,Nutrient,771,1498.0
38,Nutrient,772,155.0
38,Nutrient,772,649.0
38,Nutrient,772,148.0
38,Nutrient,772,619.0
38,Nutrient,772,193.0
38,Nutrient,772,808.0
38,Nutrient,772,138.0
38,Nutrient,772,577.0
38,Nutrient,773,294.0
38,Nutrient,773,1228.0
38,Nutrient,774,160.0
38,Nutrient,774,669.0
38,Nutrient,774,151.0
38,Nutrient,774,632.0
38,Nutrient,774,119.0
38,Nutrient,774,498.0
38,Nutrient,774,122.0
38,Nutrient,774,510.0
38,Nutrient,774,130.0
38,Nutrient,774,544.0
38,Nutrient,775,247.0
38,Nutrient,775,1033.0
38,Nutrient,775,260.0
38,Nutrient,775,1088.0
38,Nutrient,775,263.0
38,Nutrient,775,1100.0
38,Nutrient,776,389.0
38,Nutrient,776,1628.0
38,Nutrient,776,158.0
38,Nutrient,776,663.0
38,Nutrient,776,216.0
38,Nutrient,776,904.0
38,Nutrient,776,245.0
38,Nutrient,776,1025.0
38,Nutrient,776,200.0
38,Nutrient,776,837.0
38,Nutrient,776,235.0
38,Nutrient,776,983.0
38,Nutrient,776,237.0
38,Nutrient,776,992.0
38,Nutrient,776,223.0
38,Nutrient,776,931.0
38,Nutrient,776,185.0
38,Nutrient,776,775.0
38,Nutrient,777,196.0
38,Nutrient,777,820.0
38,Nutrient,777,168.0
38,Nutrient,777,703.0
38,Nutrient,777,178.0
38,Nutrient,777,745.0
38,Nutrient,778,444.0
38,Nutrient,778,1856.0
38,Nutrient,778,48.0
38,Nutrient,778,201.0
38,Nutrient,779,411.0
38,Nutrient,779,1720.0
38,Nutrient,779,396.0
38,Nutrient,779,1657.0
38,Nutrient,779,88.0
38,Nutrient,779,368.0
38,Nutrient,779,11.0
38,Nutrient,779,46.0
38,Nutrient,779,26.0
38,Nutrient,779,110.0
38,Nutrient,779,32.0
38,Nutrient,779,134.0
38,Nutrient,779,0.0
38,Nutrient,779,0.0
38,Nutrient,779,101.0
38,Nutrient,779,421.0
38,Nutrient,779,8.0
38,Nutrient,779,33.0
38,Nutrient,779,101.0
38,Nutrient,779,421.0
38,Nutrient,779,10.0
38,Nutrient,779,41.0
38,Nutrient,779,141.0
38,Nutrient,779,589.0
38,Nutrient,780,283.0
38,Nutrient,780,1184.0
38,Nutrient,780,277.0
38,Nutrient,780,1159.0
38,Nutrient,780,273.0
38,Nutrient,780,1142.0
38,Nutrient,780,286.0
38,Nutrient,780,1197.0
38,Nutrient,780,249.0
38,Nutrient,780,1042.0
38,Nutrient,780,269.0
38,Nutrient,780,1125.0
38,Nutrient,780,225.0
38,Nutrient,780,941.0
38,Nutrient,780,200.0
38,Nutrient,780,837.0
38,Nutrient,780,190.0
38,Nutrient,780,795.0
38,Nutrient,780,228.0
38,Nutrient,780,954.0
38,Nutrient,780,245.0
38,Nutrient,780,1024.0
38,Nutrient,780,214.0
38,Nutrient,780,896.0
38,Nutrient,780,179.0
38,Nutrient,780,751.0
38,Nutrient,780,286.0
38,Nutrient,780,1198.0
38,Nutrient,780,291.0
38,Nutrient,780,1217.0
38,Nutrient,780,318.0
38,Nutrient,780,1332.0
38,Nutrient,780,272.0
38,Nutrient,780,1137.0
38,Nutrient,780,240.0
38,Nutrient,780,1004.0
38,Nutrient,780,183.0
38,Nutrient,780,767.0
38,Nutrient,780,228.0
38,Nutrient,780,953.0
38,Nutrient,780,221.0
38,Nutrient,780,925.0
38,Nutrient,780,250.0
38,Nutrient,780,1046.0
38,Nutrient,780,204.0
38,Nutrient,780,854.0
38,Nutrient,780,244.0
38,Nutrient,780,1023.0
38,Nutrient,780,220.0
38,Nutrient,780,922.0
38,Nutrient,780,257.0
38,Nutrient,780,1077.0
38,Nutrient,780,182.0
38,Nutrient,780,762.0
38,Nutrient,780,235.0
38,Nutrient,780,983.0
38,Nutrient,780,241.0
38,Nutrient,780,1009.0
38,Nutrient,780,253.0
38,Nutrient,780,1060.0
38,Nutrient,781,479.0
38,Nutrient,781,435.0
38,Nutrient,781,97.0
38,Nutrient,781,404.0
38,Nutrient,781,97.0
38,Nutrient,781,404.0
38,Nutrient,782,372.0
38,Nutrient,782,1556.0
38,Nutrient,782,274.0
38,Nutrient,782,1145.0
38,Nutrient,782,305.0
38,Nutrient,782,1276.0
38,Nutrient,782,230.0
38,Nutrient,782,962.0
38,Nutrient,782,312.0
38,Nutrient,782,1305.0
38,Nutrient,782,277.0
38,Nutrient,782,1159.0
38,Nutrient,782,301.0
38,Nutrient,782,1258.0
38,Nutrient,782,342.0
38,Nutrient,782,1431.0
38,Nutrient,782,371.0
38,Nutrient,782,1552.0
38,Nutrient,782,290.0
38,Nutrient,782,1213.0
38,Nutrient,782,320.0
38,Nutrient,782,1339.0
38,Nutrient,782,312.0
38,Nutrient,782,1305.0
38,Nutrient,782,327.0
38,Nutrient,782,1368.0
38,Nutrient,782,338.0
38,Nutrient,782,1415.0
38,Nutrient,782,221.0
38,Nutrient,782,927.0
38,Nutrient,782,286.0
38,Nutrient,782,1196.0
38,Nutrient,782,233.0
38,Nutrient,782,975.0
38,Nutrient,782,241.0
38,Nutrient,782,1008.0
38,Nutrient,782,243.0
38,Nutrient,782,1017.0
38,Nutrient,782,272.0
38,Nutrient,782,1137.0
38,Nutrient,782,312.0
38,Nutrient,782,1305.0
38,Nutrient,782,283.0
38,Nutrient,782,1183.0
38,Nutrient,782,285.0
38,Nutrient,782,1192.0
38,Nutrient,782,215.0
38,Nutrient,782,898.0
38,Nutrient,782,333.0
38,Nutrient,782,1395.0
38,Nutrient,782,274.0
38,Nutrient,782,1146.0
38,Nutrient,782,304.0
38,Nutrient,782,1272.0
38,Nutrient,782,376.0
38,Nutrient,782,1573.0
38,Nutrient,782,311.0
38,Nutrient,782,1301.0
38,Nutrient,782,285.0
38,Nutrient,782,1193.0
38,Nutrient,782,322.0
38,Nutrient,782,1348.0
38,Nutrient,782,376.0
38,Nutrient,782,1573.0
38,Nutrient,782,283.0
38,Nutrient,782,1182.0
38,Nutrient,782,253.0
38,Nutrient,782,1057.0
38,Nutrient,782,295.0
38,Nutrient,782,1235.0
38,Nutrient,782,282.0
38,Nutrient,782,1182.0
38,Nutrient,783,271.0
38,Nutrient,783,1132.0
38,Nutrient,784,228.0
38,Nutrient,784,955.0
38,Nutrient,784,82.0
38,Nutrient,784,342.0
38,Nutrient,784,134.0
38,Nutrient,784,559.0
38,Nutrient,784,368.0
38,Nutrient,784,1538.0
38,Nutrient,784,173.0
38,Nutrient,784,726.0
38,Nutrient,784,149.0
38,Nutrient,784,624.0
38,Nutrient,784,165.0
38,Nutrient,784,689.0
38,Nutrient,784,129.0
38,Nutrient,784,541.0
38,Nutrient,784,153.0
38,Nutrient,784,641.0
38,Nutrient,784,173.0
38,Nutrient,784,722.0
38,Nutrient,784,147.0
38,Nutrient,784,613.0
38,Nutrient,785,876.0
38,Nutrient,785,3664.0
38,Nutrient,786,44.0
38,Nutrient,786,183.0
38,Nutrient,787,337.0
38,Nutrient,787,1410.0
38,Nutrient,787,296.0
38,Nutrient,787,1238.0
38,Nutrient,788,717.0
38,Nutrient,788,145.0
38,Nutrient,788,43.0
38,Nutrient,788,180.0
38,Nutrient,788,50.0
38,Nutrient,788,211.0
38,Nutrient,788,52.0
38,Nutrient,788,219.0
38,Nutrient,788,51.0
38,Nutrient,788,214.0
38,Nutrient,788,63.0
38,Nutrient,788,263.0
38,Nutrient,788,64.0
38,Nutrient,788,268.0
38,Nutrient,788,56.0
38,Nutrient,788,234.0
38,Nutrient,788,162.0
38,Nutrient,788,676.0
38,Nutrient,788,46.0
38,Nutrient,788,192.0
38,Nutrient,788,48.0
38,Nutrient,788,200.0
38,Nutrient,788,47.0
38,Nutrient,788,195.0
38,Nutrient,788,162.0
38,Nutrient,788,678.0
38,Nutrient,788,46.0
38,Nutrient,788,191.0
38,Nutrient,788,51.0
38,Nutrient,788,213.0
38,Nutrient,788,47.0
38,Nutrient,788,197.0
38,Nutrient,788,50.0
38,Nutrient,788,209.0
38,Nutrient,788,175.0
38,Nutrient,788,732.0
38,Nutrient,788,42.0
38,Nutrient,788,177.0
38,Nutrient,788,39.0
38,Nutrient,788,161.0
38,Nutrient,788,54.0
38,Nutrient,788,225.0
38,Nutrient,788,46.0
38,Nutrient,788,192.0
38,Nutrient,788,44.0
38,Nutrient,788,183.0
38,Nutrient,788,50.0
38,Nutrient,788,209.0
38,Nutrient,788,19.0
38,Nutrient,788,79.0
38,Nutrient,788,287.0
38,Nutrient,788,1200.0
38,Nutrient,789,178.0
38,Nutrient,789,745.0
38,Nutrient,789,91.0
38,Nutrient,789,381.0
38,Nutrient,789,130.0
38,Nutrient,789,544.0
38,Nutrient,789,129.0
38,Nutrient,789,540.0
38,Nutrient,789,121.0
38,Nutrient,789,505.0
38,Nutrient,790,1311.0
38,Nutrient,790,322.0
38,Nutrient,790,1345.0
38,Nutrient,790,57.0
38,Nutrient,790,237.0
38,Nutrient,790,55.0
38,Nutrient,790,231.0
38,Nutrient,790,144.0
38,Nutrient,790,602.0
38,Nutrient,791,32.0
38,Nutrient,791,134.0
38,Nutrient,791,46.0
38,Nutrient,791,192.0
38,Nutrient,791,45.0
38,Nutrient,791,188.0
38,Nutrient,791,57.0
38,Nutrient,791,238.0
38,Nutrient,791,73.0
38,Nutrient,791,305.0
38,Nutrient,791,88.0
38,Nutrient,791,368.0
38,Nutrient,791,30.0
38,Nutrient,791,126.0
38,Nutrient,791,50.0
38,Nutrient,791,209.0
38,Nutrient,791,58.0
38,Nutrient,791,243.0
38,Nutrient,791,73.0
38,Nutrient,791,305.0
38,Nutrient,791,88.0
38,Nutrient,791,368.0
38,Nutrient,791,72.0
38,Nutrient,791,301.0
38,Nutrient,791,243.0
38,Nutrient,791,1017.0
38,Nutrient,791,98.0
38,Nutrient,791,410.0
38,Nutrient,791,86.0
38,Nutrient,791,360.0
38,Nutrient,791,70.0
38,Nutrient,791,293.0
38,Nutrient,792,79.0
38,Nutrient,792,331.0
38,Nutrient,792,88.0
38,Nutrient,792,368.0
38,Nutrient,792,66.0
38,Nutrient,792,276.0
38,Nutrient,792,94.0
38,Nutrient,792,393.0
38,Nutrient,792,88.0
38,Nutrient,792,368.0
38,Nutrient,792,94.0
38,Nutrient,792,393.0
38,Nutrient,792,88.0
38,Nutrient,792,368.0
38,Nutrient,792,88.0
38,Nutrient,792,368.0
38,Nutrient,792,88.0
38,Nutrient,792,368.0
38,Nutrient,792,88.0
38,Nutrient,792,368.0
38,Nutrient,792,94.0
38,Nutrient,792,394.0
38,Nutrient,793,48.0
38,Nutrient,793,201.0
38,Nutrient,793,310.0
38,Nutrient,793,1296.0
38,Nutrient,793,313.0
38,Nutrient,793,1310.0
38,Nutrient,793,257.0
38,Nutrient,793,1073.0
38,Nutrient,793,177.0
38,Nutrient,793,739.0
38,Nutrient,793,221.0
38,Nutrient,793,925.0
38,Nutrient,793,154.0
38,Nutrient,793,644.0
38,Nutrient,793,145.0
38,Nutrient,793,607.0
38,Nutrient,793,138.0
38,Nutrient,793,577.0
38,Nutrient,793,114.0
38,Nutrient,793,477.0
38,Nutrient,793,146.0
38,Nutrient,793,611.0
38,Nutrient,793,135.0
38,Nutrient,793,565.0
38,Nutrient,793,209.0
38,Nutrient,793,874.0
38,Nutrient,793,126.0
38,Nutrient,793,527.0
38,Nutrient,793,103.0
38,Nutrient,793,431.0
38,Nutrient,793,80.0
38,Nutrient,793,335.0
38,Nutrient,793,160.0
38,Nutrient,793,669.0
38,Nutrient,793,102.0
38,Nutrient,793,427.0
38,Nutrient,793,123.0
38,Nutrient,793,515.0
38,Nutrient,793,108.0
38,Nutrient,793,452.0
38,Nutrient,793,135.0
38,Nutrient,793,565.0
38,Nutrient,793,219.0
38,Nutrient,793,916.0
38,Nutrient,793,219.0
38,Nutrient,793,916.0
38,Nutrient,793,109.0
38,Nutrient,793,456.0
38,Nutrient,793,113.0
38,Nutrient,793,473.0
38,Nutrient,793,124.0
38,Nutrient,793,519.0
38,Nutrient,793,155.0
38,Nutrient,793,649.0
38,Nutrient,793,200.0
38,Nutrient,793,837.0
38,Nutrient,793,154.0
38,Nutrient,793,644.0
38,Nutrient,793,245.0
38,Nutrient,793,1025.0
38,Nutrient,793,213.0
38,Nutrient,793,891.0
38,Nutrient,793,209.0
38,Nutrient,793,874.0
38,Nutrient,793,143.0
38,Nutrient,793,598.0
38,Nutrient,793,261.0
38,Nutrient,793,1092.0
38,Nutrient,793,251.0
38,Nutrient,793,1050.0
38,Nutrient,793,211.0
38,Nutrient,793,883.0
38,Nutrient,793,346.0
38,Nutrient,793,1448.0
38,Nutrient,793,196.0
38,Nutrient,793,820.0
38,Nutrient,793,205.0
38,Nutrient,793,858.0
38,Nutrient,793,346.0
38,Nutrient,793,1448.0
38,Nutrient,793,159.0
38,Nutrient,793,665.0
38,Nutrient,793,213.0
38,Nutrient,793,891.0
38,Nutrient,793,238.0
38,Nutrient,793,996.0
38,Nutrient,793,155.0
38,Nutrient,793,649.0
38,Nutrient,793,169.0
38,Nutrient,793,707.0
38,Nutrient,793,181.0
38,Nutrient,793,757.0
38,Nutrient,793,230.0
38,Nutrient,793,962.0
38,Nutrient,793,221.0
38,Nutrient,793,925.0
38,Nutrient,793,197.0
38,Nutrient,793,824.0
38,Nutrient,793,236.0
38,Nutrient,793,987.0
38,Nutrient,793,233.0
38,Nutrient,793,975.0
38,Nutrient,793,208.0
38,Nutrient,793,870.0
38,Nutrient,793,219.0
38,Nutrient,793,916.0
38,Nutrient,793,164.0
38,Nutrient,793,686.0
38,Nutrient,793,159.0
38,Nutrient,793,665.0
38,Nutrient,793,134.0
38,Nutrient,793,561.0
38,Nutrient,793,218.0
38,Nutrient,793,912.0
38,Nutrient,793,144.0
38,Nutrient,793,602.0
38,Nutrient,793,106.0
38,Nutrient,793,444.0
38,Nutrient,793,123.0
38,Nutrient,793,515.0
38,Nutrient,793,101.0
38,Nutrient,793,423.0
38,Nutrient,793,138.0
38,Nutrient,793,577.0
38,Nutrient,793,200.0
38,Nutrient,793,837.0
38,Nutrient,793,188.0
38,Nutrient,793,787.0
38,Nutrient,793,145.0
38,Nutrient,793,607.0
38,Nutrient,793,123.0
38,Nutrient,793,515.0
38,Nutrient,793,162.0
38,Nutrient,793,678.0
38,Nutrient,793,171.0
38,Nutrient,793,715.0
38,Nutrient,793,139.0
38,Nutrient,793,582.0
38,Nutrient,793,137.0
38,Nutrient,793,573.0
38,Nutrient,793,135.0
38,Nutrient,793,565.0
38,Nutrient,793,222.0
38,Nutrient,793,929.0
38,Nutrient,793,118.0
38,Nutrient,793,494.0
38,Nutrient,793,187.0
38,Nutrient,793,782.0
38,Nutrient,793,157.0
38,Nutrient,793,657.0
38,Nutrient,793,251.0
38,Nutrient,793,1050.0
38,Nutrient,793,142.0
38,Nutrient,793,594.0
38,Nutrient,793,185.0
38,Nutrient,793,774.0
38,Nutrient,793,96.0
38,Nutrient,793,402.0
38,Nutrient,793,119.0
38,Nutrient,793,498.0
38,Nutrient,793,219.0
38,Nutrient,793,916.0
38,Nutrient,793,67.0
38,Nutrient,793,280.0
38,Nutrient,793,258.0
38,Nutrient,793,1079.0
38,Nutrient,793,176.0
38,Nutrient,793,736.0
38,Nutrient,793,140.0
38,Nutrient,793,586.0
38,Nutrient,793,132.0
38,Nutrient,793,552.0
38,Nutrient,793,210.0
38,Nutrient,793,879.0
38,Nutrient,793,171.0
38,Nutrient,793,715.0
38,Nutrient,793,153.0
38,Nutrient,793,638.0
38,Nutrient,793,218.0
38,Nutrient,793,912.0
38,Nutrient,793,224.0
38,Nutrient,793,936.0
38,Nutrient,793,290.0
38,Nutrient,793,1213.0
38,Nutrient,793,233.0
38,Nutrient,793,974.0
38,Nutrient,793,189.0
38,Nutrient,793,790.0
38,Nutrient,793,197.0
38,Nutrient,793,824.0
38,Nutrient,793,290.0
38,Nutrient,793,1213.0
38,Nutrient,793,149.0
38,Nutrient,793,623.0
38,Nutrient,793,476.0
38,Nutrient,793,1989.0
38,Nutrient,793,234.0
38,Nutrient,793,979.0
38,Nutrient,795,157.0
38,Nutrient,795,658.0
38,Nutrient,795,308.0
38,Nutrient,795,1289.0
38,Nutrient,795,117.0
38,Nutrient,795,491.0
38,Nutrient,795,189.0
38,Nutrient,795,791.0
38,Nutrient,795,334.0
38,Nutrient,795,1397.0
38,Nutrient,795,116.0
38,Nutrient,795,485.0
38,Nutrient,795,353.0
38,Nutrient,795,1477.0
38,Nutrient,795,260.0
38,Nutrient,795,1088.0
38,Nutrient,795,185.0
38,Nutrient,795,774.0
38,Nutrient,795,234.0
38,Nutrient,795,979.0
38,Nutrient,795,310.0
38,Nutrient,795,1298.0
38,Nutrient,795,191.0
38,Nutrient,795,801.0
38,Nutrient,795,293.0
38,Nutrient,795,1226.0
38,Nutrient,795,315.0
38,Nutrient,795,1318.0
38,Nutrient,795,196.0
38,Nutrient,795,819.0
38,Nutrient,795,111.0
38,Nutrient,795,464.0
38,Nutrient,796,594.0
38,Nutrient,796,2485.0
38,Nutrient,796,607.0
38,Nutrient,796,2539.0
38,Nutrient,796,615.0
38,Nutrient,796,2573.0
38,Nutrient,796,622.0
38,Nutrient,796,2602.0
38,Nutrient,796,619.0
38,Nutrient,796,2590.0
38,Nutrient,796,647.0
38,Nutrient,796,2707.0
38,Nutrient,796,594.0
38,Nutrient,796,2485.0
38,Nutrient,796,607.0
38,Nutrient,796,2539.0
38,Nutrient,796,615.0
38,Nutrient,796,2573.0
38,Nutrient,797,884.0
38,Nutrient,797,3699.0
38,Nutrient,797,884.0
38,Nutrient,797,3699.0
38,Nutrient,797,884.0
38,Nutrient,797,3699.0
38,Nutrient,797,884.0
38,Nutrient,797,3699.0
38,Nutrient,797,884.0
38,Nutrient,797,3699.0
38,Nutrient,797,900.0
38,Nutrient,797,3766.0
38,Nutrient,798,884.0
38,Nutrient,798,3699.0
38,Nutrient,799,884.0
38,Nutrient,799,3699.0
38,Nutrient,800,884.0
38,Nutrient,800,3699.0
38,Nutrient,801,884.0
38,Nutrient,801,3699.0
38,Nutrient,802,884.0
38,Nutrient,802,3699.0
38,Nutrient,803,299.0
38,Nutrient,803,1251.0
38,Nutrient,804,884.0
38,Nutrient,804,3699.0
38,Nutrient,804,884.0
38,Nutrient,804,3699.0
38,Nutrient,804,884.0
38,Nutrient,804,3699.0
38,Nutrient,804,792.0
38,Nutrient,804,3314.0
38,Nutrient,804,884.0
38,Nutrient,804,3699.0
38,Nutrient,804,884.0
38,Nutrient,804,3699.0
38,Nutrient,804,884.0
38,Nutrient,804,3699.0
38,Nutrient,805,494.0
38,Nutrient,805,2067.0
38,Nutrient,805,518.0
38,Nutrient,805,2167.0
38,Nutrient,805,501.0
38,Nutrient,805,2096.0
38,Nutrient,805,457.0
38,Nutrient,805,1910.0
38,Nutrient,805,508.0
38,Nutrient,805,2127.0
38,Nutrient,805,527.0
38,Nutrient,805,2205.0
38,Nutrient,805,506.0
38,Nutrient,805,2117.0
38,Nutrient,805,484.0
38,Nutrient,805,2025.0
38,Nutrient,805,531.0
38,Nutrient,805,2222.0
38,Nutrient,805,469.0
38,Nutrient,805,1962.0
38,Nutrient,805,457.0
38,Nutrient,805,1912.0
38,Nutrient,805,501.0
38,Nutrient,805,2097.0
38,Nutrient,805,484.0
38,Nutrient,805,2025.0
38,Nutrient,805,468.0
38,Nutrient,805,1958.0
38,Nutrient,805,506.0
38,Nutrient,805,2117.0
38,Nutrient,805,521.0
38,Nutrient,805,2179.0
38,Nutrient,805,445.0
38,Nutrient,805,1864.0
38,Nutrient,806,100.0
38,Nutrient,806,420.0
38,Nutrient,806,115.0
38,Nutrient,806,481.0
38,Nutrient,806,53.0
38,Nutrient,806,220.0
38,Nutrient,806,181.0
38,Nutrient,806,757.0
38,Nutrient,807,237.0
38,Nutrient,807,992.0
38,Nutrient,807,265.0
38,Nutrient,807,1109.0
38,Nutrient,807,251.0
38,Nutrient,807,1050.0
38,Nutrient,807,269.0
38,Nutrient,807,1125.0
38,Nutrient,807,232.0
38,Nutrient,807,971.0
38,Nutrient,807,245.0
38,Nutrient,807,1025.0
38,Nutrient,807,260.0
38,Nutrient,807,1088.0
38,Nutrient,807,270.0
38,Nutrient,807,1130.0
38,Nutrient,807,304.0
38,Nutrient,807,1272.0
38,Nutrient,807,260.0
38,Nutrient,807,1088.0
38,Nutrient,807,298.0
38,Nutrient,807,1247.0
38,Nutrient,807,276.0
38,Nutrient,807,1155.0
38,Nutrient,807,260.0
38,Nutrient,807,1088.0
38,Nutrient,807,210.0
38,Nutrient,807,879.0
38,Nutrient,807,316.0
38,Nutrient,807,1322.0
38,Nutrient,807,268.0
38,Nutrient,807,1121.0
38,Nutrient,807,285.0
38,Nutrient,807,1192.0
38,Nutrient,807,289.0
38,Nutrient,807,1209.0
38,Nutrient,807,223.0
38,Nutrient,807,933.0
38,Nutrient,807,407.0
38,Nutrient,807,1702.0
38,Nutrient,807,412.0
38,Nutrient,807,1724.0
38,Nutrient,807,243.0
38,Nutrient,807,1015.0
38,Nutrient,807,204.0
38,Nutrient,807,854.0
38,Nutrient,807,278.0
38,Nutrient,807,1163.0
38,Nutrient,807,237.0
38,Nutrient,807,992.0
38,Nutrient,807,316.0
38,Nutrient,807,1322.0
38,Nutrient,807,316.0
38,Nutrient,807,1322.0
38,Nutrient,807,290.0
38,Nutrient,807,1215.0
38,Nutrient,808,884.0
38,Nutrient,808,3699.0
38,Nutrient,808,900.0
38,Nutrient,808,3766.0
38,Nutrient,808,884.0
38,Nutrient,808,3699.0
38,Nutrient,808,884.0
38,Nutrient,808,3699.0
38,Nutrient,808,900.0
38,Nutrient,808,3766.0
38,Nutrient,808,900.0
38,Nutrient,808,3766.0
38,Nutrient,808,884.0
38,Nutrient,808,3699.0
38,Nutrient,808,884.0
38,Nutrient,808,3699.0
38,Nutrient,808,884.0
38,Nutrient,808,3699.0
38,Nutrient,808,884.0
38,Nutrient,808,3699.0
38,Nutrient,808,884.0
38,Nutrient,808,3699.0
38,Nutrient,808,884.0
38,Nutrient,808,3699.0
38,Nutrient,808,884.0
38,Nutrient,808,3699.0
38,Nutrient,808,884.0
38,Nutrient,808,3699.0
38,Nutrient,808,884.0
38,Nutrient,808,3699.0
38,Nutrient,808,884.0
38,Nutrient,808,3699.0
38,Nutrient,808,884.0
38,Nutrient,808,3699.0
38,Nutrient,808,884.0
38,Nutrient,808,3699.0
38,Nutrient,808,884.0
38,Nutrient,808,3699.0
38,Nutrient,809,100.0
38,Nutrient,809,418.0
38,Nutrient,809,133.0
38,Nutrient,809,556.0
38,Nutrient,809,133.0
38,Nutrient,809,556.0
38,Nutrient,810,354.0
38,Nutrient,810,1482.0
38,Nutrient,810,417.0
38,Nutrient,810,1745.0
38,Nutrient,810,402.0
38,Nutrient,810,1682.0
38,Nutrient,811,290.0
38,Nutrient,811,1213.0
38,Nutrient,812,1885.0
38,Nutrient,812,489.0
38,Nutrient,812,2044.0
38,Nutrient,812,496.0
38,Nutrient,812,2074.0
38,Nutrient,812,395.0
38,Nutrient,812,1653.0
38,Nutrient,812,391.0
38,Nutrient,812,1636.0
38,Nutrient,812,351.0
38,Nutrient,812,1469.0
38,Nutrient,812,390.0
38,Nutrient,812,1632.0
38,Nutrient,812,389.0
38,Nutrient,812,1628.0
38,Nutrient,812,374.0
38,Nutrient,812,1565.0
38,Nutrient,812,455.0
38,Nutrient,812,1904.0
38,Nutrient,812,407.0
38,Nutrient,812,1703.0
38,Nutrient,812,481.0
38,Nutrient,812,2013.0
38,Nutrient,812,334.0
38,Nutrient,812,1397.0
38,Nutrient,812,381.0
38,Nutrient,812,1594.0
38,Nutrient,812,421.0
38,Nutrient,812,1760.0
38,Nutrient,812,504.0
38,Nutrient,812,2110.0
38,Nutrient,812,477.0
38,Nutrient,812,1996.0
38,Nutrient,812,494.0
38,Nutrient,812,2067.0
38,Nutrient,812,456.0
38,Nutrient,812,1909.0
38,Nutrient,812,497.0
38,Nutrient,812,2079.0
38,Nutrient,812,495.0
38,Nutrient,812,2071.0
38,Nutrient,812,427.0
38,Nutrient,812,1786.0
38,Nutrient,812,383.0
38,Nutrient,812,1603.0
38,Nutrient,812,391.0
38,Nutrient,812,1636.0
38,Nutrient,812,390.0
38,Nutrient,812,1632.0
38,Nutrient,812,421.0
38,Nutrient,812,1760.0
38,Nutrient,812,434.0
38,Nutrient,812,1816.0
38,Nutrient,812,502.0
38,Nutrient,812,2100.0
38,Nutrient,812,473.0
38,Nutrient,812,1979.0
38,Nutrient,812,443.0
38,Nutrient,812,1854.0
38,Nutrient,812,503.0
38,Nutrient,812,2105.0
38,Nutrient,812,393.0
38,Nutrient,812,1644.0
38,Nutrient,812,424.0
38,Nutrient,812,1776.0
38,Nutrient,812,492.0
38,Nutrient,812,2058.0
38,Nutrient,812,490.0
38,Nutrient,812,2052.0
38,Nutrient,812,416.0
38,Nutrient,812,1739.0
38,Nutrient,812,444.0
38,Nutrient,812,1857.0
38,Nutrient,812,433.0
38,Nutrient,812,1812.0
38,Nutrient,812,484.0
38,Nutrient,812,2025.0
38,Nutrient,812,422.0
38,Nutrient,812,1766.0
38,Nutrient,812,418.0
38,Nutrient,812,1748.0
38,Nutrient,812,398.0
38,Nutrient,812,1665.0
38,Nutrient,812,398.0
38,Nutrient,812,1665.0
38,Nutrient,812,404.0
38,Nutrient,812,1690.0
38,Nutrient,812,445.0
38,Nutrient,812,1862.0
38,Nutrient,812,409.0
38,Nutrient,812,1711.0
38,Nutrient,812,396.0
38,Nutrient,812,1657.0
38,Nutrient,812,403.0
38,Nutrient,812,1686.0
38,Nutrient,812,395.0
38,Nutrient,812,1653.0
38,Nutrient,813,95.0
38,Nutrient,813,396.0
38,Nutrient,813,73.0
38,Nutrient,813,306.0
38,Nutrient,814,25.0
38,Nutrient,814,103.0
38,Nutrient,815,212.0
38,Nutrient,815,887.0
38,Nutrient,816,79.0
38,Nutrient,816,328.0
38,Nutrient,816,99.0
38,Nutrient,816,415.0
38,Nutrient,816,111.0
38,Nutrient,816,464.0
38,Nutrient,817,213.0
38,Nutrient,817,893.0
38,Nutrient,818,90.0
38,Nutrient,818,378.0
38,Nutrient,818,90.0
38,Nutrient,818,375.0
38,Nutrient,818,307.0
38,Nutrient,818,1284.0
38,Nutrient,818,107.0
38,Nutrient,818,448.0
38,Nutrient,818,107.0
38,Nutrient,818,448.0
38,Nutrient,818,70.0
38,Nutrient,818,291.0
38,Nutrient,819,99.0
38,Nutrient,819,414.0
38,Nutrient,819,115.0
38,Nutrient,819,481.0
38,Nutrient,819,77.0
38,Nutrient,819,322.0
38,Nutrient,819,63.0
38,Nutrient,819,264.0
38,Nutrient,819,93.0
38,Nutrient,819,389.0
38,Nutrient,819,93.0
38,Nutrient,819,389.0
38,Nutrient,819,111.0
38,Nutrient,819,464.0
38,Nutrient,819,93.0
38,Nutrient,819,389.0
38,Nutrient,820,153.0
38,Nutrient,820,639.0
38,Nutrient,820,168.0
38,Nutrient,820,704.0
38,Nutrient,820,186.0
38,Nutrient,820,776.0
38,Nutrient,820,174.0
38,Nutrient,820,727.0
38,Nutrient,822,392.0
38,Nutrient,822,1638.0
38,Nutrient,823,40.0
38,Nutrient,823,167.0
38,Nutrient,823,40.0
38,Nutrient,823,166.0
38,Nutrient,824,134.0
38,Nutrient,824,562.0
38,Nutrient,824,78.0
38,Nutrient,824,326.0
38,Nutrient,824,134.0
38,Nutrient,824,562.0
38,Nutrient,824,135.0
38,Nutrient,824,567.0
38,Nutrient,825,400.0
38,Nutrient,825,1674.0
38,Nutrient,825,361.0
38,Nutrient,825,1510.0
38,Nutrient,826,353.0
38,Nutrient,826,1479.0
38,Nutrient,826,258.0
38,Nutrient,826,1079.0
38,Nutrient,826,470.0
38,Nutrient,826,1964.0
38,Nutrient,829,275.0
38,Nutrient,829,1151.0
38,Nutrient,829,266.0
38,Nutrient,829,1113.0
38,Nutrient,829,275.0
38,Nutrient,829,1151.0
38,Nutrient,830,249.0
38,Nutrient,830,1044.0
38,Nutrient,831,257.0
38,Nutrient,831,1074.0
38,Nutrient,831,288.0
38,Nutrient,831,1207.0
38,Nutrient,831,278.0
38,Nutrient,831,1163.0
38,Nutrient,831,273.0
38,Nutrient,831,1143.0
38,Nutrient,831,294.0
38,Nutrient,831,1230.0
38,Nutrient,831,255.0
38,Nutrient,831,1067.0
38,Nutrient,831,275.0
38,Nutrient,831,1151.0
38,Nutrient,831,275.0
38,Nutrient,831,1151.0
38,Nutrient,831,275.0
38,Nutrient,831,1151.0
38,Nutrient,831,250.0
38,Nutrient,831,1047.0
38,Nutrient,832,1488.0
38,Nutrient,832,1473.0
38,Nutrient,832,395.0
38,Nutrient,832,1653.0
38,Nutrient,832,386.0
38,Nutrient,832,1615.0
38,Nutrient,832,177.0
38,Nutrient,832,741.0
38,Nutrient,832,389.0
38,Nutrient,832,1628.0
38,Nutrient,832,179.0
38,Nutrient,832,749.0
38,Nutrient,832,407.0
38,Nutrient,832,1703.0
38,Nutrient,832,465.0
38,Nutrient,832,1946.0
38,Nutrient,832,383.0
38,Nutrient,832,1604.0
38,Nutrient,832,241.0
38,Nutrient,832,1010.0
38,Nutrient,834,390.0
38,Nutrient,834,1630.0
38,Nutrient,834,186.0
38,Nutrient,834,776.0
38,Nutrient,835,213.0
38,Nutrient,835,891.0
38,Nutrient,835,229.0
38,Nutrient,835,958.0
38,Nutrient,835,264.0
38,Nutrient,835,1105.0
38,Nutrient,835,340.0
38,Nutrient,835,1422.0
38,Nutrient,835,349.0
38,Nutrient,835,1458.0
38,Nutrient,836,1076.0
38,Nutrient,836,1065.0
38,Nutrient,836,1245.0
38,Nutrient,836,1131.0
38,Nutrient,836,1054.0
38,Nutrient,836,1092.0
38,Nutrient,836,1068.0
38,Nutrient,836,1185.0
38,Nutrient,836,1199.0
38,Nutrient,836,1100.0
38,Nutrient,836,1131.0
38,Nutrient,836,1117.0
38,Nutrient,836,1027.0
38,Nutrient,836,1081.0
38,Nutrient,836,1004.0
38,Nutrient,836,1129.0
38,Nutrient,836,1146.0
38,Nutrient,836,1137.0
38,Nutrient,836,1073.0
38,Nutrient,836,260.0
38,Nutrient,836,1088.0
38,Nutrient,836,289.0
38,Nutrient,836,1210.0
38,Nutrient,836,319.0
38,Nutrient,836,1335.0
38,Nutrient,836,217.0
38,Nutrient,836,907.0
38,Nutrient,836,207.0
38,Nutrient,836,866.0
38,Nutrient,836,270.0
38,Nutrient,836,1131.0
38,Nutrient,836,313.0
38,Nutrient,836,1311.0
38,Nutrient,836,248.0
38,Nutrient,836,1038.0
38,Nutrient,836,261.0
38,Nutrient,836,1092.0
38,Nutrient,836,265.0
38,Nutrient,836,1107.0
38,Nutrient,836,293.0
38,Nutrient,836,1226.0
38,Nutrient,836,274.0
38,Nutrient,836,1146.0
38,Nutrient,836,285.0
38,Nutrient,836,1192.0
38,Nutrient,836,247.0
38,Nutrient,836,1034.0
38,Nutrient,836,306.0
38,Nutrient,836,1282.0
38,Nutrient,836,278.0
38,Nutrient,836,1163.0
38,Nutrient,836,305.0
38,Nutrient,836,1276.0
38,Nutrient,836,273.0
38,Nutrient,836,1142.0
38,Nutrient,836,266.0
38,Nutrient,836,1113.0
38,Nutrient,836,293.0
38,Nutrient,836,1226.0
38,Nutrient,836,267.0
38,Nutrient,836,1117.0
38,Nutrient,836,293.0
38,Nutrient,836,1226.0
38,Nutrient,836,238.0
38,Nutrient,836,994.0
38,Nutrient,837,873.0
38,Nutrient,837,942.0
38,Nutrient,837,852.0
38,Nutrient,837,855.0
38,Nutrient,837,1011.0
38,Nutrient,837,965.0
38,Nutrient,837,905.0
38,Nutrient,837,885.0
38,Nutrient,837,1004.0
38,Nutrient,837,250.0
38,Nutrient,837,1046.0
38,Nutrient,837,275.0
38,Nutrient,837,1151.0
38,Nutrient,837,203.0
38,Nutrient,837,849.0
38,Nutrient,837,258.0
38,Nutrient,837,1079.0
38,Nutrient,837,284.0
38,Nutrient,837,1188.0
38,Nutrient,837,286.0
38,Nutrient,837,1197.0
38,Nutrient,837,277.0
38,Nutrient,837,1159.0
38,Nutrient,838,236.0
38,Nutrient,838,987.0
38,Nutrient,838,259.0
38,Nutrient,838,1084.0
38,Nutrient,838,269.0
38,Nutrient,838,1125.0
38,Nutrient,838,292.0
38,Nutrient,838,1222.0
38,Nutrient,838,201.0
38,Nutrient,838,841.0
38,Nutrient,838,239.0
38,Nutrient,838,1000.0
38,Nutrient,838,210.0
38,Nutrient,838,879.0
38,Nutrient,838,236.0
38,Nutrient,838,987.0
38,Nutrient,839,266.0
38,Nutrient,839,1115.0
38,Nutrient,840,418.0
38,Nutrient,840,1749.0
38,Nutrient,840,314.0
38,Nutrient,840,1314.0
38,Nutrient,840,266.0
38,Nutrient,840,1113.0
38,Nutrient,840,418.0
38,Nutrient,840,1749.0
38,Nutrient,841,370.0
38,Nutrient,841,1549.0
38,Nutrient,841,71.0
38,Nutrient,841,298.0
38,Nutrient,841,359.0
38,Nutrient,841,1504.0
38,Nutrient,841,76.0
38,Nutrient,841,318.0
38,Nutrient,841,366.0
38,Nutrient,841,1529.0
38,Nutrient,841,349.0
38,Nutrient,841,1460.0
38,Nutrient,841,371.0
38,Nutrient,841,1552.0
38,Nutrient,841,368.0
38,Nutrient,841,1540.0
38,Nutrient,841,371.0
38,Nutrient,841,1552.0
38,Nutrient,841,71.0
38,Nutrient,841,298.0
38,Nutrient,841,59.0
38,Nutrient,841,247.0
38,Nutrient,841,60.0
38,Nutrient,841,251.0
38,Nutrient,841,65.0
38,Nutrient,841,273.0
38,Nutrient,841,65.0
38,Nutrient,841,273.0
38,Nutrient,841,59.0
38,Nutrient,841,247.0
38,Nutrient,841,59.0
38,Nutrient,841,247.0
38,Nutrient,841,366.0
38,Nutrient,841,1531.0
38,Nutrient,841,347.0
38,Nutrient,841,1452.0
38,Nutrient,841,337.0
38,Nutrient,841,1411.0
38,Nutrient,841,347.0
38,Nutrient,841,1451.0
38,Nutrient,841,346.0
38,Nutrient,841,1450.0
38,Nutrient,841,363.0
38,Nutrient,841,1520.0
38,Nutrient,841,364.0
38,Nutrient,841,1522.0
38,Nutrient,841,359.0
38,Nutrient,841,1504.0
38,Nutrient,842,265.0
38,Nutrient,842,1108.0
38,Nutrient,842,288.0
38,Nutrient,842,1204.0
38,Nutrient,843,243.0
38,Nutrient,843,1015.0
38,Nutrient,843,264.0
38,Nutrient,843,1105.0
38,Nutrient,844,367.0
38,Nutrient,844,1537.0
38,Nutrient,845,274.0
38,Nutrient,845,1146.0
38,Nutrient,845,297.0
38,Nutrient,845,1243.0
38,Nutrient,845,274.0
38,Nutrient,845,1146.0
38,Nutrient,846,291.0
38,Nutrient,846,1218.0
38,Nutrient,848,462.0
38,Nutrient,848,1933.0
38,Nutrient,848,407.0
38,Nutrient,848,1703.0
38,Nutrient,848,484.0
38,Nutrient,848,2025.0
38,Nutrient,848,462.0
38,Nutrient,848,1933.0
38,Nutrient,848,484.0
38,Nutrient,848,2025.0
38,Nutrient,849,2.0
38,Nutrient,849,10.0
38,Nutrient,850,378.0
38,Nutrient,850,1583.0
38,Nutrient,850,14.0
38,Nutrient,850,58.0
38,Nutrient,850,332.0
38,Nutrient,850,1389.0
38,Nutrient,850,3.0
38,Nutrient,850,11.0
38,Nutrient,850,196.0
38,Nutrient,850,821.0
38,Nutrient,850,40.0
38,Nutrient,850,168.0
38,Nutrient,850,379.0
38,Nutrient,850,1587.0
38,Nutrient,850,27.0
38,Nutrient,850,112.0
38,Nutrient,850,52.0
38,Nutrient,850,219.0
38,Nutrient,850,49.0
38,Nutrient,850,204.0
38,Nutrient,850,389.0
38,Nutrient,850,1626.0
38,Nutrient,850,88.0
38,Nutrient,850,368.0
38,Nutrient,850,386.0
38,Nutrient,850,1615.0
38,Nutrient,850,49.0
38,Nutrient,850,206.0
38,Nutrient,850,217.0
38,Nutrient,850,908.0
38,Nutrient,850,172.0
38,Nutrient,850,720.0
38,Nutrient,850,49.0
38,Nutrient,850,205.0
38,Nutrient,850,153.0
38,Nutrient,850,640.0
38,Nutrient,850,45.0
38,Nutrient,850,186.0
38,Nutrient,850,53.0
38,Nutrient,850,221.0
38,Nutrient,850,388.0
38,Nutrient,850,1621.0
38,Nutrient,850,37.0
38,Nutrient,850,155.0
38,Nutrient,850,192.0
38,Nutrient,850,804.0
38,Nutrient,850,43.0
38,Nutrient,850,178.0
38,Nutrient,850,4.0
38,Nutrient,850,16.0
38,Nutrient,850,64.0
38,Nutrient,850,268.0
38,Nutrient,850,27.0
38,Nutrient,850,112.0
38,Nutrient,850,29.0
38,Nutrient,850,122.0
38,Nutrient,850,200.0
38,Nutrient,850,837.0
38,Nutrient,850,217.0
38,Nutrient,850,907.0
38,Nutrient,850,54.0
38,Nutrient,850,228.0
38,Nutrient,850,227.0
38,Nutrient,850,951.0
38,Nutrient,850,1.0
38,Nutrient,850,4.0
38,Nutrient,851,220.0
38,Nutrient,851,19.0
38,Nutrient,851,79.0
38,Nutrient,851,21.0
38,Nutrient,851,86.0
38,Nutrient,851,22.0
38,Nutrient,851,91.0
38,Nutrient,852,413.0
38,Nutrient,852,1729.0
38,Nutrient,852,54.0
38,Nutrient,852,228.0
38,Nutrient,853,173.0
38,Nutrient,853,0.0
38,Nutrient,853,1071.0
38,Nutrient,853,168.0
38,Nutrient,853,0.0
38,Nutrient,853,0.0
38,Nutrient,853,0.0
38,Nutrient,853,51.0
38,Nutrient,853,213.0
38,Nutrient,853,34.0
38,Nutrient,853,142.0
38,Nutrient,853,43.0
38,Nutrient,853,180.0
38,Nutrient,853,0.0
38,Nutrient,853,0.0
38,Nutrient,853,41.0
38,Nutrient,853,170.0
38,Nutrient,853,40.0
38,Nutrient,853,165.0
38,Nutrient,853,1.0
38,Nutrient,853,4.0
38,Nutrient,853,41.0
38,Nutrient,853,171.0
38,Nutrient,853,41.0
38,Nutrient,853,171.0
38,Nutrient,853,20.0
38,Nutrient,853,84.0
38,Nutrient,853,48.0
38,Nutrient,853,201.0
38,Nutrient,853,0.0
38,Nutrient,853,0.0
38,Nutrient,853,41.0
38,Nutrient,853,172.0
38,Nutrient,853,34.0
38,Nutrient,853,142.0
38,Nutrient,853,41.0
38,Nutrient,853,172.0
38,Nutrient,853,0.0
38,Nutrient,853,0.0
38,Nutrient,853,37.0
38,Nutrient,853,157.0
38,Nutrient,853,2.0
38,Nutrient,853,7.0
38,Nutrient,853,0.0
38,Nutrient,853,0.0
38,Nutrient,853,42.0
38,Nutrient,853,176.0
38,Nutrient,854,159.0
38,Nutrient,854,665.0
38,Nutrient,854,160.0
38,Nutrient,854,669.0
38,Nutrient,854,107.0
38,Nutrient,854,448.0
38,Nutrient,854,127.0
38,Nutrient,854,531.0
38,Nutrient,854,127.0
38,Nutrient,854,531.0
38,Nutrient,855,119.0
38,Nutrient,855,496.0
38,Nutrient,855,112.0
38,Nutrient,855,468.0
38,Nutrient,855,127.0
38,Nutrient,855,531.0
38,Nutrient,855,148.0
38,Nutrient,855,620.0
38,Nutrient,855,113.0
38,Nutrient,855,473.0
38,Nutrient,855,168.0
38,Nutrient,855,701.0
38,Nutrient,855,156.0
38,Nutrient,855,654.0
38,Nutrient,855,163.0
38,Nutrient,855,683.0
38,Nutrient,855,158.0
38,Nutrient,855,659.0
38,Nutrient,855,329.0
38,Nutrient,855,1377.0
38,Nutrient,856,225.0
38,Nutrient,856,941.0
38,Nutrient,857,889.0
38,Nutrient,857,3720.0
38,Nutrient,858,229.0
38,Nutrient,858,960.0
38,Nutrient,858,256.0
38,Nutrient,858,1070.0
38,Nutrient,858,232.0
38,Nutrient,858,971.0
38,Nutrient,859,335.0
38,Nutrient,859,1403.0
38,Nutrient,860,219.0
38,Nutrient,860,916.0
38,Nutrient,861,20.0
38,Nutrient,861,82.0
38,Nutrient,862,84.0
38,Nutrient,862,351.0
38,Nutrient,863,361.0
38,Nutrient,863,1512.0
38,Nutrient,863,34.0
38,Nutrient,863,143.0
38,Nutrient,864,275.0
38,Nutrient,864,1150.0
38,Nutrient,864,243.0
38,Nutrient,864,1016.0
38,Nutrient,865,263.0
38,Nutrient,865,647.0
38,Nutrient,865,466.0
38,Nutrient,865,229.0
38,Nutrient,865,958.0
38,Nutrient,865,110.0
38,Nutrient,865,459.0
38,Nutrient,865,75.0
38,Nutrient,865,314.0
38,Nutrient,865,131.0
38,Nutrient,865,548.0
38,Nutrient,865,169.0
38,Nutrient,865,708.0
38,Nutrient,865,432.0
38,Nutrient,865,1809.0
38,Nutrient,865,266.0
38,Nutrient,865,1113.0
38,Nutrient,865,135.0
38,Nutrient,865,565.0
38,Nutrient,865,164.0
38,Nutrient,865,687.0
38,Nutrient,865,126.0
38,Nutrient,865,529.0
38,Nutrient,865,230.0
38,Nutrient,865,962.0
38,Nutrient,865,240.0
38,Nutrient,865,1006.0
38,Nutrient,865,224.0
38,Nutrient,865,936.0
38,Nutrient,865,329.0
38,Nutrient,865,1378.0
38,Nutrient,865,174.0
38,Nutrient,865,727.0
38,Nutrient,865,146.0
38,Nutrient,865,610.0
38,Nutrient,865,151.0
38,Nutrient,865,631.0
38,Nutrient,865,142.0
38,Nutrient,865,594.0
38,Nutrient,865,182.0
38,Nutrient,865,761.0
38,Nutrient,865,462.0
38,Nutrient,865,1935.0
38,Nutrient,865,163.0
38,Nutrient,865,682.0
38,Nutrient,865,105.0
38,Nutrient,865,440.0
38,Nutrient,865,226.0
38,Nutrient,865,944.0
38,Nutrient,865,295.0
38,Nutrient,865,1233.0
38,Nutrient,865,129.0
38,Nutrient,865,541.0
38,Nutrient,865,78.0
38,Nutrient,865,327.0
38,Nutrient,865,250.0
38,Nutrient,865,1045.0
38,Nutrient,865,85.0
38,Nutrient,865,357.0
38,Nutrient,866,176.0
38,Nutrient,866,736.0
38,Nutrient,866,220.0
38,Nutrient,866,919.0
38,Nutrient,866,214.0
38,Nutrient,866,895.0
38,Nutrient,867,381.0
38,Nutrient,867,1594.0
38,Nutrient,867,390.0
38,Nutrient,867,1631.0
38,Nutrient,867,128.0
38,Nutrient,867,536.0
38,Nutrient,868,467.0
38,Nutrient,868,1952.0
38,Nutrient,868,468.0
38,Nutrient,868,1958.0
38,Nutrient,868,474.0
38,Nutrient,868,1983.0
38,Nutrient,869,411.0
38,Nutrient,869,1719.0
38,Nutrient,869,461.0
38,Nutrient,869,1929.0
38,Nutrient,869,387.0
38,Nutrient,869,1620.0
38,Nutrient,869,383.0
38,Nutrient,869,1602.0
38,Nutrient,869,435.0
38,Nutrient,869,1819.0
38,Nutrient,869,474.0
38,Nutrient,869,1982.0
38,Nutrient,869,453.0
38,Nutrient,869,1893.0
38,Nutrient,870,479.0
38,Nutrient,870,2003.0
38,Nutrient,870,459.0
38,Nutrient,870,1920.0
38,Nutrient,870,462.0
38,Nutrient,870,1932.0
38,Nutrient,870,531.0
38,Nutrient,870,2222.0
38,Nutrient,870,482.0
38,Nutrient,870,2017.0
38,Nutrient,870,512.0
38,Nutrient,870,2143.0
38,Nutrient,870,459.0
38,Nutrient,870,1920.0
38,Nutrient,870,467.0
38,Nutrient,870,1954.0
38,Nutrient,870,462.0
38,Nutrient,870,1933.0
38,Nutrient,870,475.0
38,Nutrient,870,1987.0
38,Nutrient,870,577.0
38,Nutrient,870,2414.0
38,Nutrient,870,456.0
38,Nutrient,870,1907.0
38,Nutrient,870,486.0
38,Nutrient,870,2034.0
38,Nutrient,870,538.0
38,Nutrient,870,2252.0
38,Nutrient,870,468.0
38,Nutrient,870,1957.0
38,Nutrient,870,500.0
38,Nutrient,870,2092.0
38,Nutrient,870,491.0
38,Nutrient,870,2053.0
38,Nutrient,870,502.0
38,Nutrient,870,2102.0
38,Nutrient,870,536.0
38,Nutrient,870,2244.0
38,Nutrient,870,494.0
38,Nutrient,870,2067.0
38,Nutrient,870,556.0
38,Nutrient,870,2325.0
38,Nutrient,870,517.0
38,Nutrient,870,2165.0
38,Nutrient,870,463.0
38,Nutrient,870,1938.0
38,Nutrient,870,458.0
38,Nutrient,870,1915.0
38,Nutrient,870,536.0
38,Nutrient,870,2244.0
38,Nutrient,870,472.0
38,Nutrient,870,1974.0
38,Nutrient,870,539.0
38,Nutrient,870,2255.0
38,Nutrient,870,525.0
38,Nutrient,870,2197.0
38,Nutrient,870,517.0
38,Nutrient,870,2164.0
38,Nutrient,870,488.0
38,Nutrient,870,2041.0
38,Nutrient,870,495.0
38,Nutrient,870,2070.0
38,Nutrient,870,550.0
38,Nutrient,870,2301.0
38,Nutrient,870,443.0
38,Nutrient,870,1855.0
38,Nutrient,871,321.0
38,Nutrient,871,1342.0
38,Nutrient,872,1133.0
38,Nutrient,872,1543.0
38,Nutrient,872,2634.0
38,Nutrient,872,2971.0
38,Nutrient,872,2975.0
38,Nutrient,872,3004.0
38,Nutrient,872,719.0
38,Nutrient,872,3007.0
38,Nutrient,872,717.0
38,Nutrient,872,2999.0
38,Nutrient,872,713.0
38,Nutrient,872,2981.0
38,Nutrient,872,717.0
38,Nutrient,872,2999.0
38,Nutrient,872,713.0
38,Nutrient,872,2981.0
38,Nutrient,872,717.0
38,Nutrient,872,2999.0
38,Nutrient,872,628.0
38,Nutrient,872,2627.0
38,Nutrient,872,424.0
38,Nutrient,872,1776.0
38,Nutrient,872,714.0
38,Nutrient,872,2989.0
38,Nutrient,872,714.0
38,Nutrient,872,2989.0
38,Nutrient,872,730.0
38,Nutrient,872,3055.0
38,Nutrient,872,717.0
38,Nutrient,872,2999.0
38,Nutrient,872,713.0
38,Nutrient,872,2981.0
38,Nutrient,872,717.0
38,Nutrient,872,2999.0
38,Nutrient,873,3003.0
38,Nutrient,873,339.0
38,Nutrient,873,1417.0
38,Nutrient,873,714.0
38,Nutrient,873,2989.0
38,Nutrient,873,362.0
38,Nutrient,873,1515.0
38,Nutrient,873,537.0
38,Nutrient,873,2248.0
38,Nutrient,873,533.0
38,Nutrient,873,2230.0
38,Nutrient,873,526.0
38,Nutrient,873,2199.0
38,Nutrient,873,533.0
38,Nutrient,873,2230.0
38,Nutrient,873,43.0
38,Nutrient,873,180.0
38,Nutrient,873,630.0
38,Nutrient,873,2636.0
38,Nutrient,873,330.0
38,Nutrient,873,1381.0
38,Nutrient,873,44.0
38,Nutrient,873,184.0
38,Nutrient,873,175.0
38,Nutrient,873,732.0
38,Nutrient,873,175.0
38,Nutrient,873,732.0
38,Nutrient,873,628.0
38,Nutrient,873,2626.0
38,Nutrient,873,583.0
38,Nutrient,873,2438.0
38,Nutrient,873,337.0
38,Nutrient,873,1410.0
38,Nutrient,873,158.0
38,Nutrient,873,661.0
38,Nutrient,873,47.0
38,Nutrient,873,197.0
38,Nutrient,873,605.0
38,Nutrient,873,2531.0
38,Nutrient,873,606.0
38,Nutrient,873,2537.0
38,Nutrient,873,357.0
38,Nutrient,873,1494.0
38,Nutrient,873,339.0
38,Nutrient,873,1417.0
38,Nutrient,873,537.0
38,Nutrient,873,2247.0
38,Nutrient,873,533.0
38,Nutrient,873,2229.0
38,Nutrient,873,535.0
38,Nutrient,873,2238.0
38,Nutrient,873,542.0
38,Nutrient,873,2269.0
38,Nutrient,873,465.0
38,Nutrient,873,1946.0
38,Nutrient,873,534.0
38,Nutrient,873,2234.0
38,Nutrient,873,718.0
38,Nutrient,873,3004.0
38,Nutrient,873,450.0
38,Nutrient,873,1883.0
38,Nutrient,874,177.0
38,Nutrient,874,742.0
38,Nutrient,874,166.0
38,Nutrient,874,695.0
38,Nutrient,876,175.0
38,Nutrient,876,734.0
38,Nutrient,876,190.0
38,Nutrient,876,794.0
38,Nutrient,877,88.0
38,Nutrient,877,367.0
38,Nutrient,877,132.0
38,Nutrient,877,552.0
38,Nutrient,877,314.0
38,Nutrient,877,1314.0
38,Nutrient,877,93.0
38,Nutrient,877,389.0
38,Nutrient,877,358.0
38,Nutrient,877,1498.0
38,Nutrient,877,93.0
38,Nutrient,877,389.0
38,Nutrient,877,132.0
38,Nutrient,877,552.0
38,Nutrient,877,88.0
38,Nutrient,877,367.0
38,Nutrient,878,61.0
38,Nutrient,878,257.0
38,Nutrient,878,46.0
38,Nutrient,878,191.0
38,Nutrient,715,272.0
2,Nutrient,715,3700.0
1,Nutrient,715,3500.0
3,Nutrient,715,4700.0
3,Nutrient,715,4700.0
38,Nutrient,538,356.0
2,Nutrient,538,18100.0
1,Nutrient,538,1300.0
3,Nutrient,538,0.0
3,Nutrient,538,0.0
38,Nutrient,144,278.0
2,Nutrient,144,500.0
1,Nutrient,144,100.0
3,Nutrient,144,14900.0
3,Nutrient,144,16400.0
38,Nutrient,144,170.0
2,Nutrient,144,800.0
1,Nutrient,144,300.0
3,Nutrient,144,7800.0
3,Nutrient,144,9400.0
38,Nutrient,144,1159.0
2,Nutrient,144,2900.0
1,Nutrient,144,1700.0
3,Nutrient,144,57200.0
3,Nutrient,144,66500.0
38,Nutrient,65,45.0
2,Nutrient,65,700.0
1,Nutrient,65,100.0
3,Nutrient,65,1400.0
3,Nutrient,65,2100.0
38,Nutrient,65,296.0
2,Nutrient,65,300.0
1,Nutrient,65,200.0
3,Nutrient,65,16100.0
3,Nutrient,65,17300.0
38,Nutrient,65,41.0
2,Nutrient,65,300.0
1,Nutrient,65,200.0
3,Nutrient,65,1100.0
3,Nutrient,65,2300.0
38,Nutrient,12,269.0
2,Nutrient,12,400.0
1,Nutrient,12,300.0
3,Nutrient,12,14100.0
3,Nutrient,12,15500.0
38,Nutrient,12,232.0
2,Nutrient,12,500.0
1,Nutrient,12,400.0
3,Nutrient,12,11600.0
3,Nutrient,12,13000.0
38,Nutrient,12,229.0
2,Nutrient,12,400.0
1,Nutrient,12,100.0
3,Nutrient,12,12800.0
3,Nutrient,12,12900.0
38,Nutrient,376,172.0
2,Nutrient,376,900.0
1,Nutrient,376,600.0
3,Nutrient,376,5900.0
3,Nutrient,376,10200.0
38,Nutrient,590,497.0
2,Nutrient,590,19900.0
1,Nutrient,590,4300.0
3,Nutrient,590,0.0
3,Nutrient,590,0.0
38,Nutrient,590,1650.0
2,Nutrient,590,11500.0
1,Nutrient,590,39300.0
3,Nutrient,590,0.0
3,Nutrient,590,0.0
38,Nutrient,590,500.0
2,Nutrient,590,18300.0
1,Nutrient,590,5100.0
3,Nutrient,590,0.0
3,Nutrient,590,0.0
38,Nutrient,580,879.0
2,Nutrient,580,13400.0
1,Nutrient,580,13000.0
3,Nutrient,580,10000.0
3,Nutrient,580,10000.0
38,Nutrient,57,215.0
2,Nutrient,57,900.0
1,Nutrient,57,600.0
3,Nutrient,57,9500.0
3,Nutrient,57,11500.0
38,Nutrient,57,180.0
2,Nutrient,57,600.0
1,Nutrient,57,100.0
3,Nutrient,57,9700.0
3,Nutrient,57,9900.0
38,Nutrient,57,858.0
2,Nutrient,57,500.0
1,Nutrient,57,300.0
3,Nutrient,57,49000.0
3,Nutrient,57,49700.0
38,Nutrient,71,193.0
2,Nutrient,71,3300.0
1,Nutrient,71,200.0
3,Nutrient,71,5100.0
3,Nutrient,71,10500.0
38,Nutrient,65,312.0
2,Nutrient,65,500.0
1,Nutrient,65,500.0
3,Nutrient,65,16500.0
3,Nutrient,65,17000.0
38,Nutrient,65,65.0
2,Nutrient,65,500.0
1,Nutrient,65,500.0
3,Nutrient,65,2000.0
3,Nutrient,65,2500.0
38,Nutrient,21,109.0
2,Nutrient,21,1800.0
1,Nutrient,21,300.0
3,Nutrient,21,3100.0
3,Nutrient,21,4900.0
38,Nutrient,21,109.0
2,Nutrient,21,2400.0
1,Nutrient,21,300.0
3,Nutrient,21,2500.0
3,Nutrient,21,4300.0
38,Nutrient,21,67.0
2,Nutrient,21,1600.0
1,Nutrient,21,100.0
3,Nutrient,21,1400.0
3,Nutrient,21,2900.0
38,Nutrient,21,99.0
2,Nutrient,21,1900.0
1,Nutrient,21,300.0
3,Nutrient,21,2400.0
3,Nutrient,21,4200.0
38,Nutrient,174,82.0
2,Nutrient,174,900.0
1,Nutrient,174,100.0
3,Nutrient,174,2600.0
3,Nutrient,174,5000.0
38,Nutrient,130,765.0
2,Nutrient,130,1900.0
1,Nutrient,130,15700.0
3,Nutrient,130,6500.0
3,Nutrient,130,11700.0
38,Nutrient,549,1076.0
2,Nutrient,549,15900.0
1,Nutrient,549,21400.0
3,Nutrient,549,800.0
3,Nutrient,549,800.0
38,Nutrient,549,1076.0
2,Nutrient,549,15900.0
1,Nutrient,549,21400.0
3,Nutrient,549,800.0
3,Nutrient,549,800.0
38,Nutrient,682,465.0
2,Nutrient,682,8400.0
1,Nutrient,682,1900.0
3,Nutrient,682,11900.0
3,Nutrient,682,18100.0
38,Nutrient,682,731.0
2,Nutrient,682,5200.0
1,Nutrient,682,0.0
3,Nutrient,682,37800.0
3,Nutrient,682,37800.0
38,Nutrient,134,399.0
2,Nutrient,134,5100.0
1,Nutrient,134,500.0
3,Nutrient,134,14200.0
3,Nutrient,134,20800.0
38,Nutrient,298,106.0
2,Nutrient,298,2600.0
1,Nutrient,298,100.0
3,Nutrient,298,3200.0
3,Nutrient,298,3700.0
38,Nutrient,298,106.0
2,Nutrient,298,2600.0
1,Nutrient,298,100.0
3,Nutrient,298,3200.0
3,Nutrient,298,3700.0
38,Nutrient,298,172.0
2,Nutrient,298,3600.0
1,Nutrient,298,100.0
3,Nutrient,298,6000.0
3,Nutrient,298,6700.0
38,Nutrient,40,342.0
2,Nutrient,40,1300.0
1,Nutrient,40,300.0
3,Nutrient,40,17400.0
3,Nutrient,40,19000.0
38,Nutrient,92,298.0
2,Nutrient,92,1300.0
1,Nutrient,92,300.0
3,Nutrient,92,14300.0
3,Nutrient,92,17000.0
38,Nutrient,549,804.0
2,Nutrient,549,20800.0
1,Nutrient,549,12000.0
3,Nutrient,549,400.0
3,Nutrient,549,400.0
38,Nutrient,127,2273.0
2,Nutrient,127,18000.0
1,Nutrient,127,44700.0
3,Nutrient,127,13700.0
3,Nutrient,127,23700.0
38,Nutrient,694,1106.0
2,Nutrient,694,0.0
1,Nutrient,694,0.0
3,Nutrient,694,18000.0
3,Nutrient,694,18000.0
38,Nutrient,694,873.0
2,Nutrient,694,0.0
1,Nutrient,694,0.0
3,Nutrient,694,200.0
3,Nutrient,694,200.0
38,Nutrient,237,86.0
2,Nutrient,237,1800.0
1,Nutrient,237,200.0
3,Nutrient,237,2100.0
3,Nutrient,237,3700.0
38,Nutrient,15,93.0
2,Nutrient,15,700.0
1,Nutrient,15,200.0
3,Nutrient,15,3600.0
3,Nutrient,15,5200.0
38,Nutrient,671,1298.0
2,Nutrient,671,10700.0
1,Nutrient,671,20800.0
3,Nutrient,671,18000.0
3,Nutrient,671,23000.0
38,Nutrient,31,99.0
2,Nutrient,31,2000.0
1,Nutrient,31,400.0
3,Nutrient,31,1800.0
3,Nutrient,31,4200.0
38,Nutrient,31,116.0
2,Nutrient,31,2000.0
1,Nutrient,31,300.0
3,Nutrient,31,3700.0
3,Nutrient,31,4700.0
38,Nutrient,31,132.0
2,Nutrient,31,3100.0
1,Nutrient,31,400.0
3,Nutrient,31,2500.0
3,Nutrient,31,5200.0
38,Nutrient,31,116.0
2,Nutrient,31,2400.0
1,Nutrient,31,400.0
3,Nutrient,31,2500.0
3,Nutrient,31,4700.0
38,Nutrient,147,179.0
2,Nutrient,147,500.0
1,Nutrient,147,300.0
3,Nutrient,147,8600.0
3,Nutrient,147,10200.0
38,Nutrient,344,338.0
2,Nutrient,344,16400.0
1,Nutrient,344,900.0
3,Nutrient,344,1500.0
3,Nutrient,344,1500.0
38,Nutrient,188,223.0
2,Nutrient,188,400.0
1,Nutrient,188,600.0
3,Nutrient,188,10700.0
3,Nutrient,188,12200.0
38,Nutrient,193,201.0
2,Nutrient,193,700.0
1,Nutrient,193,500.0
3,Nutrient,193,8700.0
3,Nutrient,193,11500.0
38,Nutrient,79,1531.0
2,Nutrient,79,12600.0
1,Nutrient,79,3700.0
3,Nutrient,79,67500.0
3,Nutrient,79,71500.0
38,Nutrient,79,1507.0
2,Nutrient,79,7000.0
1,Nutrient,79,1400.0
3,Nutrient,79,77500.0
3,Nutrient,79,79800.0
38,Nutrient,79,1495.0
2,Nutrient,79,6600.0
1,Nutrient,79,2000.0
3,Nutrient,79,76100.0
3,Nutrient,79,78000.0
38,Nutrient,701,1658.0
2,Nutrient,701,0.0
1,Nutrient,701,0.0
3,Nutrient,701,97500.0
3,Nutrient,701,97500.0
38,Nutrient,701,1754.0
2,Nutrient,701,300.0
1,Nutrient,701,4000.0
3,Nutrient,701,94200.0
3,Nutrient,701,94200.0
38,Nutrient,346,3700.0
2,Nutrient,346,0.0
1,Nutrient,346,100000.0
3,Nutrient,346,0.0
3,Nutrient,346,0.0
38,Nutrient,837,1011.0
2,Nutrient,837,9000.0
1,Nutrient,837,5200.0
3,Nutrient,837,34900.0
3,Nutrient,837,44000.0
38,Nutrient,837,965.0
2,Nutrient,837,6500.0
1,Nutrient,837,1300.0
3,Nutrient,837,45100.0
3,Nutrient,837,50000.0
38,Nutrient,677,18.0
2,Nutrient,677,300.0
1,Nutrient,677,200.0
3,Nutrient,677,300.0
3,Nutrient,677,300.0
38,Nutrient,677,676.0
2,Nutrient,677,17000.0
1,Nutrient,677,3200.0
3,Nutrient,677,15800.0
3,Nutrient,677,15800.0
38,Nutrient,677,26.0
2,Nutrient,677,1100.0
1,Nutrient,677,200.0
3,Nutrient,677,0.0
3,Nutrient,677,0.0
38,Nutrient,582,432.0
2,Nutrient,582,16700.0
1,Nutrient,582,4000.0
3,Nutrient,582,0.0
3,Nutrient,582,0.0
38,Nutrient,631,1171.0
2,Nutrient,631,20800.0
1,Nutrient,631,22000.0
3,Nutrient,631,200.0
3,Nutrient,631,200.0
38,Nutrient,631,1369.0
2,Nutrient,631,19800.0
1,Nutrient,631,27800.0
3,Nutrient,631,200.0
3,Nutrient,631,200.0
38,Nutrient,631,1542.0
2,Nutrient,631,17400.0
1,Nutrient,631,33600.0
3,Nutrient,631,200.0
3,Nutrient,631,200.0
38,Nutrient,531,879.0
2,Nutrient,531,13400.0
1,Nutrient,531,13000.0
3,Nutrient,531,10000.0
3,Nutrient,531,10000.0
38,Nutrient,531,844.0
2,Nutrient,531,24600.0
1,Nutrient,531,11500.0
3,Nutrient,531,0.0
3,Nutrient,531,0.0
38,Nutrient,531,857.0
2,Nutrient,531,15100.0
1,Nutrient,531,16000.0
3,Nutrient,531,500.0
3,Nutrient,531,500.0
38,Nutrient,531,674.0
2,Nutrient,531,16800.0
1,Nutrient,531,10500.0
3,Nutrient,531,0.0
3,Nutrient,531,0.0
38,Nutrient,506,451.0
2,Nutrient,506,17800.0
1,Nutrient,506,4000.0
3,Nutrient,506,0.0
3,Nutrient,506,0.0
38,Nutrient,34,113.0
2,Nutrient,34,2800.0
1,Nutrient,34,300.0
3,Nutrient,34,1800.0
3,Nutrient,34,4800.0
38,Nutrient,34,148.0
2,Nutrient,34,2400.0
1,Nutrient,34,400.0
3,Nutrient,34,3900.0
3,Nutrient,34,7200.0
38,Nutrient,34,187.0
2,Nutrient,34,5300.0
1,Nutrient,34,600.0
3,Nutrient,34,2900.0
3,Nutrient,34,6100.0
38,Nutrient,160,278.0
2,Nutrient,160,1200.0
1,Nutrient,160,400.0
3,Nutrient,160,13000.0
3,Nutrient,160,15700.0
38,Nutrient,160,175.0
2,Nutrient,160,1400.0
1,Nutrient,160,1000.0
3,Nutrient,160,4700.0
3,Nutrient,160,9000.0
38,Nutrient,526,334.0
2,Nutrient,526,19000.0
1,Nutrient,526,300.0
3,Nutrient,526,0.0
3,Nutrient,526,0.0
38,Nutrient,134,1313.0
2,Nutrient,134,18900.0
1,Nutrient,134,2000.0
3,Nutrient,134,45600.0
3,Nutrient,134,63400.0
38,Nutrient,98,1422.0
2,Nutrient,98,25100.0
1,Nutrient,98,2000.0
3,Nutrient,98,48900.0
3,Nutrient,98,60100.0
38,Nutrient,158,61.0
2,Nutrient,158,1700.0
1,Nutrient,158,200.0
3,Nutrient,158,900.0
3,Nutrient,158,2100.0
38,Nutrient,750,1478.0
2,Nutrient,750,300.0
1,Nutrient,750,0.0
3,Nutrient,750,85900.0
3,Nutrient,750,87500.0
38,Nutrient,575,1503.0
2,Nutrient,575,10800.0
1,Nutrient,575,2300.0
3,Nutrient,575,69000.0
3,Nutrient,575,76700.0
38,Nutrient,88,1467.0
2,Nutrient,88,9200.0
1,Nutrient,88,2400.0
3,Nutrient,88,67400.0
3,Nutrient,88,76900.0
38,Nutrient,88,1423.0
2,Nutrient,88,9200.0
1,Nutrient,88,3000.0
3,Nutrient,88,64400.0
3,Nutrient,88,72000.0
38,Nutrient,585,884.0
2,Nutrient,585,29600.0
1,Nutrient,585,10300.0
3,Nutrient,585,0.0
3,Nutrient,585,0.0
38,Nutrient,585,448.0
2,Nutrient,585,20500.0
1,Nutrient,585,2700.0
3,Nutrient,585,0.0
3,Nutrient,585,0.0
38,Nutrient,198,568.0
2,Nutrient,198,10000.0
1,Nutrient,198,1000.0
3,Nutrient,198,18800.0
3,Nutrient,198,24000.0
38,Nutrient,200,142.0
2,Nutrient,200,3000.0
1,Nutrient,200,200.0
3,Nutrient,200,4100.0
3,Nutrient,200,5900.0
38,Nutrient,85,72.0
2,Nutrient,85,1600.0
1,Nutrient,85,200.0
3,Nutrient,85,800.0
3,Nutrient,85,3800.0
38,Nutrient,85,240.0
2,Nutrient,85,6200.0
1,Nutrient,85,1400.0
3,Nutrient,85,4500.0
3,Nutrient,85,5300.0
38,Nutrient,134,135.0
2,Nutrient,134,3000.0
1,Nutrient,134,300.0
3,Nutrient,134,3700.0
3,Nutrient,134,4900.0
38,Nutrient,707,1558.0
2,Nutrient,707,16200.0
1,Nutrient,707,3400.0
3,Nutrient,707,64700.0
3,Nutrient,707,71800.0
38,Nutrient,707,1663.0
2,Nutrient,707,5300.0
1,Nutrient,707,3800.0
3,Nutrient,707,81500.0
3,Nutrient,707,87400.0
38,Nutrient,707,1686.0
2,Nutrient,707,22500.0
1,Nutrient,707,21900.0
3,Nutrient,707,17700.0
3,Nutrient,707,41700.0
38,Nutrient,710,295.0
2,Nutrient,710,3700.0
1,Nutrient,710,1800.0
3,Nutrient,710,9500.0
3,Nutrient,710,10000.0
38,Nutrient,710,293.0
2,Nutrient,710,3600.0
1,Nutrient,710,1700.0
3,Nutrient,710,9700.0
3,Nutrient,710,10200.0
38,Nutrient,710,252.0
2,Nutrient,710,3600.0
1,Nutrient,710,500.0
3,Nutrient,710,9900.0
3,Nutrient,710,10400.0
38,Nutrient,710,252.0
2,Nutrient,710,3600.0
1,Nutrient,710,500.0
3,Nutrient,710,9900.0
3,Nutrient,710,10400.0
38,Nutrient,706,3700.0
2,Nutrient,706,0.0
1,Nutrient,706,100000.0
3,Nutrient,706,0.0
3,Nutrient,706,0.0
38,Nutrient,631,835.0
2,Nutrient,631,25000.0
1,Nutrient,631,11000.0
3,Nutrient,631,200.0
3,Nutrient,631,200.0
38,Nutrient,631,1196.0
2,Nutrient,631,21400.0
1,Nutrient,631,22400.0
3,Nutrient,631,200.0
3,Nutrient,631,200.0
38,Nutrient,631,1304.0
2,Nutrient,631,19500.0
1,Nutrient,631,26200.0
3,Nutrient,631,200.0
3,Nutrient,631,200.0
38,Nutrient,64,152.0
2,Nutrient,64,800.0
1,Nutrient,64,200.0
3,Nutrient,64,7300.0
3,Nutrient,64,8200.0
38,Nutrient,23,117.0
2,Nutrient,23,1000.0
1,Nutrient,23,300.0
3,Nutrient,23,3900.0
3,Nutrient,23,6700.0
38,Nutrient,11,2533.0
2,Nutrient,11,16800.0
1,Nutrient,11,47800.0
3,Nutrient,11,26600.0
3,Nutrient,11,29900.0
38,Nutrient,11,2506.0
2,Nutrient,11,15300.0
1,Nutrient,11,46400.0
3,Nutrient,11,29700.0
3,Nutrient,11,32700.0
38,Nutrient,330,78.0
2,Nutrient,330,800.0
1,Nutrient,330,100.0
3,Nutrient,330,2800.0
3,Nutrient,330,4500.0
38,Nutrient,561,92.0
2,Nutrient,561,2500.0
1,Nutrient,561,500.0
3,Nutrient,561,700.0
3,Nutrient,561,3100.0
38,Nutrient,561,103.0
2,Nutrient,561,2900.0
1,Nutrient,561,300.0
3,Nutrient,561,1700.0
3,Nutrient,561,3400.0
38,Nutrient,631,1687.0
2,Nutrient,631,26200.0
1,Nutrient,631,33100.0
3,Nutrient,631,1000.0
3,Nutrient,631,1000.0
38,Nutrient,331,331.0
2,Nutrient,331,1700.0
1,Nutrient,331,600.0
3,Nutrient,331,15400.0
3,Nutrient,331,17700.0
38,Nutrient,631,1579.0
2,Nutrient,631,24000.0
1,Nutrient,631,31200.0
3,Nutrient,631,1000.0
3,Nutrient,631,1000.0
38,Nutrient,709,1945.0
2,Nutrient,709,9000.0
1,Nutrient,709,19300.0
3,Nutrient,709,63000.0
3,Nutrient,709,63900.0
38,Nutrient,54,132.0
2,Nutrient,54,500.0
1,Nutrient,54,1100.0
3,Nutrient,54,4300.0
3,Nutrient,54,5500.0
38,Nutrient,54,153.0
2,Nutrient,54,400.0
1,Nutrient,54,0.0
3,Nutrient,54,8600.0
3,Nutrient,54,8600.0
38,Nutrient,54,213.0
2,Nutrient,54,1500.0
1,Nutrient,54,300.0
3,Nutrient,54,5400.0
3,Nutrient,54,16000.0
38,Nutrient,277,945.0
2,Nutrient,277,0.0
1,Nutrient,277,0.0
3,Nutrient,277,1000.0
3,Nutrient,277,1000.0
38,Nutrient,270,1607.0
2,Nutrient,270,5600.0
1,Nutrient,270,900.0
3,Nutrient,270,86100.0
3,Nutrient,270,88000.0
38,Nutrient,270,1559.0
2,Nutrient,270,7300.0
1,Nutrient,270,1300.0
3,Nutrient,270,80100.0
3,Nutrient,270,83200.0
38,Nutrient,669,797.0
2,Nutrient,669,2800.0
1,Nutrient,669,18600.0
3,Nutrient,669,3600.0
3,Nutrient,669,3600.0
38,Nutrient,669,1502.0
2,Nutrient,669,2100.0
1,Nutrient,669,38400.0
3,Nutrient,669,2700.0
3,Nutrient,669,2700.0
38,Nutrient,669,454.0
2,Nutrient,669,3400.0
1,Nutrient,669,9000.0
3,Nutrient,669,3700.0
3,Nutrient,669,3700.0
38,Nutrient,660,1726.0
2,Nutrient,660,7900.0
1,Nutrient,660,23100.0
3,Nutrient,660,42200.0
3,Nutrient,660,44700.0
38,Nutrient,715,269.0
2,Nutrient,715,3500.0
1,Nutrient,715,3600.0
3,Nutrient,715,4500.0
3,Nutrient,715,4500.0
38,Nutrient,135,1377.0
2,Nutrient,135,2000.0
1,Nutrient,135,500.0
3,Nutrient,135,74900.0
3,Nutrient,135,81300.0
38,Nutrient,631,1447.0
2,Nutrient,631,20200.0
1,Nutrient,631,29500.0
3,Nutrient,631,700.0
3,Nutrient,631,700.0
38,Nutrient,631,1633.0
2,Nutrient,631,16500.0
1,Nutrient,631,36100.0
3,Nutrient,631,1000.0
3,Nutrient,631,1000.0
38,Nutrient,631,950.0
2,Nutrient,631,28400.0
1,Nutrient,631,12400.0
3,Nutrient,631,500.0
3,Nutrient,631,500.0
38,Nutrient,631,1081.0
2,Nutrient,631,28400.0
1,Nutrient,631,15700.0
3,Nutrient,631,1000.0
3,Nutrient,631,1000.0
38,Nutrient,631,1342.0
2,Nutrient,631,23700.0
1,Nutrient,631,25000.0
3,Nutrient,631,800.0
3,Nutrient,631,800.0
38,Nutrient,13,200.0
2,Nutrient,13,3500.0
1,Nutrient,13,1100.0
3,Nutrient,13,4900.0
3,Nutrient,13,7000.0
38,Nutrient,13,1344.0
2,Nutrient,13,20000.0
1,Nutrient,13,4400.0
3,Nutrient,13,43900.0
3,Nutrient,13,55800.0
38,Nutrient,661,1586.0
2,Nutrient,661,2000.0
1,Nutrient,661,1700.0
3,Nutrient,661,87600.0
3,Nutrient,661,87600.0
38,Nutrient,661,1978.0
2,Nutrient,661,5000.0
1,Nutrient,661,17200.0
3,Nutrient,661,73900.0
3,Nutrient,661,73900.0
38,Nutrient,664,2142.0
2,Nutrient,664,4800.0
1,Nutrient,664,52300.0
3,Nutrient,664,7400.0
3,Nutrient,664,7400.0
38,Nutrient,664,1733.0
2,Nutrient,664,1600.0
1,Nutrient,664,41700.0
3,Nutrient,664,9600.0
3,Nutrient,664,9600.0
38,Nutrient,664,883.0
2,Nutrient,664,1300.0
1,Nutrient,664,18900.0
3,Nutrient,664,9500.0
3,Nutrient,664,9500.0
38,Nutrient,664,1936.0
2,Nutrient,664,800.0
1,Nutrient,664,44800.0
3,Nutrient,664,15600.0
3,Nutrient,664,15600.0
38,Nutrient,664,1234.0
2,Nutrient,664,400.0
1,Nutrient,664,28400.0
3,Nutrient,664,10400.0
3,Nutrient,664,10400.0
38,Nutrient,664,1439.0
2,Nutrient,664,1200.0
1,Nutrient,664,32500.0
3,Nutrient,664,12700.0
3,Nutrient,664,12700.0
38,Nutrient,664,742.0
2,Nutrient,664,1000.0
1,Nutrient,664,13400.0
3,Nutrient,664,13500.0
3,Nutrient,664,13500.0
38,Nutrient,664,1446.0
2,Nutrient,664,600.0
1,Nutrient,664,34300.0
3,Nutrient,664,9800.0
3,Nutrient,664,9800.0
38,Nutrient,664,197.0
2,Nutrient,664,300.0
1,Nutrient,664,1100.0
3,Nutrient,664,8900.0
3,Nutrient,664,8900.0
38,Nutrient,664,1548.0
2,Nutrient,664,1100.0
1,Nutrient,664,35100.0
3,Nutrient,664,12600.0
3,Nutrient,664,14600.0
38,Nutrient,65,70.0
2,Nutrient,65,1200.0
1,Nutrient,65,100.0
3,Nutrient,65,2100.0
3,Nutrient,65,3400.0
38,Nutrient,374,268.0
2,Nutrient,374,600.0
1,Nutrient,374,100.0
3,Nutrient,374,14900.0
3,Nutrient,374,15000.0
38,Nutrient,624,1195.0
2,Nutrient,624,18500.0
1,Nutrient,624,23800.0
3,Nutrient,624,0.0
3,Nutrient,624,0.0
38,Nutrient,624,619.0
2,Nutrient,624,20100.0
1,Nutrient,624,7500.0
3,Nutrient,624,0.0
3,Nutrient,624,0.0
38,Nutrient,531,82.0
2,Nutrient,531,400.0
1,Nutrient,531,0.0
3,Nutrient,531,600.0
3,Nutrient,531,600.0
38,Nutrient,631,1342.0
2,Nutrient,631,26600.0
1,Nutrient,631,23400.0
3,Nutrient,631,1400.0
3,Nutrient,631,1400.0
38,Nutrient,631,1571.0
2,Nutrient,631,28100.0
1,Nutrient,631,29100.0
3,Nutrient,631,1000.0
3,Nutrient,631,1000.0
38,Nutrient,631,1378.0
2,Nutrient,631,24200.0
1,Nutrient,631,25700.0
3,Nutrient,631,900.0
3,Nutrient,631,900.0
38,Nutrient,631,1764.0
2,Nutrient,631,19400.0
1,Nutrient,631,38300.0
3,Nutrient,631,1000.0
3,Nutrient,631,1000.0
38,Nutrient,82,1351.0
2,Nutrient,82,15800.0
1,Nutrient,82,14900.0
3,Nutrient,82,12500.0
3,Nutrient,82,52300.0
38,Nutrient,82,98.0
2,Nutrient,82,1400.0
1,Nutrient,82,200.0
3,Nutrient,82,3000.0
3,Nutrient,82,5000.0
38,Nutrient,149,313.0
2,Nutrient,149,500.0
1,Nutrient,149,200.0
3,Nutrient,149,16900.0
3,Nutrient,149,18100.0
38,Nutrient,149,198.0
2,Nutrient,149,1000.0
1,Nutrient,149,400.0
3,Nutrient,149,9000.0
3,Nutrient,149,10700.0
38,Nutrient,149,1406.0
2,Nutrient,149,4900.0
1,Nutrient,149,1000.0
3,Nutrient,149,68900.0
3,Nutrient,149,83200.0
38,Nutrient,631,1066.0
2,Nutrient,631,19400.0
1,Nutrient,631,19200.0
3,Nutrient,631,1500.0
3,Nutrient,631,1500.0
38,Nutrient,631,1260.0
2,Nutrient,631,17800.0
1,Nutrient,631,25200.0
3,Nutrient,631,1500.0
3,Nutrient,631,1500.0
38,Nutrient,836,1027.0
2,Nutrient,836,9800.0
1,Nutrient,836,1900.0
3,Nutrient,836,44000.0
3,Nutrient,836,49300.0
38,Nutrient,81,325.0
2,Nutrient,81,800.0
1,Nutrient,81,300.0
3,Nutrient,81,16300.0
3,Nutrient,81,19200.0
38,Nutrient,81,1092.0
2,Nutrient,81,3300.0
1,Nutrient,81,900.0
3,Nutrient,81,54600.0
3,Nutrient,81,63900.0
38,Nutrient,631,657.0
2,Nutrient,631,24000.0
1,Nutrient,631,6500.0
3,Nutrient,631,500.0
3,Nutrient,631,500.0
38,Nutrient,865,263.0
2,Nutrient,865,8300.0
1,Nutrient,865,1000.0
3,Nutrient,865,5000.0
3,Nutrient,865,5000.0
38,Nutrient,865,466.0
2,Nutrient,865,8500.0
1,Nutrient,865,2800.0
3,Nutrient,865,12800.0
3,Nutrient,865,12800.0
38,Nutrient,865,647.0
2,Nutrient,865,9700.0
1,Nutrient,865,8300.0
3,Nutrient,865,10300.0
3,Nutrient,865,10300.0
38,Nutrient,686,3696.0
2,Nutrient,686,0.0
1,Nutrient,686,99900.0
3,Nutrient,686,0.0
3,Nutrient,686,0.0
38,Nutrient,659,1526.0
2,Nutrient,659,9100.0
1,Nutrient,659,2300.0
3,Nutrient,659,68200.0
3,Nutrient,659,84000.0
38,Nutrient,836,1076.0
2,Nutrient,836,8300.0
1,Nutrient,836,1200.0
3,Nutrient,836,51000.0
3,Nutrient,836,54000.0
38,Nutrient,269,1129.0
2,Nutrient,269,7900.0
1,Nutrient,269,3600.0
3,Nutrient,269,48600.0
3,Nutrient,269,53000.0
38,Nutrient,269,1148.0
2,Nutrient,269,8700.0
1,Nutrient,269,3300.0
3,Nutrient,269,49500.0
3,Nutrient,269,54000.0
38,Nutrient,549,2477.0
2,Nutrient,549,58000.0
1,Nutrient,549,40300.0
3,Nutrient,549,0.0
3,Nutrient,549,0.0
38,Nutrient,669,625.0
2,Nutrient,669,2900.0
1,Nutrient,669,13500.0
3,Nutrient,669,4500.0
3,Nutrient,669,4500.0
38,Nutrient,669,608.0
2,Nutrient,669,2800.0
1,Nutrient,669,13300.0
3,Nutrient,669,4000.0
3,Nutrient,669,4000.0
38,Nutrient,669,785.0
2,Nutrient,669,2700.0
1,Nutrient,669,18000.0
3,Nutrient,669,4300.0
3,Nutrient,669,4300.0
38,Nutrient,669,1496.0
2,Nutrient,669,2100.0
1,Nutrient,669,38000.0
3,Nutrient,669,3200.0
3,Nutrient,669,3200.0
38,Nutrient,669,462.0
2,Nutrient,669,3100.0
1,Nutrient,669,9100.0
3,Nutrient,669,4300.0
3,Nutrient,669,4300.0
38,Nutrient,669,459.0
2,Nutrient,669,3100.0
1,Nutrient,669,9000.0
3,Nutrient,669,4300.0
3,Nutrient,669,4300.0
38,Nutrient,702,1791.0
2,Nutrient,702,4400.0
1,Nutrient,702,16500.0
3,Nutrient,702,64800.0
3,Nutrient,702,65300.0
38,Nutrient,709,2271.0
2,Nutrient,709,7100.0
1,Nutrient,709,31300.0
3,Nutrient,709,58200.0
3,Nutrient,709,58600.0
38,Nutrient,709,2397.0
2,Nutrient,709,8800.0
1,Nutrient,709,37500.0
3,Nutrient,709,50600.0
3,Nutrient,709,50600.0
38,Nutrient,641,868.0
2,Nutrient,641,3500.0
1,Nutrient,641,11000.0
3,Nutrient,641,23600.0
3,Nutrient,641,23600.0
38,Nutrient,631,1381.0
2,Nutrient,631,10200.0
1,Nutrient,631,31500.0
3,Nutrient,631,2500.0
3,Nutrient,631,2500.0
38,Nutrient,631,1571.0
2,Nutrient,631,9600.0
1,Nutrient,631,36900.0
3,Nutrient,631,2500.0
3,Nutrient,631,2500.0
38,Nutrient,660,1158.0
2,Nutrient,660,2700.0
1,Nutrient,660,13700.0
3,Nutrient,660,34900.0
3,Nutrient,660,36400.0
38,Nutrient,634,404.0
2,Nutrient,634,3000.0
1,Nutrient,634,7700.0
3,Nutrient,634,3800.0
3,Nutrient,634,4300.0
38,Nutrient,631,1399.0
2,Nutrient,631,24800.0
1,Nutrient,631,26000.0
3,Nutrient,631,900.0
3,Nutrient,631,900.0
38,Nutrient,631,1556.0
2,Nutrient,631,23800.0
1,Nutrient,631,30700.0
3,Nutrient,631,900.0
3,Nutrient,631,900.0
38,Nutrient,5,139.0
2,Nutrient,5,1800.0
1,Nutrient,5,200.0
3,Nutrient,5,4700.0
3,Nutrient,5,7300.0
38,Nutrient,836,1131.0
2,Nutrient,836,8000.0
1,Nutrient,836,4300.0
3,Nutrient,836,47300.0
3,Nutrient,836,51300.0
38,Nutrient,631,693.0
2,Nutrient,631,6900.0
1,Nutrient,631,8200.0
3,Nutrient,631,16000.0
3,Nutrient,631,16000.0
38,Nutrient,81,1335.0
2,Nutrient,81,2500.0
1,Nutrient,81,4500.0
3,Nutrient,81,62700.0
3,Nutrient,81,70200.0
38,Nutrient,790,1311.0
2,Nutrient,790,2700.0
1,Nutrient,790,5600.0
3,Nutrient,790,58500.0
3,Nutrient,790,66400.0
38,Nutrient,788,717.0
2,Nutrient,788,200.0
1,Nutrient,788,0.0
3,Nutrient,788,42000.0
3,Nutrient,788,42000.0
38,Nutrient,788,145.0
2,Nutrient,788,200.0
1,Nutrient,788,0.0
3,Nutrient,788,8300.0
3,Nutrient,788,8300.0
38,Nutrient,634,1697.0
2,Nutrient,634,0.0
1,Nutrient,634,0.0
3,Nutrient,634,99800.0
3,Nutrient,634,99800.0
38,Nutrient,592,290.0
2,Nutrient,592,16400.0
1,Nutrient,592,300.0
3,Nutrient,592,0.0
3,Nutrient,592,0.0
38,Nutrient,631,1480.0
2,Nutrient,631,25900.0
1,Nutrient,631,27700.0
3,Nutrient,631,900.0
3,Nutrient,631,900.0
38,Nutrient,696,947.0
2,Nutrient,696,18700.0
1,Nutrient,696,17000.0
3,Nutrient,696,0.0
3,Nutrient,696,0.0
38,Nutrient,696,564.0
2,Nutrient,696,20100.0
1,Nutrient,696,6000.0
3,Nutrient,696,0.0
3,Nutrient,696,0.0
38,Nutrient,531,937.0
2,Nutrient,531,12300.0
1,Nutrient,531,16000.0
3,Nutrient,531,8000.0
3,Nutrient,531,8000.0
38,Nutrient,439,367.0
2,Nutrient,439,19000.0
1,Nutrient,439,1200.0
3,Nutrient,439,0.0
3,Nutrient,439,0.0
38,Nutrient,712,289.0
2,Nutrient,712,3600.0
1,Nutrient,712,4100.0
3,Nutrient,712,4500.0
3,Nutrient,712,4500.0
38,Nutrient,684,1481.0
2,Nutrient,684,86900.0
1,Nutrient,684,100.0
3,Nutrient,684,0.0
3,Nutrient,684,0.0
38,Nutrient,174,1099.0
2,Nutrient,174,0.0
1,Nutrient,174,0.0
3,Nutrient,174,0.0
3,Nutrient,174,0.0
38,Nutrient,836,1004.0
2,Nutrient,836,8200.0
1,Nutrient,836,2000.0
3,Nutrient,836,44000.0
3,Nutrient,836,49300.0
38,Nutrient,575,1426.0
2,Nutrient,575,10700.0
1,Nutrient,575,2400.0
3,Nutrient,575,62500.0
3,Nutrient,575,74100.0
38,Nutrient,631,1480.0
2,Nutrient,631,33600.0
1,Nutrient,631,24100.0
3,Nutrient,631,1000.0
3,Nutrient,631,1000.0
38,Nutrient,151,315.0
2,Nutrient,151,1000.0
1,Nutrient,151,300.0
3,Nutrient,151,16600.0
3,Nutrient,151,17200.0
38,Nutrient,256,180.0
2,Nutrient,256,900.0
1,Nutrient,256,300.0
3,Nutrient,256,8400.0
3,Nutrient,256,9800.0
38,Nutrient,256,143.0
2,Nutrient,256,300.0
1,Nutrient,256,100.0
3,Nutrient,256,7900.0
3,Nutrient,256,7900.0
38,Nutrient,836,1199.0
2,Nutrient,836,9300.0
1,Nutrient,836,3800.0
3,Nutrient,836,50300.0
3,Nutrient,836,55900.0
38,Nutrient,836,1092.0
2,Nutrient,836,8300.0
1,Nutrient,836,3300.0
3,Nutrient,836,46800.0
3,Nutrient,836,51000.0
38,Nutrient,631,1646.0
2,Nutrient,631,29900.0
1,Nutrient,631,30100.0
3,Nutrient,631,1400.0
3,Nutrient,631,1400.0
38,Nutrient,66,438.0
2,Nutrient,66,400.0
1,Nutrient,66,100.0
3,Nutrient,66,24700.0
3,Nutrient,66,25600.0
38,Nutrient,66,75.0
2,Nutrient,66,600.0
1,Nutrient,66,100.0
3,Nutrient,66,3100.0
3,Nutrient,66,4200.0
38,Nutrient,395,116.0
2,Nutrient,395,2100.0
1,Nutrient,395,600.0
3,Nutrient,395,1800.0
3,Nutrient,395,5200.0
38,Nutrient,395,135.0
2,Nutrient,395,2200.0
1,Nutrient,395,900.0
3,Nutrient,395,2200.0
3,Nutrient,395,5600.0
38,Nutrient,30,245.0
2,Nutrient,30,4700.0
1,Nutrient,30,1200.0
3,Nutrient,30,4200.0
3,Nutrient,30,10400.0
38,Nutrient,134,140.0
2,Nutrient,134,2000.0
1,Nutrient,134,300.0
3,Nutrient,134,4100.0
3,Nutrient,134,7300.0
38,Nutrient,134,97.0
2,Nutrient,134,1500.0
1,Nutrient,134,300.0
3,Nutrient,134,2400.0
3,Nutrient,134,4800.0
38,Nutrient,85,110.0
2,Nutrient,85,1900.0
1,Nutrient,85,200.0
3,Nutrient,85,2700.0
3,Nutrient,85,5700.0
38,Nutrient,141,318.0
2,Nutrient,141,6100.0
1,Nutrient,141,700.0
3,Nutrient,141,8900.0
3,Nutrient,141,13600.0
38,Nutrient,141,314.0
2,Nutrient,141,5900.0
1,Nutrient,141,800.0
3,Nutrient,141,7700.0
3,Nutrient,141,14300.0
38,Nutrient,141,292.0
2,Nutrient,141,5900.0
1,Nutrient,141,700.0
3,Nutrient,141,7000.0
3,Nutrient,141,12900.0
38,Nutrient,851,220.0
2,Nutrient,851,2100.0
1,Nutrient,851,400.0
3,Nutrient,851,9200.0
3,Nutrient,851,10900.0
38,Nutrient,150,177.0
2,Nutrient,150,900.0
1,Nutrient,150,500.0
3,Nutrient,150,6100.0
3,Nutrient,150,11000.0
38,Nutrient,141,1471.0
2,Nutrient,141,22000.0
1,Nutrient,141,2100.0
3,Nutrient,141,56500.0
3,Nutrient,141,63900.0
38,Nutrient,245,162.0
2,Nutrient,245,800.0
1,Nutrient,245,400.0
3,Nutrient,245,6600.0
3,Nutrient,245,9300.0
38,Nutrient,245,109.0
2,Nutrient,245,900.0
1,Nutrient,245,200.0
3,Nutrient,245,4000.0
3,Nutrient,245,6300.0
38,Nutrient,245,163.0
2,Nutrient,245,1000.0
1,Nutrient,245,400.0
3,Nutrient,245,6300.0
3,Nutrient,245,9300.0
38,Nutrient,245,175.0
2,Nutrient,245,1000.0
1,Nutrient,245,200.0
3,Nutrient,245,8500.0
3,Nutrient,245,9300.0
38,Nutrient,245,98.0
2,Nutrient,245,600.0
1,Nutrient,245,200.0
3,Nutrient,245,4000.0
3,Nutrient,245,5500.0
38,Nutrient,245,150.0
2,Nutrient,245,700.0
1,Nutrient,245,400.0
3,Nutrient,245,5900.0
3,Nutrient,245,8800.0
38,Nutrient,682,1327.0
2,Nutrient,682,35600.0
1,Nutrient,682,1500.0
3,Nutrient,682,29900.0
3,Nutrient,682,49600.0
38,Nutrient,682,646.0
2,Nutrient,682,27800.0
1,Nutrient,682,0.0
3,Nutrient,682,8800.0
3,Nutrient,682,11800.0
38,Nutrient,590,1514.0
2,Nutrient,590,15900.0
1,Nutrient,590,33600.0
3,Nutrient,590,0.0
3,Nutrient,590,0.0
38,Nutrient,590,650.0
2,Nutrient,590,22800.0
1,Nutrient,590,7100.0
3,Nutrient,590,0.0
3,Nutrient,590,0.0
38,Nutrient,704,3693.0
2,Nutrient,704,0.0
1,Nutrient,704,99800.0
3,Nutrient,704,0.0
3,Nutrient,704,0.0
38,Nutrient,549,508.0
2,Nutrient,549,18400.0
1,Nutrient,549,4900.0
3,Nutrient,549,800.0
3,Nutrient,549,800.0
38,Nutrient,549,508.0
2,Nutrient,549,18400.0
1,Nutrient,549,4900.0
3,Nutrient,549,800.0
3,Nutrient,549,800.0
38,Nutrient,595,478.0
2,Nutrient,595,21600.0
1,Nutrient,595,3000.0
3,Nutrient,595,0.0
3,Nutrient,595,0.0
38,Nutrient,381,2502.0
2,Nutrient,381,14900.0
1,Nutrient,381,49300.0
3,Nutrient,381,21100.0
3,Nutrient,381,29300.0
38,Nutrient,631,1220.0
2,Nutrient,631,30100.0
1,Nutrient,631,18500.0
3,Nutrient,631,1400.0
3,Nutrient,631,1400.0
38,Nutrient,631,1428.0
2,Nutrient,631,24500.0
1,Nutrient,631,26800.0
3,Nutrient,631,1200.0
3,Nutrient,631,1200.0
38,Nutrient,631,1770.0
2,Nutrient,631,19500.0
1,Nutrient,631,38100.0
3,Nutrient,631,1700.0
3,Nutrient,631,1700.0
38,Nutrient,619,450.0
2,Nutrient,619,16000.0
1,Nutrient,619,4800.0
3,Nutrient,619,0.0
3,Nutrient,619,0.0
38,Nutrient,297,374.0
2,Nutrient,297,16100.0
1,Nutrient,297,2700.0
3,Nutrient,297,0.0
3,Nutrient,297,0.0
38,Nutrient,22,1529.0
2,Nutrient,22,13000.0
1,Nutrient,22,6500.0
3,Nutrient,22,57500.0
3,Nutrient,22,68700.0
38,Nutrient,22,1542.0
2,Nutrient,22,13300.0
1,Nutrient,22,6500.0
3,Nutrient,22,58400.0
3,Nutrient,22,68700.0
38,Nutrient,22,1533.0
2,Nutrient,22,13200.0
1,Nutrient,22,6500.0
3,Nutrient,22,58100.0
3,Nutrient,22,68200.0
38,Nutrient,22,1544.0
2,Nutrient,22,13900.0
1,Nutrient,22,6400.0
3,Nutrient,22,57600.0
3,Nutrient,22,69100.0
38,Nutrient,375,788.0
2,Nutrient,375,12400.0
1,Nutrient,375,15600.0
3,Nutrient,375,0.0
3,Nutrient,375,0.0
38,Nutrient,375,849.0
2,Nutrient,375,14900.0
1,Nutrient,375,16100.0
3,Nutrient,375,0.0
3,Nutrient,375,0.0
38,Nutrient,375,788.0
2,Nutrient,375,12400.0
1,Nutrient,375,15600.0
3,Nutrient,375,0.0
3,Nutrient,375,0.0
38,Nutrient,527,439.0
2,Nutrient,527,20600.0
1,Nutrient,527,2400.0
3,Nutrient,527,0.0
3,Nutrient,527,0.0
38,Nutrient,527,439.0
2,Nutrient,527,20600.0
1,Nutrient,527,2400.0
3,Nutrient,527,0.0
3,Nutrient,527,0.0
38,Nutrient,514,480.0
2,Nutrient,514,21700.0
1,Nutrient,514,3000.0
3,Nutrient,514,0.0
3,Nutrient,514,0.0
38,Nutrient,160,228.0
2,Nutrient,160,1400.0
1,Nutrient,160,1400.0
3,Nutrient,160,6900.0
3,Nutrient,160,11300.0
38,Nutrient,160,228.0
2,Nutrient,160,1400.0
1,Nutrient,160,1400.0
3,Nutrient,160,6900.0
3,Nutrient,160,11300.0
38,Nutrient,160,860.0
2,Nutrient,160,600.0
1,Nutrient,160,600.0
3,Nutrient,160,48100.0
3,Nutrient,160,49300.0
38,Nutrient,160,146.0
2,Nutrient,160,500.0
1,Nutrient,160,500.0
3,Nutrient,160,7000.0
3,Nutrient,160,7000.0
38,Nutrient,160,724.0
2,Nutrient,160,500.0
1,Nutrient,160,500.0
3,Nutrient,160,41000.0
3,Nutrient,160,41000.0
38,Nutrient,631,1488.0
2,Nutrient,631,32800.0
1,Nutrient,631,24700.0
3,Nutrient,631,1000.0
3,Nutrient,631,1000.0
38,Nutrient,126,1504.0
2,Nutrient,126,11000.0
1,Nutrient,126,4200.0
3,Nutrient,126,64300.0
3,Nutrient,126,72800.0
38,Nutrient,126,1564.0
2,Nutrient,126,12100.0
1,Nutrient,126,3300.0
3,Nutrient,126,71800.0
3,Nutrient,126,73800.0
38,Nutrient,334,621.0
2,Nutrient,334,15600.0
1,Nutrient,334,9300.0
3,Nutrient,334,700.0
3,Nutrient,334,700.0
38,Nutrient,506,421.0
2,Nutrient,506,14900.0
1,Nutrient,506,3700.0
3,Nutrient,506,1800.0
3,Nutrient,506,1800.0
38,Nutrient,506,427.0
2,Nutrient,506,17700.0
1,Nutrient,506,3100.0
3,Nutrient,506,700.0
3,Nutrient,506,700.0
38,Nutrient,549,455.0
2,Nutrient,549,17000.0
1,Nutrient,549,4300.0
3,Nutrient,549,400.0
3,Nutrient,549,400.0
38,Nutrient,64,1399.0
2,Nutrient,64,300.0
1,Nutrient,64,0.0
3,Nutrient,64,82000.0
3,Nutrient,64,82000.0
38,Nutrient,64,96.0
2,Nutrient,64,600.0
1,Nutrient,64,200.0
3,Nutrient,64,4300.0
3,Nutrient,64,5000.0
38,Nutrient,593,464.0
2,Nutrient,593,21400.0
1,Nutrient,593,2700.0
3,Nutrient,593,0.0
3,Nutrient,593,0.0
38,Nutrient,598,378.0
2,Nutrient,598,18700.0
1,Nutrient,598,1500.0
3,Nutrient,598,300.0
3,Nutrient,598,300.0
38,Nutrient,598,378.0
2,Nutrient,598,18700.0
1,Nutrient,598,1500.0
3,Nutrient,598,300.0
3,Nutrient,598,300.0
38,Nutrient,598,395.0
2,Nutrient,598,19600.0
1,Nutrient,598,1300.0
3,Nutrient,598,800.0
3,Nutrient,598,800.0
38,Nutrient,623,488.0
2,Nutrient,623,23500.0
1,Nutrient,623,2400.0
3,Nutrient,623,0.0
3,Nutrient,623,0.0
38,Nutrient,836,1146.0
2,Nutrient,836,8800.0
1,Nutrient,836,2800.0
3,Nutrient,836,51200.0
3,Nutrient,836,54000.0
38,Nutrient,269,1040.0
2,Nutrient,269,8400.0
1,Nutrient,269,2700.0
3,Nutrient,269,44100.0
3,Nutrient,269,50000.0
38,Nutrient,269,1211.0
2,Nutrient,269,9300.0
1,Nutrient,269,6600.0
3,Nutrient,269,45400.0
3,Nutrient,269,50000.0
38,Nutrient,836,1129.0
2,Nutrient,836,9000.0
1,Nutrient,836,1800.0
3,Nutrient,836,52100.0
3,Nutrient,836,55000.0
38,Nutrient,836,1137.0
2,Nutrient,836,8500.0
1,Nutrient,836,3700.0
3,Nutrient,836,48900.0
3,Nutrient,836,52000.0
38,Nutrient,269,1077.0
2,Nutrient,269,8300.0
1,Nutrient,269,2900.0
3,Nutrient,269,46700.0
3,Nutrient,269,51000.0
38,Nutrient,269,1130.0
2,Nutrient,269,8300.0
1,Nutrient,269,5600.0
3,Nutrient,269,44200.0
3,Nutrient,269,48000.0
38,Nutrient,836,1065.0
2,Nutrient,836,8200.0
1,Nutrient,836,1600.0
3,Nutrient,836,49500.0
3,Nutrient,836,52600.0
38,Nutrient,269,1168.0
2,Nutrient,269,9300.0
1,Nutrient,269,6100.0
3,Nutrient,269,44200.0
3,Nutrient,269,48300.0
38,Nutrient,836,1073.0
2,Nutrient,836,8000.0
1,Nutrient,836,2700.0
3,Nutrient,836,47700.0
3,Nutrient,836,51000.0
38,Nutrient,269,1081.0
2,Nutrient,269,8300.0
1,Nutrient,269,2900.0
3,Nutrient,269,47200.0
3,Nutrient,269,51000.0
38,Nutrient,770,1497.0
2,Nutrient,770,9200.0
1,Nutrient,770,1200.0
3,Nutrient,770,75000.0
3,Nutrient,770,77700.0
38,Nutrient,575,1439.0
2,Nutrient,575,10700.0
1,Nutrient,575,2000.0
3,Nutrient,575,64400.0
3,Nutrient,575,75400.0
38,Nutrient,575,1594.0
2,Nutrient,575,28100.0
1,Nutrient,575,9600.0
3,Nutrient,575,39000.0
3,Nutrient,575,51300.0
38,Nutrient,575,3700.0
2,Nutrient,575,0.0
1,Nutrient,575,100000.0
3,Nutrient,575,0.0
3,Nutrient,575,0.0
38,Nutrient,270,1216.0
2,Nutrient,270,16200.0
1,Nutrient,270,5300.0
3,Nutrient,270,24900.0
3,Nutrient,270,65100.0
38,Nutrient,79,1476.0
2,Nutrient,79,9600.0
1,Nutrient,79,1600.0
3,Nutrient,79,72000.0
3,Nutrient,79,75700.0
38,Nutrient,134,1356.0
2,Nutrient,134,21300.0
1,Nutrient,134,2700.0
3,Nutrient,134,43900.0
3,Nutrient,134,62300.0
38,Nutrient,30,126.0
2,Nutrient,30,1200.0
1,Nutrient,30,200.0
3,Nutrient,30,4700.0
3,Nutrient,30,7000.0
38,Nutrient,8,671.0
2,Nutrient,8,6400.0
1,Nutrient,8,500.0
3,Nutrient,8,31000.0
3,Nutrient,8,33100.0
38,Nutrient,8,1462.0
2,Nutrient,8,16800.0
1,Nutrient,8,800.0
3,Nutrient,8,62800.0
3,Nutrient,8,72700.0
38,Nutrient,626,330.0
2,Nutrient,626,100.0
1,Nutrient,626,0.0
3,Nutrient,626,2400.0
3,Nutrient,626,2400.0
38,Nutrient,626,316.0
2,Nutrient,626,300.0
1,Nutrient,626,0.0
3,Nutrient,626,1400.0
3,Nutrient,626,1400.0
38,Nutrient,626,280.0
2,Nutrient,626,100.0
1,Nutrient,626,0.0
3,Nutrient,626,2900.0
3,Nutrient,626,2900.0
38,Nutrient,626,400.0
2,Nutrient,626,200.0
1,Nutrient,626,0.0
3,Nutrient,626,5900.0
3,Nutrient,626,5900.0
38,Nutrient,626,281.0
2,Nutrient,626,100.0
1,Nutrient,626,0.0
3,Nutrient,626,200.0
3,Nutrient,626,200.0
38,Nutrient,626,97.0
2,Nutrient,626,200.0
1,Nutrient,626,0.0
3,Nutrient,626,5500.0
3,Nutrient,626,5500.0
38,Nutrient,626,345.0
2,Nutrient,626,100.0
1,Nutrient,626,0.0
3,Nutrient,626,2600.0
3,Nutrient,626,2600.0
38,Nutrient,515,333.0
2,Nutrient,515,18300.0
1,Nutrient,515,600.0
3,Nutrient,515,0.0
3,Nutrient,515,0.0
38,Nutrient,456,1156.0
2,Nutrient,456,4500.0
1,Nutrient,456,1500.0
3,Nutrient,456,40000.0
3,Nutrient,456,83000.0
38,Nutrient,456,224.0
2,Nutrient,456,600.0
1,Nutrient,456,500.0
3,Nutrient,456,8600.0
3,Nutrient,456,14700.0
38,Nutrient,456,969.0
2,Nutrient,456,0.0
1,Nutrient,456,0.0
3,Nutrient,456,57000.0
3,Nutrient,456,57000.0
38,Nutrient,363,280.0
2,Nutrient,363,700.0
1,Nutrient,363,500.0
3,Nutrient,363,11400.0
3,Nutrient,363,18400.0
38,Nutrient,363,129.0
2,Nutrient,363,500.0
1,Nutrient,363,500.0
3,Nutrient,363,6000.0
3,Nutrient,363,6000.0
38,Nutrient,363,758.0
2,Nutrient,363,500.0
1,Nutrient,363,500.0
3,Nutrient,363,43000.0
3,Nutrient,363,43000.0
38,Nutrient,631,433.0
2,Nutrient,631,12200.0
1,Nutrient,631,5400.0
3,Nutrient,631,1500.0
3,Nutrient,631,1500.0
38,Nutrient,334,879.0
2,Nutrient,334,17100.0
1,Nutrient,334,15900.0
3,Nutrient,334,0.0
3,Nutrient,334,0.0
38,Nutrient,334,445.0
2,Nutrient,334,20300.0
1,Nutrient,334,2700.0
3,Nutrient,334,0.0
3,Nutrient,334,0.0
38,Nutrient,101,2024.0
2,Nutrient,101,25000.0
1,Nutrient,101,31000.0
3,Nutrient,101,18100.0
3,Nutrient,101,36100.0
38,Nutrient,101,3700.0
2,Nutrient,101,0.0
1,Nutrient,101,100000.0
3,Nutrient,101,0.0
3,Nutrient,101,0.0
38,Nutrient,206,345.0
2,Nutrient,206,1800.0
1,Nutrient,206,800.0
3,Nutrient,206,15800.0
3,Nutrient,206,17800.0
38,Nutrient,641,778.0
2,Nutrient,641,4000.0
1,Nutrient,641,10000.0
3,Nutrient,641,20000.0
3,Nutrient,641,20000.0
38,Nutrient,588,343.0
2,Nutrient,588,18000.0
1,Nutrient,588,1000.0
3,Nutrient,588,0.0
3,Nutrient,588,0.0
38,Nutrient,641,661.0
2,Nutrient,641,4000.0
1,Nutrient,641,5000.0
3,Nutrient,641,24000.0
3,Nutrient,641,24000.0
38,Nutrient,754,372.0
2,Nutrient,754,500.0
1,Nutrient,754,2000.0
3,Nutrient,754,17000.0
3,Nutrient,754,17000.0
38,Nutrient,641,778.0
2,Nutrient,641,4000.0
1,Nutrient,641,10000.0
3,Nutrient,641,20000.0
3,Nutrient,641,20000.0
38,Nutrient,641,1145.0
2,Nutrient,641,3000.0
1,Nutrient,641,19000.0
3,Nutrient,641,23000.0
3,Nutrient,641,23000.0
38,Nutrient,641,1157.0
2,Nutrient,641,3900.0
1,Nutrient,641,13400.0
3,Nutrient,641,35000.0
3,Nutrient,641,35000.0
38,Nutrient,603,395.0
2,Nutrient,603,19600.0
1,Nutrient,603,1300.0
3,Nutrient,603,800.0
3,Nutrient,603,800.0
38,Nutrient,83,371.0
2,Nutrient,83,400.0
1,Nutrient,83,400.0
3,Nutrient,83,20100.0
3,Nutrient,83,21000.0
38,Nutrient,83,356.0
2,Nutrient,83,500.0
1,Nutrient,83,200.0
3,Nutrient,83,19100.0
3,Nutrient,83,21000.0
38,Nutrient,83,146.0
2,Nutrient,83,400.0
1,Nutrient,83,100.0
3,Nutrient,83,7000.0
3,Nutrient,83,9100.0
38,Nutrient,83,170.0
2,Nutrient,83,700.0
1,Nutrient,83,600.0
3,Nutrient,83,7300.0
3,Nutrient,83,8800.0
38,Nutrient,83,857.0
2,Nutrient,83,300.0
1,Nutrient,83,300.0
3,Nutrient,83,49000.0
3,Nutrient,83,50000.0
38,Nutrient,83,934.0
2,Nutrient,83,500.0
1,Nutrient,83,500.0
3,Nutrient,83,52800.0
3,Nutrient,83,54000.0
38,Nutrient,83,146.0
2,Nutrient,83,500.0
1,Nutrient,83,500.0
3,Nutrient,83,7000.0
3,Nutrient,83,7000.0
38,Nutrient,83,724.0
2,Nutrient,83,500.0
1,Nutrient,83,500.0
3,Nutrient,83,41000.0
3,Nutrient,83,41000.0
38,Nutrient,16,2463.0
2,Nutrient,16,25800.0
1,Nutrient,16,49200.0
3,Nutrient,16,8400.0
3,Nutrient,16,16100.0
38,Nutrient,16,3700.0
2,Nutrient,16,0.0
1,Nutrient,16,100000.0
3,Nutrient,16,0.0
3,Nutrient,16,0.0
38,Nutrient,16,2622.0
2,Nutrient,16,22600.0
1,Nutrient,16,53700.0
3,Nutrient,16,11200.0
3,Nutrient,16,18800.0
38,Nutrient,392,274.0
2,Nutrient,392,2100.0
1,Nutrient,392,600.0
3,Nutrient,392,11500.0
3,Nutrient,392,14100.0
38,Nutrient,49,81.0
2,Nutrient,49,1100.0
1,Nutrient,49,200.0
3,Nutrient,49,2700.0
3,Nutrient,49,3800.0
38,Nutrient,58,2.0
2,Nutrient,58,100.0
1,Nutrient,58,0.0
3,Nutrient,58,0.0
3,Nutrient,58,0.0
38,Nutrient,58,8.0
2,Nutrient,58,100.0
1,Nutrient,58,0.0
3,Nutrient,58,400.0
3,Nutrient,58,400.0
38,Nutrient,58,1497.0
2,Nutrient,58,11600.0
1,Nutrient,58,200.0
3,Nutrient,58,76000.0
3,Nutrient,58,76000.0
38,Nutrient,58,7.0
2,Nutrient,58,100.0
1,Nutrient,58,0.0
3,Nutrient,58,300.0
3,Nutrient,58,300.0
38,Nutrient,58,1271.0
2,Nutrient,58,19500.0
1,Nutrient,58,1700.0
3,Nutrient,58,42600.0
3,Nutrient,58,61700.0
38,Nutrient,58,1660.0
2,Nutrient,58,14600.0
1,Nutrient,58,15400.0
3,Nutrient,58,40200.0
3,Nutrient,58,60000.0
38,Nutrient,608,361.0
2,Nutrient,608,700.0
1,Nutrient,608,300.0
3,Nutrient,608,17100.0
3,Nutrient,608,23000.0
38,Nutrient,449,161.0
2,Nutrient,449,700.0
1,Nutrient,449,500.0
3,Nutrient,449,6000.0
3,Nutrient,449,9600.0
38,Nutrient,795,452.0
2,Nutrient,795,21000.0
1,Nutrient,795,1800.0
3,Nutrient,795,1700.0
3,Nutrient,795,1700.0
38,Nutrient,795,528.0
2,Nutrient,795,20200.0
1,Nutrient,795,5000.0
3,Nutrient,795,0.0
3,Nutrient,795,0.0
38,Nutrient,795,454.0
2,Nutrient,795,21900.0
1,Nutrient,795,2200.0
3,Nutrient,795,0.0
3,Nutrient,795,0.0
38,Nutrient,795,622.0
2,Nutrient,795,22200.0
1,Nutrient,795,6600.0
3,Nutrient,795,0.0
3,Nutrient,795,0.0
38,Nutrient,678,926.0
2,Nutrient,678,18800.0
1,Nutrient,678,16400.0
3,Nutrient,678,0.0
3,Nutrient,678,0.0
38,Nutrient,506,1158.0
2,Nutrient,506,18500.0
1,Nutrient,506,22800.0
3,Nutrient,506,0.0
3,Nutrient,506,0.0
38,Nutrient,506,449.0
2,Nutrient,506,21600.0
1,Nutrient,506,2200.0
3,Nutrient,506,0.0
3,Nutrient,506,0.0
38,Nutrient,506,549.0
2,Nutrient,506,21000.0
1,Nutrient,506,5200.0
3,Nutrient,506,0.0
3,Nutrient,506,0.0
38,Nutrient,506,758.0
2,Nutrient,506,20000.0
1,Nutrient,506,11300.0
3,Nutrient,506,0.0
3,Nutrient,506,0.0
38,Nutrient,275,1927.0
2,Nutrient,275,8300.0
1,Nutrient,275,17100.0
3,Nutrient,275,66400.0
3,Nutrient,275,69400.0
38,Nutrient,586,1005.0
2,Nutrient,586,4000.0
1,Nutrient,586,1200.0
3,Nutrient,586,27500.0
3,Nutrient,586,80600.0
38,Nutrient,540,525.0
2,Nutrient,540,22200.0
1,Nutrient,540,4000.0
3,Nutrient,540,0.0
3,Nutrient,540,0.0
38,Nutrient,583,166.0
2,Nutrient,583,2900.0
1,Nutrient,583,1300.0
3,Nutrient,583,1700.0
3,Nutrient,583,6700.0
38,Nutrient,653,2023.0
2,Nutrient,653,2100.0
1,Nutrient,653,20900.0
3,Nutrient,653,71400.0
3,Nutrient,653,71400.0
38,Nutrient,653,1770.0
2,Nutrient,653,2000.0
1,Nutrient,653,10600.0
3,Nutrient,653,78600.0
3,Nutrient,653,79600.0
38,Nutrient,700,1420.0
2,Nutrient,700,12700.0
1,Nutrient,700,13800.0
3,Nutrient,700,25200.0
3,Nutrient,700,58400.0
38,Nutrient,99,99.0
2,Nutrient,99,2800.0
1,Nutrient,99,500.0
3,Nutrient,99,1200.0
3,Nutrient,99,2800.0
38,Nutrient,175,2228.0
2,Nutrient,175,5400.0
1,Nutrient,175,31900.0
3,Nutrient,175,54600.0
3,Nutrient,175,58000.0
38,Nutrient,175,2024.0
2,Nutrient,175,5000.0
1,Nutrient,175,23000.0
3,Nutrient,175,62400.0
3,Nutrient,175,65800.0
38,Nutrient,175,365.0
2,Nutrient,175,2200.0
1,Nutrient,175,200.0
3,Nutrient,175,18200.0
3,Nutrient,175,19600.0
38,Nutrient,175,345.0
2,Nutrient,175,2200.0
1,Nutrient,175,300.0
3,Nutrient,175,16800.0
3,Nutrient,175,18200.0
38,Nutrient,92,242.0
2,Nutrient,92,1400.0
1,Nutrient,92,200.0
3,Nutrient,92,11300.0
3,Nutrient,92,13600.0
38,Nutrient,175,322.0
2,Nutrient,175,1800.0
1,Nutrient,175,300.0
3,Nutrient,175,15900.0
3,Nutrient,175,17200.0
38,Nutrient,175,1469.0
2,Nutrient,175,4900.0
1,Nutrient,175,18700.0
3,Nutrient,175,39400.0
3,Nutrient,175,42400.0
38,Nutrient,92,342.0
2,Nutrient,92,1900.0
1,Nutrient,92,300.0
3,Nutrient,92,16900.0
3,Nutrient,92,18300.0
38,Nutrient,175,2085.0
2,Nutrient,175,6100.0
1,Nutrient,175,26400.0
3,Nutrient,175,57400.0
3,Nutrient,175,61000.0
38,Nutrient,175,1454.0
2,Nutrient,175,200.0
1,Nutrient,175,100.0
3,Nutrient,175,85000.0
3,Nutrient,175,85300.0
38,Nutrient,175,1413.0
2,Nutrient,175,10900.0
1,Nutrient,175,1100.0
3,Nutrient,175,62800.0
3,Nutrient,175,77700.0
38,Nutrient,175,1477.0
2,Nutrient,175,8200.0
1,Nutrient,175,500.0
3,Nutrient,175,70600.0
3,Nutrient,175,85500.0
38,Nutrient,680,1567.0
2,Nutrient,680,88200.0
1,Nutrient,680,1500.0
3,Nutrient,680,500.0
3,Nutrient,680,1000.0
38,Nutrient,45,765.0
2,Nutrient,45,2000.0
1,Nutrient,45,2700.0
3,Nutrient,45,33900.0
3,Nutrient,45,40700.0
38,Nutrient,836,1100.0
2,Nutrient,836,8000.0
1,Nutrient,836,4100.0
3,Nutrient,836,45600.0
3,Nutrient,836,50300.0
38,Nutrient,584,770.0
2,Nutrient,584,9100.0
1,Nutrient,584,14000.0
3,Nutrient,584,5700.0
3,Nutrient,584,5700.0
38,Nutrient,584,444.0
2,Nutrient,584,12900.0
1,Nutrient,584,5700.0
3,Nutrient,584,800.0
3,Nutrient,584,800.0
38,Nutrient,713,269.0
2,Nutrient,713,3500.0
1,Nutrient,713,3600.0
3,Nutrient,713,4500.0
3,Nutrient,713,4500.0
38,Nutrient,275,1936.0
2,Nutrient,275,6200.0
1,Nutrient,275,20500.0
3,Nutrient,275,60500.0
3,Nutrient,275,66000.0
38,Nutrient,47,1540.0
2,Nutrient,47,20400.0
1,Nutrient,47,6900.0
3,Nutrient,47,49400.0
3,Nutrient,47,61600.0
38,Nutrient,35,75.0
2,Nutrient,35,1300.0
1,Nutrient,35,200.0
3,Nutrient,35,2100.0
3,Nutrient,35,3300.0
38,Nutrient,261,69.0
2,Nutrient,261,600.0
1,Nutrient,261,100.0
3,Nutrient,261,2500.0
3,Nutrient,261,4100.0
38,Nutrient,531,1033.0
2,Nutrient,531,20500.0
1,Nutrient,531,18500.0
3,Nutrient,531,0.0
3,Nutrient,531,0.0
38,Nutrient,143,231.0
2,Nutrient,143,1400.0
1,Nutrient,143,300.0
3,Nutrient,143,10900.0
3,Nutrient,143,12200.0
38,Nutrient,143,610.0
2,Nutrient,143,1000.0
1,Nutrient,143,100.0
3,Nutrient,143,34400.0
3,Nutrient,143,35000.0
38,Nutrient,143,248.0
2,Nutrient,143,500.0
1,Nutrient,143,500.0
3,Nutrient,143,13000.0
3,Nutrient,143,13000.0
38,Nutrient,143,724.0
2,Nutrient,143,500.0
1,Nutrient,143,500.0
3,Nutrient,143,41000.0
3,Nutrient,143,41000.0
38,Nutrient,4,253.0
2,Nutrient,4,1000.0
1,Nutrient,4,800.0
3,Nutrient,4,10900.0
3,Nutrient,4,13600.0
38,Nutrient,526,424.0
2,Nutrient,526,24500.0
1,Nutrient,526,200.0
3,Nutrient,526,0.0
3,Nutrient,526,0.0
38,Nutrient,317,297.0
2,Nutrient,317,16400.0
1,Nutrient,317,500.0
3,Nutrient,317,0.0
3,Nutrient,317,0.0
38,Nutrient,33,106.0
2,Nutrient,33,1700.0
1,Nutrient,33,100.0
3,Nutrient,33,2600.0
3,Nutrient,33,6200.0
38,Nutrient,659,1670.0
2,Nutrient,659,11100.0
1,Nutrient,659,7100.0
3,Nutrient,659,69300.0
3,Nutrient,659,74400.0
38,Nutrient,659,1572.0
2,Nutrient,659,13000.0
1,Nutrient,659,6200.0
3,Nutrient,659,61500.0
3,Nutrient,659,71000.0
38,Nutrient,659,1451.0
2,Nutrient,659,10700.0
1,Nutrient,659,2000.0
3,Nutrient,659,63500.0
3,Nutrient,659,78000.0
38,Nutrient,659,1436.0
2,Nutrient,659,9500.0
1,Nutrient,659,2200.0
3,Nutrient,659,62500.0
3,Nutrient,659,78800.0
38,Nutrient,709,2344.0
2,Nutrient,709,5700.0
1,Nutrient,709,34300.0
3,Nutrient,709,57100.0
3,Nutrient,709,58000.0
38,Nutrient,506,1175.0
2,Nutrient,506,21000.0
1,Nutrient,506,22100.0
3,Nutrient,506,0.0
3,Nutrient,506,0.0
38,Nutrient,341,3700.0
2,Nutrient,341,0.0
1,Nutrient,341,100000.0
3,Nutrient,341,0.0
3,Nutrient,341,0.0
38,Nutrient,341,3700.0
2,Nutrient,341,0.0
1,Nutrient,341,100000.0
3,Nutrient,341,0.0
3,Nutrient,341,0.0
38,Nutrient,341,2833.0
2,Nutrient,341,6400.0
1,Nutrient,341,65700.0
3,Nutrient,341,11300.0
3,Nutrient,341,23900.0
38,Nutrient,341,1553.0
2,Nutrient,341,4400.0
1,Nutrient,341,36500.0
3,Nutrient,341,900.0
3,Nutrient,341,14900.0
38,Nutrient,683,1467.0
2,Nutrient,683,5200.0
1,Nutrient,683,900.0
3,Nutrient,683,79100.0
3,Nutrient,683,79200.0
38,Nutrient,589,654.0
2,Nutrient,589,19100.0
1,Nutrient,589,8900.0
3,Nutrient,589,0.0
3,Nutrient,589,0.0
38,Nutrient,61,92.0
2,Nutrient,61,2100.0
1,Nutrient,61,500.0
3,Nutrient,61,900.0
3,Nutrient,61,3700.0
38,Nutrient,61,1342.0
2,Nutrient,61,21900.0
1,Nutrient,61,4800.0
3,Nutrient,61,41700.0
3,Nutrient,61,52100.0
38,Nutrient,61,1426.0
2,Nutrient,61,12400.0
1,Nutrient,61,17800.0
3,Nutrient,61,13000.0
3,Nutrient,61,54900.0
38,Nutrient,587,543.0
2,Nutrient,587,20100.0
1,Nutrient,587,5200.0
3,Nutrient,587,500.0
3,Nutrient,587,500.0
38,Nutrient,587,475.0
2,Nutrient,587,22900.0
1,Nutrient,587,1800.0
3,Nutrient,587,1100.0
3,Nutrient,587,1100.0
38,Nutrient,587,475.0
2,Nutrient,587,22900.0
1,Nutrient,587,1800.0
3,Nutrient,587,1100.0
3,Nutrient,587,1100.0
38,Nutrient,547,287.0
2,Nutrient,547,14600.0
1,Nutrient,547,500.0
3,Nutrient,547,1200.0
3,Nutrient,547,1200.0
38,Nutrient,575,1593.0
2,Nutrient,575,9300.0
1,Nutrient,575,5800.0
3,Nutrient,575,70200.0
3,Nutrient,575,73500.0
38,Nutrient,334,475.0
2,Nutrient,334,18200.0
1,Nutrient,334,4200.0
3,Nutrient,334,600.0
3,Nutrient,334,600.0
38,Nutrient,379,827.0
2,Nutrient,379,25000.0
1,Nutrient,379,10000.0
3,Nutrient,379,1800.0
3,Nutrient,379,2000.0
38,Nutrient,379,358.0
2,Nutrient,379,18900.0
1,Nutrient,379,1000.0
3,Nutrient,379,0.0
3,Nutrient,379,0.0
38,Nutrient,594,295.0
2,Nutrient,594,16500.0
1,Nutrient,594,400.0
3,Nutrient,594,0.0
3,Nutrient,594,0.0
38,Nutrient,398,273.0
2,Nutrient,398,1100.0
1,Nutrient,398,1500.0
3,Nutrient,398,9600.0
3,Nutrient,398,14000.0
38,Nutrient,631,820.0
2,Nutrient,631,11200.0
1,Nutrient,631,15400.0
3,Nutrient,631,3500.0
3,Nutrient,631,3500.0
38,Nutrient,631,813.0
2,Nutrient,631,7900.0
1,Nutrient,631,15000.0
3,Nutrient,631,7300.0
3,Nutrient,631,7300.0
38,Nutrient,631,277.0
2,Nutrient,631,11900.0
1,Nutrient,631,400.0
3,Nutrient,631,3500.0
3,Nutrient,631,3500.0
38,Nutrient,69,254.0
2,Nutrient,69,400.0
1,Nutrient,69,100.0
3,Nutrient,69,13400.0
3,Nutrient,69,15300.0
38,Nutrient,334,475.0
2,Nutrient,334,20600.0
1,Nutrient,334,3200.0
3,Nutrient,334,400.0
3,Nutrient,334,400.0
38,Nutrient,334,621.0
2,Nutrient,334,21500.0
1,Nutrient,334,6900.0
3,Nutrient,334,0.0
3,Nutrient,334,0.0
38,Nutrient,334,1101.0
2,Nutrient,334,28300.0
1,Nutrient,334,16300.0
3,Nutrient,334,1000.0
3,Nutrient,334,1000.0
38,Nutrient,334,816.0
2,Nutrient,334,24500.0
1,Nutrient,334,10800.0
3,Nutrient,334,0.0
3,Nutrient,334,0.0
38,Nutrient,334,1183.0
2,Nutrient,334,22500.0
1,Nutrient,334,17400.0
3,Nutrient,334,9100.0
3,Nutrient,334,9400.0
38,Nutrient,334,756.0
2,Nutrient,334,18800.0
1,Nutrient,334,11800.0
3,Nutrient,334,0.0
3,Nutrient,334,0.0
38,Nutrient,334,551.0
2,Nutrient,334,20000.0
1,Nutrient,334,5700.0
3,Nutrient,334,0.0
3,Nutrient,334,0.0
38,Nutrient,334,651.0
2,Nutrient,334,18900.0
1,Nutrient,334,8900.0
3,Nutrient,334,0.0
3,Nutrient,334,0.0
38,Nutrient,334,778.0
2,Nutrient,334,19200.0
1,Nutrient,334,12200.0
3,Nutrient,334,0.0
3,Nutrient,334,0.0
38,Nutrient,671,806.0
2,Nutrient,671,12800.0
1,Nutrient,671,15000.0
3,Nutrient,671,1900.0
3,Nutrient,671,2100.0
38,Nutrient,714,153.0
2,Nutrient,714,3400.0
1,Nutrient,714,500.0
3,Nutrient,714,4500.0
3,Nutrient,714,4500.0
38,Nutrient,714,217.0
2,Nutrient,714,3300.0
1,Nutrient,714,500.0
3,Nutrient,714,8400.0
3,Nutrient,714,8400.0
38,Nutrient,672,679.0
2,Nutrient,672,10500.0
1,Nutrient,672,9400.0
3,Nutrient,672,9000.0
3,Nutrient,672,9000.0
38,Nutrient,672,525.0
2,Nutrient,672,7100.0
1,Nutrient,672,9600.0
3,Nutrient,672,2900.0
3,Nutrient,672,2900.0
38,Nutrient,677,740.0
2,Nutrient,677,39100.0
1,Nutrient,677,700.0
3,Nutrient,677,2900.0
3,Nutrient,677,2900.0
38,Nutrient,677,1004.0
2,Nutrient,677,16000.0
1,Nutrient,677,8900.0
3,Nutrient,677,23700.0
3,Nutrient,677,23700.0
38,Nutrient,671,1110.0
2,Nutrient,671,10500.0
1,Nutrient,671,23600.0
3,Nutrient,671,3300.0
3,Nutrient,671,3600.0
38,Nutrient,671,426.0
2,Nutrient,671,10000.0
1,Nutrient,671,3400.0
3,Nutrient,671,7400.0
3,Nutrient,671,8000.0
38,Nutrient,332,105.0
2,Nutrient,332,2200.0
1,Nutrient,332,600.0
3,Nutrient,332,1700.0
3,Nutrient,332,3700.0
38,Nutrient,332,247.0
2,Nutrient,332,4100.0
1,Nutrient,332,600.0
3,Nutrient,332,8200.0
3,Nutrient,332,10200.0
38,Nutrient,28,141.0
2,Nutrient,28,1000.0
1,Nutrient,28,100.0
3,Nutrient,28,5700.0
3,Nutrient,28,8600.0
38,Nutrient,644,1507.0
2,Nutrient,644,4400.0
1,Nutrient,644,1000.0
3,Nutrient,644,82100.0
3,Nutrient,644,82100.0
38,Nutrient,644,1463.0
2,Nutrient,644,3600.0
1,Nutrient,644,2000.0
3,Nutrient,644,78100.0
3,Nutrient,644,78100.0
38,Nutrient,644,1525.0
2,Nutrient,644,3700.0
1,Nutrient,644,1200.0
3,Nutrient,644,83400.0
3,Nutrient,644,83400.0
38,Nutrient,644,1674.0
2,Nutrient,644,2300.0
1,Nutrient,644,6200.0
3,Nutrient,644,82700.0
3,Nutrient,644,82700.0
38,Nutrient,504,748.0
2,Nutrient,504,21200.0
1,Nutrient,504,9200.0
3,Nutrient,504,2800.0
3,Nutrient,504,2800.0
38,Nutrient,504,648.0
2,Nutrient,504,20300.0
1,Nutrient,504,8200.0
3,Nutrient,504,0.0
3,Nutrient,504,0.0
38,Nutrient,504,675.0
2,Nutrient,504,21400.0
1,Nutrient,504,8400.0
3,Nutrient,504,0.0
3,Nutrient,504,0.0
38,Nutrient,504,742.0
2,Nutrient,504,19900.0
1,Nutrient,504,10900.0
3,Nutrient,504,0.0
3,Nutrient,504,0.0
38,Nutrient,504,1202.0
2,Nutrient,504,31100.0
1,Nutrient,504,18200.0
3,Nutrient,504,0.0
3,Nutrient,504,0.0
38,Nutrient,483,549.0
2,Nutrient,483,15300.0
1,Nutrient,483,7800.0
3,Nutrient,483,0.0
3,Nutrient,483,0.0
38,Nutrient,483,807.0
2,Nutrient,483,18500.0
1,Nutrient,483,13300.0
3,Nutrient,483,0.0
3,Nutrient,483,0.0
38,Nutrient,483,1523.0
2,Nutrient,483,14500.0
1,Nutrient,483,34500.0
3,Nutrient,483,0.0
3,Nutrient,483,0.0
38,Nutrient,483,547.0
2,Nutrient,483,20200.0
1,Nutrient,483,5500.0
3,Nutrient,483,0.0
3,Nutrient,483,0.0
38,Nutrient,483,836.0
2,Nutrient,483,18500.0
1,Nutrient,483,14100.0
3,Nutrient,483,0.0
3,Nutrient,483,0.0
38,Nutrient,483,704.0
2,Nutrient,483,20100.0
1,Nutrient,483,9800.0
3,Nutrient,483,0.0
3,Nutrient,483,0.0
38,Nutrient,483,1401.0
2,Nutrient,483,15800.0
1,Nutrient,483,30600.0
3,Nutrient,483,0.0
3,Nutrient,483,0.0
38,Nutrient,483,1523.0
2,Nutrient,483,14500.0
1,Nutrient,483,34500.0
3,Nutrient,483,0.0
3,Nutrient,483,0.0
38,Nutrient,483,1377.0
2,Nutrient,483,14600.0
1,Nutrient,483,30500.0
3,Nutrient,483,0.0
3,Nutrient,483,0.0
38,Nutrient,402,344.0
2,Nutrient,402,19800.0
1,Nutrient,402,200.0
3,Nutrient,402,0.0
3,Nutrient,402,0.0
38,Nutrient,632,202.0
2,Nutrient,632,3500.0
1,Nutrient,632,1600.0
3,Nutrient,632,4900.0
3,Nutrient,632,4900.0
38,Nutrient,632,202.0
2,Nutrient,632,3500.0
1,Nutrient,632,1600.0
3,Nutrient,632,4900.0
3,Nutrient,632,4900.0
38,Nutrient,634,312.0
2,Nutrient,634,3300.0
1,Nutrient,634,1600.0
3,Nutrient,634,11600.0
3,Nutrient,634,11600.0
38,Nutrient,590,548.0
2,Nutrient,590,18700.0
1,Nutrient,590,4600.0
3,Nutrient,590,3500.0
3,Nutrient,590,3500.0
38,Nutrient,590,545.0
2,Nutrient,590,16400.0
1,Nutrient,590,4300.0
3,Nutrient,590,6300.0
3,Nutrient,590,6300.0
38,Nutrient,334,570.0
2,Nutrient,334,22100.0
1,Nutrient,334,4700.0
3,Nutrient,334,1200.0
3,Nutrient,334,1200.0
38,Nutrient,506,502.0
2,Nutrient,506,19000.0
1,Nutrient,506,3000.0
3,Nutrient,506,4000.0
3,Nutrient,506,4000.0
38,Nutrient,678,493.0
2,Nutrient,678,19100.0
1,Nutrient,678,4100.0
3,Nutrient,678,1000.0
3,Nutrient,678,1000.0
38,Nutrient,506,533.0
2,Nutrient,506,20300.0
1,Nutrient,506,3000.0
3,Nutrient,506,4500.0
3,Nutrient,506,4500.0
38,Nutrient,549,524.0
2,Nutrient,549,21100.0
1,Nutrient,549,3400.0
3,Nutrient,549,2300.0
3,Nutrient,549,2300.0
38,Nutrient,549,989.0
2,Nutrient,549,11000.0
1,Nutrient,549,19200.0
3,Nutrient,549,5200.0
3,Nutrient,549,5600.0
38,Nutrient,549,636.0
2,Nutrient,549,10000.0
1,Nutrient,549,6700.0
3,Nutrient,549,12700.0
3,Nutrient,549,13000.0
38,Nutrient,671,1625.0
2,Nutrient,671,13400.0
1,Nutrient,671,35800.0
3,Nutrient,671,4200.0
3,Nutrient,671,4300.0
38,Nutrient,379,3696.0
2,Nutrient,379,0.0
1,Nutrient,379,99900.0
3,Nutrient,379,0.0
3,Nutrient,379,0.0
38,Nutrient,630,1047.0
2,Nutrient,630,4300.0
1,Nutrient,630,5800.0
3,Nutrient,630,24700.0
3,Nutrient,630,24700.0
38,Nutrient,630,1452.0
2,Nutrient,630,0.0
1,Nutrient,630,0.0
3,Nutrient,630,53000.0
3,Nutrient,630,53000.0
38,Nutrient,630,987.0
2,Nutrient,630,0.0
1,Nutrient,630,0.0
3,Nutrient,630,28400.0
3,Nutrient,630,28400.0
38,Nutrient,630,1582.0
2,Nutrient,630,0.0
1,Nutrient,630,300.0
3,Nutrient,630,41600.0
3,Nutrient,630,41600.0
38,Nutrient,630,1266.0
2,Nutrient,630,0.0
1,Nutrient,630,0.0
3,Nutrient,630,26900.0
3,Nutrient,630,26900.0
38,Nutrient,630,1438.0
2,Nutrient,630,100.0
1,Nutrient,630,300.0
3,Nutrient,630,46800.0
3,Nutrient,630,46800.0
38,Nutrient,630,1384.0
2,Nutrient,630,2800.0
1,Nutrient,630,15700.0
3,Nutrient,630,20900.0
3,Nutrient,630,20900.0
38,Nutrient,630,1122.0
2,Nutrient,630,0.0
1,Nutrient,630,0.0
3,Nutrient,630,29000.0
3,Nutrient,630,29000.0
38,Nutrient,53,173.0
2,Nutrient,53,700.0
1,Nutrient,53,200.0
3,Nutrient,53,7700.0
3,Nutrient,53,10500.0
38,Nutrient,754,413.0
2,Nutrient,754,0.0
1,Nutrient,754,2100.0
3,Nutrient,754,19700.0
3,Nutrient,754,19700.0
38,Nutrient,98,1468.0
2,Nutrient,98,26200.0
1,Nutrient,98,2500.0
3,Nutrient,98,50600.0
3,Nutrient,98,59300.0
38,Nutrient,98,523.0
2,Nutrient,98,9000.0
1,Nutrient,98,600.0
3,Nutrient,98,19000.0
3,Nutrient,98,22100.0
38,Nutrient,103,297.0
2,Nutrient,103,800.0
1,Nutrient,103,400.0
3,Nutrient,103,15200.0
3,Nutrient,103,16500.0
38,Nutrient,405,210.0
2,Nutrient,405,1500.0
1,Nutrient,405,300.0
3,Nutrient,405,7700.0
3,Nutrient,405,13000.0
38,Nutrient,76,205.0
2,Nutrient,76,400.0
1,Nutrient,76,200.0
3,Nutrient,76,10400.0
3,Nutrient,76,12100.0
38,Nutrient,524,347.0
2,Nutrient,524,19100.0
1,Nutrient,524,600.0
3,Nutrient,524,0.0
3,Nutrient,524,0.0
38,Nutrient,287,1702.0
2,Nutrient,287,35100.0
1,Nutrient,287,12600.0
3,Nutrient,287,33900.0
3,Nutrient,287,41800.0
38,Nutrient,287,113.0
2,Nutrient,287,4000.0
1,Nutrient,287,700.0
3,Nutrient,287,200.0
3,Nutrient,287,2100.0
38,Nutrient,853,0.0
2,Nutrient,853,0.0
1,Nutrient,853,0.0
3,Nutrient,853,0.0
3,Nutrient,853,0.0
38,Nutrient,853,1071.0
2,Nutrient,853,0.0
1,Nutrient,853,0.0
3,Nutrient,853,63000.0
3,Nutrient,853,63000.0
38,Nutrient,5,117.0
2,Nutrient,5,800.0
1,Nutrient,5,100.0
3,Nutrient,5,5000.0
3,Nutrient,5,6800.0
38,Nutrient,5,2510.0
2,Nutrient,5,6000.0
1,Nutrient,5,48000.0
3,Nutrient,5,35600.0
3,Nutrient,5,39000.0
38,Nutrient,5,191.0
2,Nutrient,5,1600.0
1,Nutrient,5,300.0
3,Nutrient,5,8100.0
3,Nutrient,5,10000.0
38,Nutrient,531,692.0
2,Nutrient,531,0.0
1,Nutrient,531,0.0
3,Nutrient,531,10000.0
3,Nutrient,531,10000.0
38,Nutrient,36,110.0
2,Nutrient,36,600.0
1,Nutrient,36,100.0
3,Nutrient,36,4700.0
3,Nutrient,36,6700.0
38,Nutrient,205,472.0
2,Nutrient,205,3300.0
1,Nutrient,205,1400.0
3,Nutrient,205,20400.0
3,Nutrient,205,22600.0
38,Nutrient,205,428.0
2,Nutrient,205,3100.0
1,Nutrient,205,1100.0
3,Nutrient,205,18500.0
3,Nutrient,205,21000.0
38,Nutrient,205,383.0
2,Nutrient,205,3700.0
1,Nutrient,205,1800.0
3,Nutrient,205,13600.0
3,Nutrient,205,16400.0
38,Nutrient,205,1528.0
2,Nutrient,205,6800.0
1,Nutrient,205,2800.0
3,Nutrient,205,75500.0
3,Nutrient,205,78700.0
38,Nutrient,205,3700.0
2,Nutrient,205,0.0
1,Nutrient,205,100000.0
3,Nutrient,205,0.0
3,Nutrient,205,0.0
38,Nutrient,205,1534.0
2,Nutrient,205,400.0
1,Nutrient,205,600.0
3,Nutrient,205,88300.0
3,Nutrient,205,88800.0
38,Nutrient,274,1490.0
2,Nutrient,274,13100.0
1,Nutrient,274,2900.0
3,Nutrient,274,63700.0
3,Nutrient,274,73300.0
38,Nutrient,274,573.0
2,Nutrient,274,5000.0
1,Nutrient,274,400.0
3,Nutrient,274,26900.0
3,Nutrient,274,28900.0
38,Nutrient,274,1539.0
2,Nutrient,274,12300.0
1,Nutrient,274,1800.0
3,Nutrient,274,72800.0
3,Nutrient,274,76000.0
38,Nutrient,600,825.0
2,Nutrient,600,14400.0
1,Nutrient,600,15500.0
3,Nutrient,600,300.0
3,Nutrient,600,500.0
38,Nutrient,600,943.0
2,Nutrient,600,19800.0
1,Nutrient,600,16400.0
3,Nutrient,600,0.0
3,Nutrient,600,0.0
38,Nutrient,600,1220.0
2,Nutrient,600,18900.0
1,Nutrient,600,24300.0
3,Nutrient,600,0.0
3,Nutrient,600,0.0
38,Nutrient,600,1210.0
2,Nutrient,600,18100.0
1,Nutrient,600,24400.0
3,Nutrient,600,0.0
3,Nutrient,600,0.0
38,Nutrient,56,257.0
2,Nutrient,56,500.0
1,Nutrient,56,300.0
3,Nutrient,56,13700.0
3,Nutrient,56,14300.0
38,Nutrient,56,201.0
2,Nutrient,56,900.0
1,Nutrient,56,300.0
3,Nutrient,56,9700.0
3,Nutrient,56,10900.0
38,Nutrient,148,2214.0
2,Nutrient,148,20500.0
1,Nutrient,148,39100.0
3,Nutrient,148,20300.0
3,Nutrient,148,29500.0
38,Nutrient,106,282.0
2,Nutrient,106,500.0
1,Nutrient,106,500.0
3,Nutrient,106,14100.0
3,Nutrient,106,16000.0
38,Nutrient,328,666.0
2,Nutrient,328,1400.0
1,Nutrient,328,300.0
3,Nutrient,328,36300.0
3,Nutrient,328,38100.0
38,Nutrient,663,1997.0
2,Nutrient,663,11000.0
1,Nutrient,663,26500.0
3,Nutrient,663,47400.0
3,Nutrient,663,50400.0
38,Nutrient,663,2019.0
2,Nutrient,663,4900.0
1,Nutrient,663,25700.0
3,Nutrient,663,57000.0
3,Nutrient,663,59000.0
38,Nutrient,872,2634.0
2,Nutrient,872,800.0
1,Nutrient,872,70600.0
3,Nutrient,872,500.0
3,Nutrient,872,500.0
38,Nutrient,872,2975.0
2,Nutrient,872,800.0
1,Nutrient,872,79800.0
3,Nutrient,872,500.0
3,Nutrient,872,500.0
38,Nutrient,872,3004.0
2,Nutrient,872,800.0
1,Nutrient,872,80600.0
3,Nutrient,872,500.0
3,Nutrient,872,500.0
38,Nutrient,872,2971.0
2,Nutrient,872,100.0
1,Nutrient,872,80200.0
3,Nutrient,872,100.0
3,Nutrient,872,100.0
38,Nutrient,631,1120.0
2,Nutrient,631,29100.0
1,Nutrient,631,16400.0
3,Nutrient,631,1100.0
3,Nutrient,631,1100.0
38,Nutrient,631,1504.0
2,Nutrient,631,26600.0
1,Nutrient,631,28000.0
3,Nutrient,631,900.0
3,Nutrient,631,900.0
38,Nutrient,275,1802.0
2,Nutrient,275,7400.0
1,Nutrient,275,11900.0
3,Nutrient,275,71300.0
3,Nutrient,275,74300.0
38,Nutrient,681,1133.0
2,Nutrient,681,100.0
1,Nutrient,681,0.0
3,Nutrient,681,66200.0
3,Nutrient,681,66900.0
38,Nutrient,681,868.0
2,Nutrient,681,500.0
1,Nutrient,681,500.0
3,Nutrient,681,49000.0
3,Nutrient,681,50000.0
38,Nutrient,664,2980.0
2,Nutrient,664,1100.0
1,Nutrient,664,80000.0
3,Nutrient,664,100.0
3,Nutrient,664,100.0
38,Nutrient,664,2036.0
2,Nutrient,664,500.0
1,Nutrient,664,51300.0
3,Nutrient,664,7600.0
3,Nutrient,664,7600.0
38,Nutrient,671,1181.0
2,Nutrient,671,11300.0
1,Nutrient,671,25000.0
3,Nutrient,671,3600.0
3,Nutrient,671,3900.0
38,Nutrient,671,905.0
2,Nutrient,671,12300.0
1,Nutrient,671,17300.0
3,Nutrient,671,3200.0
3,Nutrient,671,3400.0
38,Nutrient,444,558.0
2,Nutrient,444,1300.0
1,Nutrient,444,400.0
3,Nutrient,444,29600.0
3,Nutrient,444,31900.0
38,Nutrient,691,765.0
2,Nutrient,691,5400.0
1,Nutrient,691,11600.0
3,Nutrient,691,12900.0
3,Nutrient,691,16000.0
38,Nutrient,872,1133.0
2,Nutrient,872,500.0
1,Nutrient,872,30200.0
3,Nutrient,872,400.0
3,Nutrient,872,400.0
38,Nutrient,872,1543.0
2,Nutrient,872,500.0
1,Nutrient,872,41300.0
3,Nutrient,872,400.0
3,Nutrient,872,400.0
38,Nutrient,685,0.0
2,Nutrient,685,0.0
1,Nutrient,685,0.0
3,Nutrient,685,0.0
3,Nutrient,685,0.0
38,Nutrient,853,173.0
2,Nutrient,853,0.0
1,Nutrient,853,0.0
3,Nutrient,853,10200.0
3,Nutrient,853,10200.0
38,Nutrient,853,168.0
2,Nutrient,853,0.0
1,Nutrient,853,0.0
3,Nutrient,853,9900.0
3,Nutrient,853,9900.0
38,Nutrient,853,0.0
2,Nutrient,853,0.0
1,Nutrient,853,0.0
3,Nutrient,853,0.0
3,Nutrient,853,0.0
38,Nutrient,717,700.0
2,Nutrient,717,10500.0
1,Nutrient,717,4600.0
3,Nutrient,717,18100.0
3,Nutrient,717,23500.0
38,Nutrient,687,242.0
2,Nutrient,687,2000.0
1,Nutrient,687,2600.0
3,Nutrient,687,6600.0
3,Nutrient,687,6600.0
38,Nutrient,687,296.0
2,Nutrient,687,1300.0
1,Nutrient,687,4100.0
3,Nutrient,687,7200.0
3,Nutrient,687,7200.0
38,Nutrient,687,280.0
2,Nutrient,687,1500.0
1,Nutrient,687,3700.0
3,Nutrient,687,6900.0
3,Nutrient,687,6900.0
38,Nutrient,631,1165.0
2,Nutrient,631,28900.0
1,Nutrient,631,17700.0
3,Nutrient,631,1100.0
3,Nutrient,631,1100.0
38,Nutrient,631,1354.0
2,Nutrient,631,24100.0
1,Nutrient,631,25100.0
3,Nutrient,631,900.0
3,Nutrient,631,900.0
38,Nutrient,200,1380.0
2,Nutrient,200,23900.0
1,Nutrient,200,1200.0
3,Nutrient,200,47600.0
3,Nutrient,200,62600.0
38,Nutrient,118,2093.0
2,Nutrient,118,5800.0
1,Nutrient,118,36300.0
3,Nutrient,118,28500.0
3,Nutrient,118,49300.0
38,Nutrient,601,697.0
2,Nutrient,601,23800.0
1,Nutrient,601,4500.0
3,Nutrient,601,7400.0
3,Nutrient,601,7400.0
38,Nutrient,601,432.0
2,Nutrient,601,17000.0
1,Nutrient,601,3000.0
3,Nutrient,601,1900.0
3,Nutrient,601,1900.0
38,Nutrient,601,347.0
2,Nutrient,601,11900.0
1,Nutrient,601,2200.0
3,Nutrient,601,3700.0
3,Nutrient,601,3700.0
38,Nutrient,631,1482.0
2,Nutrient,631,21600.0
1,Nutrient,631,29800.0
3,Nutrient,631,700.0
3,Nutrient,631,700.0
38,Nutrient,631,1617.0
2,Nutrient,631,23700.0
1,Nutrient,631,32400.0
3,Nutrient,631,900.0
3,Nutrient,631,900.0
38,Nutrient,679,1820.0
2,Nutrient,679,15000.0
1,Nutrient,679,27000.0
3,Nutrient,679,33300.0
3,Nutrient,679,33300.0
38,Nutrient,270,1560.0
2,Nutrient,270,12000.0
1,Nutrient,270,6300.0
3,Nutrient,270,61900.0
3,Nutrient,270,70700.0
38,Nutrient,270,1560.0
2,Nutrient,270,12000.0
1,Nutrient,270,6300.0
3,Nutrient,270,61900.0
3,Nutrient,270,70700.0
38,Nutrient,270,1569.0
2,Nutrient,270,12000.0
1,Nutrient,270,6500.0
3,Nutrient,270,62100.0
3,Nutrient,270,70700.0
38,Nutrient,181,207.0
2,Nutrient,181,3000.0
1,Nutrient,181,1000.0
3,Nutrient,181,6100.0
3,Nutrient,181,8000.0
38,Nutrient,641,587.0
2,Nutrient,641,4000.0
1,Nutrient,641,3000.0
3,Nutrient,641,24000.0
3,Nutrient,641,24000.0
38,Nutrient,709,2242.0
2,Nutrient,709,5700.0
1,Nutrient,709,29100.0
3,Nutrient,709,62400.0
3,Nutrient,709,63300.0
38,Nutrient,229,195.0
2,Nutrient,229,1100.0
1,Nutrient,229,300.0
3,Nutrient,229,8900.0
3,Nutrient,229,10600.0
38,Nutrient,64,107.0
2,Nutrient,64,800.0
1,Nutrient,64,200.0
3,Nutrient,64,4600.0
3,Nutrient,64,5600.0
38,Nutrient,641,2296.0
2,Nutrient,641,8700.0
1,Nutrient,641,32300.0
3,Nutrient,641,55900.0
3,Nutrient,641,56300.0
38,Nutrient,641,778.0
2,Nutrient,641,4000.0
1,Nutrient,641,10000.0
3,Nutrient,641,20000.0
3,Nutrient,641,20000.0
38,Nutrient,506,341.0
2,Nutrient,506,16400.0
1,Nutrient,506,1600.0
3,Nutrient,506,200.0
3,Nutrient,506,200.0
38,Nutrient,506,384.0
2,Nutrient,506,15600.0
1,Nutrient,506,2800.0
3,Nutrient,506,900.0
3,Nutrient,506,900.0
38,Nutrient,549,402.0
2,Nutrient,549,16000.0
1,Nutrient,549,3000.0
3,Nutrient,549,1100.0
3,Nutrient,549,1100.0
38,Nutrient,698,2192.0
2,Nutrient,698,7000.0
1,Nutrient,698,30000.0
3,Nutrient,698,54500.0
3,Nutrient,698,59000.0
38,Nutrient,427,128.0
2,Nutrient,427,2000.0
1,Nutrient,427,100.0
3,Nutrient,427,3800.0
3,Nutrient,427,7000.0
38,Nutrient,506,896.0
2,Nutrient,506,19400.0
1,Nutrient,506,15300.0
3,Nutrient,506,0.0
3,Nutrient,506,0.0
38,Nutrient,506,1098.0
2,Nutrient,506,18200.0
1,Nutrient,506,21300.0
3,Nutrient,506,0.0
3,Nutrient,506,0.0
38,Nutrient,506,704.0
2,Nutrient,506,20500.0
1,Nutrient,506,9600.0
3,Nutrient,506,0.0
3,Nutrient,506,0.0
38,Nutrient,506,920.0
2,Nutrient,506,19300.0
1,Nutrient,506,16000.0
3,Nutrient,506,0.0
3,Nutrient,506,0.0
38,Nutrient,506,972.0
2,Nutrient,506,19500.0
1,Nutrient,506,17300.0
3,Nutrient,506,0.0
3,Nutrient,506,0.0
38,Nutrient,506,566.0
2,Nutrient,506,22400.0
1,Nutrient,506,5000.0
3,Nutrient,506,0.0
3,Nutrient,506,0.0
38,Nutrient,506,677.0
2,Nutrient,506,21100.0
1,Nutrient,506,8600.0
3,Nutrient,506,0.0
3,Nutrient,506,0.0
38,Nutrient,506,472.0
2,Nutrient,506,22300.0
1,Nutrient,506,2500.0
3,Nutrient,506,0.0
3,Nutrient,506,0.0
38,Nutrient,506,538.0
2,Nutrient,506,21200.0
1,Nutrient,506,4800.0
3,Nutrient,506,0.0
3,Nutrient,506,0.0
38,Nutrient,506,606.0
2,Nutrient,506,21500.0
1,Nutrient,506,6500.0
3,Nutrient,506,0.0
3,Nutrient,506,0.0
38,Nutrient,506,687.0
2,Nutrient,506,20800.0
1,Nutrient,506,9000.0
3,Nutrient,506,0.0
3,Nutrient,506,0.0
38,Nutrient,506,594.0
2,Nutrient,506,20000.0
1,Nutrient,506,6400.0
3,Nutrient,506,1000.0
3,Nutrient,506,1000.0
38,Nutrient,506,586.0
2,Nutrient,506,21400.0
1,Nutrient,506,6000.0
3,Nutrient,506,0.0
3,Nutrient,506,0.0
38,Nutrient,506,1387.0
2,Nutrient,506,16100.0
1,Nutrient,506,30100.0
3,Nutrient,506,0.0
3,Nutrient,506,0.0
38,Nutrient,506,893.0
2,Nutrient,506,17600.0
1,Nutrient,506,15600.0
3,Nutrient,506,1000.0
3,Nutrient,506,1000.0
38,Nutrient,506,1388.0
2,Nutrient,506,16600.0
1,Nutrient,506,29900.0
3,Nutrient,506,0.0
3,Nutrient,506,0.0
38,Nutrient,506,760.0
2,Nutrient,506,19900.0
1,Nutrient,506,11400.0
3,Nutrient,506,0.0
3,Nutrient,506,0.0
38,Nutrient,506,1354.0
2,Nutrient,506,15900.0
1,Nutrient,506,29300.0
3,Nutrient,506,0.0
3,Nutrient,506,0.0
38,Nutrient,506,824.0
2,Nutrient,506,19500.0
1,Nutrient,506,13300.0
3,Nutrient,506,0.0
3,Nutrient,506,0.0
38,Nutrient,506,732.0
2,Nutrient,506,20400.0
1,Nutrient,506,10400.0
3,Nutrient,506,0.0
3,Nutrient,506,0.0
38,Nutrient,506,515.0
2,Nutrient,506,21800.0
1,Nutrient,506,3900.0
3,Nutrient,506,0.0
3,Nutrient,506,0.0
38,Nutrient,506,852.0
2,Nutrient,506,19200.0
1,Nutrient,506,14200.0
3,Nutrient,506,0.0
3,Nutrient,506,0.0
38,Nutrient,506,1318.0
2,Nutrient,506,17000.0
1,Nutrient,506,27800.0
3,Nutrient,506,0.0
3,Nutrient,506,0.0
38,Nutrient,506,878.0
2,Nutrient,506,20300.0
1,Nutrient,506,14400.0
3,Nutrient,506,0.0
3,Nutrient,506,0.0
38,Nutrient,506,908.0
2,Nutrient,506,20300.0
1,Nutrient,506,15200.0
3,Nutrient,506,0.0
3,Nutrient,506,0.0
38,Nutrient,506,1330.0
2,Nutrient,506,16400.0
1,Nutrient,506,28400.0
3,Nutrient,506,0.0
3,Nutrient,506,0.0
38,Nutrient,506,528.0
2,Nutrient,506,21700.0
1,Nutrient,506,4300.0
3,Nutrient,506,0.0
3,Nutrient,506,0.0
38,Nutrient,506,647.0
2,Nutrient,506,21100.0
1,Nutrient,506,7800.0
3,Nutrient,506,0.0
3,Nutrient,506,0.0
38,Nutrient,506,860.0
2,Nutrient,506,19700.0
1,Nutrient,506,14200.0
3,Nutrient,506,0.0
3,Nutrient,506,0.0
38,Nutrient,506,593.0
2,Nutrient,506,21400.0
1,Nutrient,506,6200.0
3,Nutrient,506,0.0
3,Nutrient,506,0.0
38,Nutrient,696,3600.0
2,Nutrient,696,5000.0
1,Nutrient,696,95000.0
3,Nutrient,696,0.0
3,Nutrient,696,0.0
38,Nutrient,121,558.0
2,Nutrient,121,1000.0
1,Nutrient,121,11700.0
3,Nutrient,121,5200.0
3,Nutrient,121,7600.0
38,Nutrient,121,1476.0
2,Nutrient,121,2200.0
1,Nutrient,121,35800.0
3,Nutrient,121,4900.0
3,Nutrient,121,8700.0
38,Nutrient,121,465.0
2,Nutrient,121,1000.0
1,Nutrient,121,9800.0
3,Nutrient,121,3000.0
3,Nutrient,121,7300.0
38,Nutrient,121,3700.0
2,Nutrient,121,0.0
1,Nutrient,121,100000.0
3,Nutrient,121,0.0
3,Nutrient,121,0.0
38,Nutrient,631,1860.0
2,Nutrient,631,12400.0
1,Nutrient,631,44100.0
3,Nutrient,631,1000.0
3,Nutrient,631,1000.0
38,Nutrient,631,931.0
2,Nutrient,631,30200.0
1,Nutrient,631,11000.0
3,Nutrient,631,600.0
3,Nutrient,631,600.0
38,Nutrient,631,1099.0
2,Nutrient,631,28700.0
1,Nutrient,631,16000.0
3,Nutrient,631,1100.0
3,Nutrient,631,1100.0
38,Nutrient,631,1297.0
2,Nutrient,631,25700.0
1,Nutrient,631,22600.0
3,Nutrient,631,1400.0
3,Nutrient,631,1400.0
38,Nutrient,631,1392.0
2,Nutrient,631,24800.0
1,Nutrient,631,25800.0
3,Nutrient,631,900.0
3,Nutrient,631,900.0
38,Nutrient,812,1885.0
2,Nutrient,812,9500.0
1,Nutrient,812,16300.0
3,Nutrient,812,63900.0
3,Nutrient,812,68200.0
38,Nutrient,252,61.0
2,Nutrient,252,1500.0
1,Nutrient,252,200.0
3,Nutrient,252,1200.0
3,Nutrient,252,2200.0
38,Nutrient,605,3700.0
2,Nutrient,605,0.0
1,Nutrient,605,100000.0
3,Nutrient,605,0.0
3,Nutrient,605,0.0
38,Nutrient,605,3700.0
2,Nutrient,605,0.0
1,Nutrient,605,100000.0
3,Nutrient,605,0.0
3,Nutrient,605,0.0
38,Nutrient,41,208.0
2,Nutrient,41,700.0
1,Nutrient,41,300.0
3,Nutrient,41,9900.0
3,Nutrient,41,12000.0
38,Nutrient,348,352.0
2,Nutrient,348,400.0
1,Nutrient,348,300.0
3,Nutrient,348,19400.0
3,Nutrient,348,20000.0
38,Nutrient,24,2847.0
2,Nutrient,24,15000.0
1,Nutrient,24,65000.0
3,Nutrient,24,8500.0
3,Nutrient,24,13800.0
38,Nutrient,631,1488.0
2,Nutrient,631,33600.0
1,Nutrient,631,24100.0
3,Nutrient,631,1500.0
3,Nutrient,631,1500.0
38,Nutrient,631,1782.0
2,Nutrient,631,38500.0
1,Nutrient,631,28600.0
3,Nutrient,631,4100.0
3,Nutrient,631,4100.0
38,Nutrient,128,367.0
2,Nutrient,128,2200.0
1,Nutrient,128,700.0
3,Nutrient,128,13000.0
3,Nutrient,128,23400.0
38,Nutrient,701,1576.0
2,Nutrient,701,4400.0
1,Nutrient,701,1600.0
3,Nutrient,701,84800.0
3,Nutrient,701,84800.0
38,Nutrient,701,1589.0
2,Nutrient,701,1000.0
1,Nutrient,701,1100.0
3,Nutrient,701,90100.0
3,Nutrient,701,90100.0
38,Nutrient,129,262.0
2,Nutrient,129,2100.0
1,Nutrient,129,500.0
3,Nutrient,129,10100.0
3,Nutrient,129,14600.0
38,Nutrient,674,1065.0
2,Nutrient,674,13000.0
1,Nutrient,674,21700.0
3,Nutrient,674,2300.0
3,Nutrient,674,2500.0
38,Nutrient,16,2612.0
2,Nutrient,16,24600.0
1,Nutrient,16,53300.0
3,Nutrient,16,9400.0
3,Nutrient,16,17100.0
38,Nutrient,40,112.0
2,Nutrient,40,900.0
1,Nutrient,40,100.0
3,Nutrient,40,4900.0
3,Nutrient,40,6100.0
38,Nutrient,40,187.0
2,Nutrient,40,2000.0
1,Nutrient,40,200.0
3,Nutrient,40,7700.0
3,Nutrient,40,9500.0
38,Nutrient,40,1285.0
2,Nutrient,40,10400.0
1,Nutrient,40,2100.0
3,Nutrient,40,48300.0
3,Nutrient,40,74500.0
38,Nutrient,139,1278.0
2,Nutrient,139,11000.0
1,Nutrient,139,3300.0
3,Nutrient,139,44500.0
3,Nutrient,139,71000.0
38,Nutrient,40,88.0
2,Nutrient,40,900.0
1,Nutrient,40,300.0
3,Nutrient,40,2800.0
3,Nutrient,40,4600.0
38,Nutrient,40,80.0
2,Nutrient,40,800.0
1,Nutrient,40,300.0
3,Nutrient,40,2700.0
3,Nutrient,40,3900.0
38,Nutrient,40,127.0
2,Nutrient,40,1300.0
1,Nutrient,40,400.0
3,Nutrient,40,4500.0
3,Nutrient,40,6200.0
38,Nutrient,18,438.0
2,Nutrient,18,7700.0
1,Nutrient,18,700.0
3,Nutrient,18,13000.0
3,Nutrient,18,20500.0
38,Nutrient,44,3074.0
2,Nutrient,44,9200.0
1,Nutrient,44,75200.0
3,Nutrient,44,3500.0
3,Nutrient,44,13000.0
38,Nutrient,44,2970.0
2,Nutrient,44,9200.0
1,Nutrient,44,72000.0
3,Nutrient,44,4300.0
3,Nutrient,44,13900.0
38,Nutrient,44,3057.0
2,Nutrient,44,9500.0
1,Nutrient,44,74300.0
3,Nutrient,44,4200.0
3,Nutrient,44,13600.0
38,Nutrient,131,206.0
2,Nutrient,131,3700.0
1,Nutrient,131,1200.0
3,Nutrient,131,3900.0
3,Nutrient,131,8000.0
38,Nutrient,131,232.0
2,Nutrient,131,2300.0
1,Nutrient,131,600.0
3,Nutrient,131,8000.0
3,Nutrient,131,12300.0
38,Nutrient,369,390.0
2,Nutrient,369,16400.0
1,Nutrient,369,3000.0
3,Nutrient,369,0.0
3,Nutrient,369,0.0
38,Nutrient,138,2953.0
2,Nutrient,138,13700.0
1,Nutrient,138,68400.0
3,Nutrient,138,9400.0
3,Nutrient,138,13100.0
38,Nutrient,140,2376.0
2,Nutrient,140,20600.0
1,Nutrient,140,44400.0
3,Nutrient,140,17700.0
3,Nutrient,140,28000.0
38,Nutrient,140,2444.0
2,Nutrient,140,21400.0
1,Nutrient,140,46000.0
3,Nutrient,140,17400.0
3,Nutrient,140,27700.0
38,Nutrient,655,752.0
2,Nutrient,655,8600.0
1,Nutrient,655,6100.0
3,Nutrient,655,20900.0
3,Nutrient,655,24000.0
38,Nutrient,655,734.0
2,Nutrient,655,7200.0
1,Nutrient,655,5800.0
3,Nutrient,655,21900.0
3,Nutrient,655,25000.0
38,Nutrient,655,786.0
2,Nutrient,655,8900.0
1,Nutrient,655,6100.0
3,Nutrient,655,22600.0
3,Nutrient,655,25700.0
38,Nutrient,205,2060.0
2,Nutrient,205,9600.0
1,Nutrient,205,24300.0
3,Nutrient,205,54900.0
3,Nutrient,205,63000.0
38,Nutrient,205,2153.0
2,Nutrient,205,9600.0
1,Nutrient,205,26800.0
3,Nutrient,205,54900.0
3,Nutrient,205,63000.0
38,Nutrient,205,1909.0
2,Nutrient,205,9600.0
1,Nutrient,205,20200.0
3,Nutrient,205,54900.0
3,Nutrient,205,63000.0
38,Nutrient,7,158.0
2,Nutrient,7,1900.0
1,Nutrient,7,400.0
3,Nutrient,7,5500.0
3,Nutrient,7,7700.0
38,Nutrient,31,640.0
2,Nutrient,31,100.0
1,Nutrient,31,0.0
3,Nutrient,31,11100.0
3,Nutrient,31,11100.0
38,Nutrient,837,852.0
2,Nutrient,837,6800.0
1,Nutrient,837,1200.0
3,Nutrient,837,36000.0
3,Nutrient,837,46000.0
38,Nutrient,9,109.0
2,Nutrient,9,2400.0
1,Nutrient,9,600.0
3,Nutrient,9,1600.0
3,Nutrient,9,4000.0
38,Nutrient,152,300.0
2,Nutrient,152,300.0
1,Nutrient,152,200.0
3,Nutrient,152,15800.0
3,Nutrient,152,18200.0
38,Nutrient,152,227.0
2,Nutrient,152,300.0
1,Nutrient,152,300.0
3,Nutrient,152,10900.0
3,Nutrient,152,14100.0
38,Nutrient,671,1134.0
2,Nutrient,671,11200.0
1,Nutrient,671,23600.0
3,Nutrient,671,4000.0
3,Nutrient,671,4300.0
38,Nutrient,671,1150.0
2,Nutrient,671,13000.0
1,Nutrient,671,23500.0
3,Nutrient,671,3400.0
3,Nutrient,671,3600.0
38,Nutrient,836,1068.0
2,Nutrient,836,8700.0
1,Nutrient,836,3800.0
3,Nutrient,836,44000.0
3,Nutrient,836,48000.0
38,Nutrient,671,1135.0
2,Nutrient,671,13400.0
1,Nutrient,671,23200.0
3,Nutrient,671,2800.0
3,Nutrient,671,3000.0
38,Nutrient,154,108.0
2,Nutrient,154,900.0
1,Nutrient,154,300.0
3,Nutrient,154,3000.0
3,Nutrient,154,6800.0
38,Nutrient,154,108.0
2,Nutrient,154,900.0
1,Nutrient,154,300.0
3,Nutrient,154,3000.0
3,Nutrient,154,6800.0
38,Nutrient,18,48.0
2,Nutrient,18,800.0
1,Nutrient,18,100.0
3,Nutrient,18,1200.0
3,Nutrient,18,2500.0
38,Nutrient,29,3700.0
2,Nutrient,29,0.0
1,Nutrient,29,100000.0
3,Nutrient,29,0.0
3,Nutrient,29,0.0
38,Nutrient,29,3700.0
2,Nutrient,29,0.0
1,Nutrient,29,100000.0
3,Nutrient,29,0.0
3,Nutrient,29,0.0
38,Nutrient,832,1488.0
2,Nutrient,832,10700.0
1,Nutrient,832,1500.0
3,Nutrient,832,70300.0
3,Nutrient,832,77200.0
38,Nutrient,546,326.0
2,Nutrient,546,16800.0
1,Nutrient,546,1100.0
3,Nutrient,546,0.0
3,Nutrient,546,0.0
38,Nutrient,546,461.0
2,Nutrient,546,24000.0
1,Nutrient,546,1100.0
3,Nutrient,546,700.0
3,Nutrient,546,700.0
38,Nutrient,546,338.0
2,Nutrient,546,16500.0
1,Nutrient,546,1200.0
3,Nutrient,546,800.0
3,Nutrient,546,800.0
38,Nutrient,697,1157.0
2,Nutrient,697,800.0
1,Nutrient,697,23500.0
3,Nutrient,697,15900.0
3,Nutrient,697,16400.0
38,Nutrient,697,1643.0
2,Nutrient,697,1100.0
1,Nutrient,697,36800.0
3,Nutrient,697,15200.0
3,Nutrient,697,15700.0
38,Nutrient,156,275.0
2,Nutrient,156,1300.0
1,Nutrient,156,1700.0
3,Nutrient,156,9200.0
3,Nutrient,156,13400.0
38,Nutrient,156,1010.0
2,Nutrient,156,200.0
1,Nutrient,156,100.0
3,Nutrient,156,59000.0
3,Nutrient,156,59000.0
38,Nutrient,156,163.0
2,Nutrient,156,500.0
1,Nutrient,156,500.0
3,Nutrient,156,8000.0
3,Nutrient,156,8000.0
38,Nutrient,156,724.0
2,Nutrient,156,500.0
1,Nutrient,156,500.0
3,Nutrient,156,41000.0
3,Nutrient,156,41000.0
38,Nutrient,125,1541.0
2,Nutrient,125,9000.0
1,Nutrient,125,2900.0
3,Nutrient,125,74200.0
3,Nutrient,125,76600.0
38,Nutrient,125,1526.0
2,Nutrient,125,7800.0
1,Nutrient,125,1200.0
3,Nutrient,125,78900.0
3,Nutrient,125,79800.0
38,Nutrient,125,1524.0
2,Nutrient,125,8400.0
1,Nutrient,125,1200.0
3,Nutrient,125,78300.0
3,Nutrient,125,79000.0
38,Nutrient,125,1536.0
2,Nutrient,125,6800.0
1,Nutrient,125,2800.0
3,Nutrient,125,76300.0
3,Nutrient,125,78700.0
38,Nutrient,125,1528.0
2,Nutrient,125,6500.0
1,Nutrient,125,1300.0
3,Nutrient,125,80300.0
3,Nutrient,125,80800.0
38,Nutrient,125,1657.0
2,Nutrient,125,13400.0
1,Nutrient,125,20900.0
3,Nutrient,125,28700.0
3,Nutrient,125,49700.0
38,Nutrient,125,1527.0
2,Nutrient,125,7300.0
1,Nutrient,125,1300.0
3,Nutrient,125,79300.0
3,Nutrient,125,80100.0
38,Nutrient,125,1459.0
2,Nutrient,125,800.0
1,Nutrient,125,0.0
3,Nutrient,125,85000.0
3,Nutrient,125,85000.0
38,Nutrient,506,504.0
2,Nutrient,506,21700.0
1,Nutrient,506,3500.0
3,Nutrient,506,300.0
3,Nutrient,506,300.0
38,Nutrient,242,1151.0
2,Nutrient,242,0.0
1,Nutrient,242,0.0
3,Nutrient,242,0.0
3,Nutrient,242,0.0
38,Nutrient,631,1450.0
2,Nutrient,631,20100.0
1,Nutrient,631,29500.0
3,Nutrient,631,1000.0
3,Nutrient,631,1000.0
38,Nutrient,32,196.0
2,Nutrient,32,3300.0
1,Nutrient,32,500.0
3,Nutrient,32,5000.0
3,Nutrient,32,9500.0
38,Nutrient,32,242.0
2,Nutrient,32,4800.0
1,Nutrient,32,500.0
3,Nutrient,32,6400.0
3,Nutrient,32,10500.0
38,Nutrient,32,221.0
2,Nutrient,32,4500.0
1,Nutrient,32,500.0
3,Nutrient,32,5500.0
3,Nutrient,32,9600.0
38,Nutrient,32,213.0
2,Nutrient,32,4400.0
1,Nutrient,32,500.0
3,Nutrient,32,5100.0
3,Nutrient,32,9200.0
38,Nutrient,626,297.0
2,Nutrient,626,200.0
1,Nutrient,626,0.0
3,Nutrient,626,1400.0
3,Nutrient,626,1400.0
38,Nutrient,374,1412.0
2,Nutrient,374,3500.0
1,Nutrient,374,1600.0
3,Nutrient,374,74400.0
3,Nutrient,374,78000.0
38,Nutrient,660,1363.0
2,Nutrient,660,3600.0
1,Nutrient,660,7300.0
3,Nutrient,660,60000.0
3,Nutrient,660,61500.0
38,Nutrient,660,1420.0
2,Nutrient,660,3600.0
1,Nutrient,660,9300.0
3,Nutrient,660,59000.0
3,Nutrient,660,60500.0
38,Nutrient,660,1424.0
2,Nutrient,660,3600.0
1,Nutrient,660,8900.0
3,Nutrient,660,60100.0
3,Nutrient,660,61600.0
38,Nutrient,837,942.0
2,Nutrient,837,6200.0
1,Nutrient,837,5300.0
3,Nutrient,837,33800.0
3,Nutrient,837,42000.0
38,Nutrient,837,855.0
2,Nutrient,837,5000.0
1,Nutrient,837,1200.0
3,Nutrient,837,38900.0
3,Nutrient,837,47000.0
38,Nutrient,837,905.0
2,Nutrient,837,6200.0
1,Nutrient,837,1300.0
3,Nutrient,837,40700.0
3,Nutrient,837,48100.0
38,Nutrient,837,873.0
2,Nutrient,837,5700.0
1,Nutrient,837,1300.0
3,Nutrient,837,38800.0
3,Nutrient,837,47400.0
38,Nutrient,832,1473.0
2,Nutrient,832,6100.0
1,Nutrient,832,2000.0
3,Nutrient,832,71600.0
3,Nutrient,832,81400.0
38,Nutrient,169,1417.0
2,Nutrient,169,9000.0
1,Nutrient,169,2300.0
3,Nutrient,169,62400.0
3,Nutrient,169,77200.0
38,Nutrient,169,1412.0
2,Nutrient,169,8800.0
1,Nutrient,169,2300.0
3,Nutrient,169,62300.0
3,Nutrient,169,77100.0
38,Nutrient,169,1414.0
2,Nutrient,169,7800.0
1,Nutrient,169,1800.0
3,Nutrient,169,66500.0
3,Nutrient,169,77000.0
38,Nutrient,169,1459.0
2,Nutrient,169,6100.0
1,Nutrient,169,1400.0
3,Nutrient,169,73700.0
3,Nutrient,169,80000.0
38,Nutrient,549,1129.0
2,Nutrient,549,15300.0
1,Nutrient,549,23200.0
3,Nutrient,549,600.0
3,Nutrient,549,600.0
38,Nutrient,836,1245.0
2,Nutrient,836,9700.0
1,Nutrient,836,3500.0
3,Nutrient,836,54000.0
3,Nutrient,836,58100.0
38,Nutrient,836,1185.0
2,Nutrient,836,9400.0
1,Nutrient,836,2500.0
3,Nutrient,836,53300.0
3,Nutrient,836,56600.0
38,Nutrient,631,623.0
2,Nutrient,631,9900.0
1,Nutrient,631,10300.0
3,Nutrient,631,4300.0
3,Nutrient,631,4300.0
38,Nutrient,631,302.0
2,Nutrient,631,12400.0
1,Nutrient,631,500.0
3,Nutrient,631,4300.0
3,Nutrient,631,4300.0
38,Nutrient,611,474.0
2,Nutrient,611,23500.0
1,Nutrient,611,2000.0
3,Nutrient,611,0.0
3,Nutrient,611,0.0
38,Nutrient,261,81.0
2,Nutrient,261,1000.0
1,Nutrient,261,100.0
3,Nutrient,261,3200.0
3,Nutrient,261,3900.0
38,Nutrient,264,255.0
2,Nutrient,264,1000.0
1,Nutrient,264,300.0
3,Nutrient,264,12400.0
3,Nutrient,264,14400.0
38,Nutrient,264,121.0
2,Nutrient,264,900.0
1,Nutrient,264,100.0
3,Nutrient,264,4900.0
3,Nutrient,264,7200.0
38,Nutrient,264,213.0
2,Nutrient,264,1700.0
1,Nutrient,264,300.0
3,Nutrient,264,9100.0
3,Nutrient,264,11400.0
38,Nutrient,98,1510.0
2,Nutrient,98,27300.0
1,Nutrient,98,2900.0
3,Nutrient,98,52300.0
3,Nutrient,98,58500.0
38,Nutrient,602,390.0
2,Nutrient,602,19700.0
1,Nutrient,602,1500.0
3,Nutrient,602,0.0
3,Nutrient,602,0.0
38,Nutrient,612,363.0
2,Nutrient,612,19400.0
1,Nutrient,612,900.0
3,Nutrient,612,0.0
3,Nutrient,612,0.0
38,Nutrient,30,318.0
2,Nutrient,30,1000.0
1,Nutrient,30,200.0
3,Nutrient,30,16300.0
3,Nutrient,30,18400.0
38,Nutrient,30,82.0
2,Nutrient,30,500.0
1,Nutrient,30,100.0
3,Nutrient,30,2900.0
3,Nutrient,30,5500.0
38,Nutrient,30,125.0
2,Nutrient,30,1500.0
1,Nutrient,30,200.0
3,Nutrient,30,4500.0
3,Nutrient,30,6500.0
38,Nutrient,610,576.0
2,Nutrient,610,11900.0
1,Nutrient,610,1100.0
3,Nutrient,610,19100.0
3,Nutrient,610,20100.0
38,Nutrient,610,1057.0
2,Nutrient,610,15200.0
1,Nutrient,610,13200.0
3,Nutrient,610,17800.0
3,Nutrient,610,18800.0
38,Nutrient,610,365.0
2,Nutrient,610,18200.0
1,Nutrient,610,1500.0
3,Nutrient,610,0.0
3,Nutrient,610,0.0
38,Nutrient,597,343.0
2,Nutrient,597,17100.0
1,Nutrient,597,1400.0
3,Nutrient,597,0.0
3,Nutrient,597,0.0
38,Nutrient,626,63.0
2,Nutrient,626,200.0
1,Nutrient,626,0.0
3,Nutrient,626,3500.0
3,Nutrient,626,3500.0
38,Nutrient,626,304.0
2,Nutrient,626,200.0
1,Nutrient,626,0.0
3,Nutrient,626,1500.0
3,Nutrient,626,1500.0
38,Nutrient,549,472.0
2,Nutrient,549,19400.0
1,Nutrient,549,3700.0
3,Nutrient,549,300.0
3,Nutrient,549,300.0
38,Nutrient,38,15.0
2,Nutrient,38,900.0
1,Nutrient,38,0.0
3,Nutrient,38,0.0
3,Nutrient,38,0.0
38,Nutrient,42,3700.0
2,Nutrient,42,0.0
1,Nutrient,42,100000.0
3,Nutrient,42,0.0
3,Nutrient,42,0.0
38,Nutrient,42,3700.0
2,Nutrient,42,0.0
1,Nutrient,42,100000.0
3,Nutrient,42,0.0
3,Nutrient,42,0.0
38,Nutrient,634,1505.0
2,Nutrient,634,200.0
1,Nutrient,634,300.0
3,Nutrient,634,87300.0
3,Nutrient,634,88100.0
38,Nutrient,671,2107.0
2,Nutrient,671,13900.0
1,Nutrient,671,49000.0
3,Nutrient,671,3400.0
3,Nutrient,671,3400.0
38,Nutrient,95,67.0
2,Nutrient,95,1400.0
1,Nutrient,95,200.0
3,Nutrient,95,1500.0
3,Nutrient,95,2800.0
38,Nutrient,48,59.0
2,Nutrient,48,1300.0
1,Nutrient,48,200.0
3,Nutrient,48,300.0
3,Nutrient,48,3400.0
38,Nutrient,48,78.0
2,Nutrient,48,1300.0
1,Nutrient,48,200.0
3,Nutrient,48,2400.0
3,Nutrient,48,3300.0
38,Nutrient,95,93.0
2,Nutrient,95,1300.0
1,Nutrient,95,400.0
3,Nutrient,95,2700.0
3,Nutrient,95,4000.0
38,Nutrient,95,65.0
2,Nutrient,95,1000.0
1,Nutrient,95,100.0
3,Nutrient,95,2100.0
3,Nutrient,95,3200.0
38,Nutrient,49,103.0
2,Nutrient,49,1400.0
1,Nutrient,49,300.0
3,Nutrient,49,3600.0
3,Nutrient,49,4500.0
38,Nutrient,95,69.0
2,Nutrient,95,1200.0
1,Nutrient,95,300.0
3,Nutrient,95,1200.0
3,Nutrient,95,3300.0
38,Nutrient,506,423.0
2,Nutrient,506,18500.0
1,Nutrient,506,2600.0
3,Nutrient,506,700.0
3,Nutrient,506,700.0
38,Nutrient,666,0.0
2,Nutrient,666,0.0
1,Nutrient,666,0.0
3,Nutrient,666,0.0
3,Nutrient,666,0.0
38,Nutrient,666,0.0
2,Nutrient,666,0.0
1,Nutrient,666,0.0
3,Nutrient,666,0.0
3,Nutrient,666,0.0
38,Nutrient,666,0.0
2,Nutrient,666,0.0
1,Nutrient,666,0.0
3,Nutrient,666,0.0
3,Nutrient,666,0.0
38,Nutrient,631,1167.0
2,Nutrient,631,30100.0
1,Nutrient,631,17200.0
3,Nutrient,631,1100.0
3,Nutrient,631,1100.0
38,Nutrient,631,1507.0
2,Nutrient,631,27000.0
1,Nutrient,631,27900.0
3,Nutrient,631,900.0
3,Nutrient,631,900.0
38,Nutrient,609,361.0
2,Nutrient,609,19200.0
1,Nutrient,609,700.0
3,Nutrient,609,500.0
3,Nutrient,609,500.0
38,Nutrient,531,844.0
2,Nutrient,531,24600.0
1,Nutrient,531,11500.0
3,Nutrient,531,0.0
3,Nutrient,531,0.0
38,Nutrient,531,723.0
2,Nutrient,531,16400.0
1,Nutrient,531,12000.0
3,Nutrient,531,0.0
3,Nutrient,531,0.0
38,Nutrient,665,624.0
2,Nutrient,665,0.0
1,Nutrient,665,300.0
3,Nutrient,665,35800.0
3,Nutrient,665,36300.0
38,Nutrient,665,2313.0
2,Nutrient,665,1600.0
1,Nutrient,665,56000.0
3,Nutrient,665,12600.0
3,Nutrient,665,12600.0
38,Nutrient,665,384.0
2,Nutrient,665,1000.0
1,Nutrient,665,0.0
3,Nutrient,665,21200.0
3,Nutrient,665,22000.0
38,Nutrient,2,113.0
2,Nutrient,2,2000.0
1,Nutrient,2,100.0
3,Nutrient,2,3000.0
3,Nutrient,2,6100.0
38,Nutrient,524,382.0
2,Nutrient,524,20500.0
1,Nutrient,524,900.0
3,Nutrient,524,0.0
3,Nutrient,524,0.0
38,Nutrient,524,339.0
2,Nutrient,524,19300.0
1,Nutrient,524,300.0
3,Nutrient,524,0.0
3,Nutrient,524,0.0
38,Nutrient,249,146.0
2,Nutrient,249,1800.0
1,Nutrient,249,300.0
3,Nutrient,249,4300.0
3,Nutrient,249,8200.0
38,Nutrient,214,146.0
2,Nutrient,214,1800.0
1,Nutrient,214,300.0
3,Nutrient,214,4300.0
3,Nutrient,214,8200.0
38,Nutrient,673,511.0
2,Nutrient,673,5000.0
1,Nutrient,673,3100.0
3,Nutrient,673,16800.0
3,Nutrient,673,20000.0
38,Nutrient,673,692.0
2,Nutrient,673,5700.0
1,Nutrient,673,6400.0
3,Nutrient,673,20300.0
3,Nutrient,673,22000.0
38,Nutrient,170,2502.0
2,Nutrient,170,21900.0
1,Nutrient,170,51000.0
3,Nutrient,170,8600.0
3,Nutrient,170,20700.0
38,Nutrient,170,2377.0
2,Nutrient,170,17700.0
1,Nutrient,170,49700.0
3,Nutrient,170,5500.0
3,Nutrient,170,23500.0
38,Nutrient,170,3700.0
2,Nutrient,170,0.0
1,Nutrient,170,100000.0
3,Nutrient,170,0.0
3,Nutrient,170,0.0
38,Nutrient,649,489.0
2,Nutrient,649,100.0
1,Nutrient,649,0.0
3,Nutrient,649,3400.0
3,Nutrient,649,3400.0
38,Nutrient,649,565.0
2,Nutrient,649,300.0
1,Nutrient,649,0.0
3,Nutrient,649,6500.0
3,Nutrient,649,6500.0
38,Nutrient,649,487.0
2,Nutrient,649,200.0
1,Nutrient,649,0.0
3,Nutrient,649,1300.0
3,Nutrient,649,1300.0
38,Nutrient,836,1054.0
2,Nutrient,836,7200.0
1,Nutrient,836,3200.0
3,Nutrient,836,46000.0
3,Nutrient,836,49900.0
38,Nutrient,169,1486.0
2,Nutrient,169,9600.0
1,Nutrient,169,2000.0
3,Nutrient,169,71400.0
3,Nutrient,169,75800.0
38,Nutrient,531,1031.0
2,Nutrient,531,19300.0
1,Nutrient,531,19000.0
3,Nutrient,531,0.0
3,Nutrient,531,0.0
38,Nutrient,531,1151.0
2,Nutrient,531,11900.0
1,Nutrient,531,17000.0
3,Nutrient,531,18800.0
3,Nutrient,531,18800.0
38,Nutrient,531,1181.0
2,Nutrient,531,7600.0
1,Nutrient,531,22400.0
3,Nutrient,531,13100.0
3,Nutrient,531,13100.0
38,Nutrient,531,966.0
2,Nutrient,531,14000.0
1,Nutrient,531,16000.0
3,Nutrient,531,8000.0
3,Nutrient,531,8000.0
38,Nutrient,531,955.0
2,Nutrient,531,12400.0
1,Nutrient,531,15200.0
3,Nutrient,531,10700.0
3,Nutrient,531,10700.0
38,Nutrient,531,946.0
2,Nutrient,531,12000.0
1,Nutrient,531,10000.0
3,Nutrient,531,21800.0
3,Nutrient,531,22000.0
38,Nutrient,531,805.0
2,Nutrient,531,20600.0
1,Nutrient,531,12300.0
3,Nutrient,531,0.0
3,Nutrient,531,0.0
38,Nutrient,531,844.0
2,Nutrient,531,18100.0
1,Nutrient,531,14500.0
3,Nutrient,531,0.0
3,Nutrient,531,0.0
38,Nutrient,531,1417.0
2,Nutrient,531,11100.0
1,Nutrient,531,33100.0
3,Nutrient,531,200.0
3,Nutrient,531,200.0
38,Nutrient,695,1309.0
2,Nutrient,695,300.0
1,Nutrient,695,0.0
3,Nutrient,695,76700.0
3,Nutrient,695,76700.0
38,Nutrient,549,1103.0
2,Nutrient,549,17000.0
1,Nutrient,549,22000.0
3,Nutrient,549,0.0
3,Nutrient,549,0.0
38,Nutrient,549,426.0
2,Nutrient,549,20700.0
1,Nutrient,549,2000.0
3,Nutrient,549,0.0
3,Nutrient,549,0.0
38,Nutrient,549,445.0
2,Nutrient,549,21600.0
1,Nutrient,549,2100.0
3,Nutrient,549,0.0
3,Nutrient,549,0.0
38,Nutrient,549,467.0
2,Nutrient,549,15700.0
1,Nutrient,549,5400.0
3,Nutrient,549,0.0
3,Nutrient,549,0.0
38,Nutrient,549,456.0
2,Nutrient,549,17900.0
1,Nutrient,549,4000.0
3,Nutrient,549,200.0
3,Nutrient,549,200.0
38,Nutrient,549,964.0
2,Nutrient,549,28400.0
1,Nutrient,549,13000.0
3,Nutrient,549,0.0
3,Nutrient,549,0.0
38,Nutrient,549,829.0
2,Nutrient,549,18300.0
1,Nutrient,549,14000.0
3,Nutrient,549,0.0
3,Nutrient,549,0.0
38,Nutrient,549,493.0
2,Nutrient,549,20500.0
1,Nutrient,549,3900.0
3,Nutrient,549,0.0
3,Nutrient,549,0.0
38,Nutrient,549,837.0
2,Nutrient,549,19200.0
1,Nutrient,549,13800.0
3,Nutrient,549,0.0
3,Nutrient,549,0.0
38,Nutrient,549,494.0
2,Nutrient,549,19900.0
1,Nutrient,549,4200.0
3,Nutrient,549,0.0
3,Nutrient,549,0.0
38,Nutrient,549,494.0
2,Nutrient,549,19900.0
1,Nutrient,549,4200.0
3,Nutrient,549,0.0
3,Nutrient,549,0.0
38,Nutrient,549,445.0
2,Nutrient,549,21600.0
1,Nutrient,549,2100.0
3,Nutrient,549,0.0
3,Nutrient,549,0.0
38,Nutrient,549,475.0
2,Nutrient,549,20300.0
1,Nutrient,549,3500.0
3,Nutrient,549,0.0
3,Nutrient,549,0.0
38,Nutrient,613,350.0
2,Nutrient,613,3300.0
1,Nutrient,613,200.0
3,Nutrient,613,15300.0
3,Nutrient,613,18600.0
38,Nutrient,548,367.0
2,Nutrient,548,18100.0
1,Nutrient,548,1600.0
3,Nutrient,548,0.0
3,Nutrient,548,0.0
38,Nutrient,632,150.0
2,Nutrient,632,3500.0
1,Nutrient,632,300.0
3,Nutrient,632,4700.0
3,Nutrient,632,4700.0
38,Nutrient,632,158.0
2,Nutrient,632,3500.0
1,Nutrient,632,500.0
3,Nutrient,632,4700.0
3,Nutrient,632,4700.0
38,Nutrient,632,150.0
2,Nutrient,632,3500.0
1,Nutrient,632,300.0
3,Nutrient,632,4700.0
3,Nutrient,632,4700.0
38,Nutrient,711,1529.0
2,Nutrient,711,36200.0
1,Nutrient,711,800.0
3,Nutrient,711,52000.0
3,Nutrient,711,52000.0
38,Nutrient,660,1802.0
2,Nutrient,660,5300.0
1,Nutrient,660,23500.0
3,Nutrient,660,49100.0
3,Nutrient,660,50100.0
38,Nutrient,660,1792.0
2,Nutrient,660,4600.0
1,Nutrient,660,21300.0
3,Nutrient,660,54000.0
3,Nutrient,660,55000.0
38,Nutrient,660,1800.0
2,Nutrient,660,4900.0
1,Nutrient,660,22300.0
3,Nutrient,660,52000.0
3,Nutrient,660,53000.0
38,Nutrient,660,2050.0
2,Nutrient,660,5200.0
1,Nutrient,660,31200.0
3,Nutrient,660,47000.0
3,Nutrient,660,48000.0
38,Nutrient,660,1854.0
2,Nutrient,660,6100.0
1,Nutrient,660,25000.0
3,Nutrient,660,48100.0
3,Nutrient,660,49100.0
38,Nutrient,631,950.0
2,Nutrient,631,28400.0
1,Nutrient,631,12400.0
3,Nutrient,631,500.0
3,Nutrient,631,500.0
38,Nutrient,631,1070.0
2,Nutrient,631,26400.0
1,Nutrient,631,16500.0
3,Nutrient,631,600.0
3,Nutrient,631,600.0
38,Nutrient,631,1328.0
2,Nutrient,631,24200.0
1,Nutrient,631,24500.0
3,Nutrient,631,600.0
3,Nutrient,631,600.0
38,Nutrient,667,3030.0
2,Nutrient,667,500.0
1,Nutrient,667,81400.0
3,Nutrient,667,600.0
3,Nutrient,667,600.0
38,Nutrient,667,3071.0
2,Nutrient,667,500.0
1,Nutrient,667,82500.0
3,Nutrient,667,600.0
3,Nutrient,667,600.0
38,Nutrient,873,3003.0
2,Nutrient,873,400.0
1,Nutrient,873,80800.0
3,Nutrient,873,400.0
3,Nutrient,873,400.0
38,Nutrient,275,2224.0
2,Nutrient,275,5600.0
1,Nutrient,275,31200.0
3,Nutrient,275,55900.0
3,Nutrient,275,58900.0
38,Nutrient,275,2107.0
2,Nutrient,275,5300.0
1,Nutrient,275,26100.0
3,Nutrient,275,60400.0
3,Nutrient,275,63400.0
38,Nutrient,275,2191.0
2,Nutrient,275,4700.0
1,Nutrient,275,28800.0
3,Nutrient,275,60100.0
3,Nutrient,275,63100.0
38,Nutrient,657,2051.0
2,Nutrient,657,4600.0
1,Nutrient,657,25100.0
3,Nutrient,657,60000.0
3,Nutrient,657,63000.0
38,Nutrient,657,2098.0
2,Nutrient,657,7400.0
1,Nutrient,657,25700.0
3,Nutrient,657,58400.0
3,Nutrient,657,62000.0
38,Nutrient,657,2246.0
2,Nutrient,657,9000.0
1,Nutrient,657,32100.0
3,Nutrient,657,52600.0
3,Nutrient,657,54000.0
38,Nutrient,277,974.0
2,Nutrient,277,0.0
1,Nutrient,277,0.0
3,Nutrient,277,500.0
3,Nutrient,277,500.0
38,Nutrient,277,936.0
2,Nutrient,277,0.0
1,Nutrient,277,0.0
3,Nutrient,277,500.0
3,Nutrient,277,500.0
38,Nutrient,837,885.0
2,Nutrient,837,4900.0
1,Nutrient,837,1400.0
3,Nutrient,837,40700.0
3,Nutrient,837,48000.0
38,Nutrient,837,1004.0
2,Nutrient,837,6900.0
1,Nutrient,837,6500.0
3,Nutrient,837,34500.0
3,Nutrient,837,42000.0
38,Nutrient,716,239.0
2,Nutrient,716,6300.0
1,Nutrient,716,0.0
3,Nutrient,716,7400.0
3,Nutrient,716,8200.0
38,Nutrient,85,1718.0
2,Nutrient,85,35800.0
1,Nutrient,85,18400.0
3,Nutrient,85,17400.0
3,Nutrient,85,34000.0
38,Nutrient,761,182.0
2,Nutrient,761,3100.0
1,Nutrient,761,2400.0
3,Nutrient,761,2300.0
3,Nutrient,761,2500.0
38,Nutrient,85,1879.0
2,Nutrient,85,37200.0
1,Nutrient,85,22200.0
3,Nutrient,85,20100.0
3,Nutrient,85,30500.0
38,Nutrient,85,3700.0
2,Nutrient,85,0.0
1,Nutrient,85,100000.0
3,Nutrient,85,0.0
3,Nutrient,85,0.0
38,Nutrient,155,319.0
2,Nutrient,155,1500.0
1,Nutrient,155,1300.0
3,Nutrient,155,11700.0
3,Nutrient,155,17500.0
38,Nutrient,155,849.0
2,Nutrient,155,600.0
1,Nutrient,155,400.0
3,Nutrient,155,48000.0
3,Nutrient,155,49000.0
38,Nutrient,155,858.0
2,Nutrient,155,500.0
1,Nutrient,155,400.0
3,Nutrient,155,48600.0
3,Nutrient,155,49600.0
38,Nutrient,155,214.0
2,Nutrient,155,500.0
1,Nutrient,155,500.0
3,Nutrient,155,11000.0
3,Nutrient,155,11000.0
38,Nutrient,155,843.0
2,Nutrient,155,500.0
1,Nutrient,155,500.0
3,Nutrient,155,48000.0
3,Nutrient,155,48000.0
38,Nutrient,836,1131.0
2,Nutrient,836,9000.0
1,Nutrient,836,5100.0
3,Nutrient,836,44100.0
3,Nutrient,836,49100.0
38,Nutrient,86,2691.0
2,Nutrient,86,19900.0
1,Nutrient,86,56400.0
3,Nutrient,86,14400.0
3,Nutrient,86,17100.0
38,Nutrient,86,3700.0
2,Nutrient,86,0.0
1,Nutrient,86,100000.0
3,Nutrient,86,0.0
3,Nutrient,86,0.0
38,Nutrient,676,1700.0
2,Nutrient,676,0.0
1,Nutrient,676,0.0
3,Nutrient,676,100000.0
3,Nutrient,676,100000.0
38,Nutrient,581,337.0
2,Nutrient,581,18100.0
1,Nutrient,581,800.0
3,Nutrient,581,0.0
3,Nutrient,581,0.0
38,Nutrient,671,1905.0
2,Nutrient,671,16300.0
1,Nutrient,671,44000.0
3,Nutrient,671,0.0
3,Nutrient,671,0.0
38,Nutrient,671,1681.0
2,Nutrient,671,20100.0
1,Nutrient,671,36200.0
3,Nutrient,671,0.0
3,Nutrient,671,0.0
38,Nutrient,531,1062.0
2,Nutrient,531,11300.0
1,Nutrient,531,23500.0
3,Nutrient,531,0.0
3,Nutrient,531,0.0
38,Nutrient,604,352.0
2,Nutrient,604,18500.0
1,Nutrient,604,1000.0
3,Nutrient,604,0.0
3,Nutrient,604,0.0
38,Nutrient,30,113.0
2,Nutrient,30,2100.0
1,Nutrient,30,300.0
3,Nutrient,30,3000.0
3,Nutrient,30,4900.0
38,Nutrient,178,86.0
2,Nutrient,178,2100.0
1,Nutrient,178,500.0
3,Nutrient,178,900.0
3,Nutrient,178,2900.0
38,Nutrient,178,107.0
2,Nutrient,178,2600.0
1,Nutrient,178,600.0
3,Nutrient,178,1500.0
3,Nutrient,178,3400.0
38,Nutrient,277,963.0
2,Nutrient,277,0.0
1,Nutrient,277,0.0
3,Nutrient,277,500.0
3,Nutrient,277,500.0
38,Nutrient,549,1095.0
2,Nutrient,549,19500.0
1,Nutrient,549,20600.0
3,Nutrient,549,100.0
3,Nutrient,549,100.0
38,Nutrient,690,2114.0
2,Nutrient,690,11300.0
1,Nutrient,690,25900.0
3,Nutrient,690,56700.0
3,Nutrient,690,56700.0
38,Nutrient,66,67.0
2,Nutrient,66,1400.0
1,Nutrient,66,200.0
3,Nutrient,66,1600.0
3,Nutrient,66,2700.0
38,Nutrient,66,67.0
2,Nutrient,66,1200.0
1,Nutrient,66,200.0
3,Nutrient,66,1800.0
3,Nutrient,66,2900.0
38,Nutrient,631,1540.0
2,Nutrient,631,23500.0
1,Nutrient,631,30400.0
3,Nutrient,631,900.0
3,Nutrient,631,900.0
38,Nutrient,599,1577.0
2,Nutrient,599,17700.0
1,Nutrient,599,34500.0
3,Nutrient,599,0.0
3,Nutrient,599,0.0
38,Nutrient,599,692.0
2,Nutrient,599,9800.0
1,Nutrient,599,14200.0
3,Nutrient,599,0.0
3,Nutrient,599,0.0
38,Nutrient,157,180.0
2,Nutrient,157,900.0
1,Nutrient,157,600.0
3,Nutrient,157,6900.0
3,Nutrient,157,10100.0
38,Nutrient,670,1624.0
2,Nutrient,670,0.0
1,Nutrient,670,0.0
3,Nutrient,670,95500.0
3,Nutrient,670,95500.0
38,Nutrient,670,1697.0
2,Nutrient,670,500.0
1,Nutrient,670,0.0
3,Nutrient,670,99300.0
3,Nutrient,670,99300.0
38,Nutrient,670,1698.0
2,Nutrient,670,0.0
1,Nutrient,670,0.0
3,Nutrient,670,99900.0
3,Nutrient,670,99900.0
38,Nutrient,141,183.0
2,Nutrient,141,3400.0
1,Nutrient,141,400.0
3,Nutrient,141,5300.0
3,Nutrient,141,7800.0
38,Nutrient,269,1051.0
2,Nutrient,269,7000.0
1,Nutrient,269,3200.0
3,Nutrient,269,46000.0
3,Nutrient,269,49900.0
38,Nutrient,631,1565.0
2,Nutrient,631,27600.0
1,Nutrient,631,29200.0
3,Nutrient,631,900.0
3,Nutrient,631,900.0
38,Nutrient,147,1080.0
2,Nutrient,147,2700.0
1,Nutrient,147,700.0
3,Nutrient,147,55700.0
3,Nutrient,147,63300.0
38,Nutrient,549,797.0
2,Nutrient,549,18800.0
1,Nutrient,549,12900.0
3,Nutrient,549,0.0
3,Nutrient,549,0.0
38,Nutrient,549,898.0
2,Nutrient,549,18000.0
1,Nutrient,549,16000.0
3,Nutrient,549,0.0
3,Nutrient,549,0.0
38,Nutrient,549,540.0
2,Nutrient,549,20200.0
1,Nutrient,549,5300.0
3,Nutrient,549,0.0
3,Nutrient,549,0.0
38,Nutrient,549,1054.0
2,Nutrient,549,17600.0
1,Nutrient,549,20400.0
3,Nutrient,549,0.0
3,Nutrient,549,0.0
38,Nutrient,549,952.0
2,Nutrient,549,17700.0
1,Nutrient,549,17600.0
3,Nutrient,549,0.0
3,Nutrient,549,0.0
38,Nutrient,549,1550.0
2,Nutrient,549,15000.0
1,Nutrient,549,35000.0
3,Nutrient,549,0.0
3,Nutrient,549,0.0
38,Nutrient,549,905.0
2,Nutrient,549,18200.0
1,Nutrient,549,16100.0
3,Nutrient,549,0.0
3,Nutrient,549,0.0
38,Nutrient,549,1382.0
2,Nutrient,549,16000.0
1,Nutrient,549,30000.0
3,Nutrient,549,0.0
3,Nutrient,549,0.0
38,Nutrient,549,1094.0
2,Nutrient,549,15900.0
1,Nutrient,549,21900.0
3,Nutrient,549,800.0
3,Nutrient,549,800.0
38,Nutrient,549,1260.0
2,Nutrient,549,15800.0
1,Nutrient,549,26800.0
3,Nutrient,549,0.0
3,Nutrient,549,0.0
38,Nutrient,703,3663.0
2,Nutrient,703,0.0
1,Nutrient,703,99000.0
3,Nutrient,703,0.0
3,Nutrient,703,0.0
38,Nutrient,703,3663.0
2,Nutrient,703,0.0
1,Nutrient,703,99000.0
3,Nutrient,703,0.0
3,Nutrient,703,0.0
38,Nutrient,549,448.0
2,Nutrient,549,22200.0
1,Nutrient,549,1900.0
3,Nutrient,549,0.0
3,Nutrient,549,0.0
38,Nutrient,549,1005.0
2,Nutrient,549,19300.0
1,Nutrient,549,18300.0
3,Nutrient,549,0.0
3,Nutrient,549,0.0
38,Nutrient,549,791.0
2,Nutrient,549,20000.0
1,Nutrient,549,12200.0
3,Nutrient,549,0.0
3,Nutrient,549,0.0
38,Nutrient,549,791.0
2,Nutrient,549,20000.0
1,Nutrient,549,12200.0
3,Nutrient,549,0.0
3,Nutrient,549,0.0
38,Nutrient,549,733.0
2,Nutrient,549,20700.0
1,Nutrient,549,10300.0
3,Nutrient,549,0.0
3,Nutrient,549,0.0
38,Nutrient,549,1005.0
2,Nutrient,549,19300.0
1,Nutrient,549,18300.0
3,Nutrient,549,0.0
3,Nutrient,549,0.0
38,Nutrient,549,609.0
2,Nutrient,549,19500.0
1,Nutrient,549,7500.0
3,Nutrient,549,0.0
3,Nutrient,549,0.0
38,Nutrient,549,540.0
2,Nutrient,549,20200.0
1,Nutrient,549,5300.0
3,Nutrient,549,0.0
3,Nutrient,549,0.0
38,Nutrient,549,775.0
2,Nutrient,549,19900.0
1,Nutrient,549,11800.0
3,Nutrient,549,0.0
3,Nutrient,549,0.0
38,Nutrient,549,420.0
2,Nutrient,549,22300.0
1,Nutrient,549,1100.0
3,Nutrient,549,0.0
3,Nutrient,549,0.0
38,Nutrient,549,1113.0
2,Nutrient,549,16500.0
1,Nutrient,549,22500.0
3,Nutrient,549,0.0
3,Nutrient,549,0.0
38,Nutrient,549,1005.0
2,Nutrient,549,19300.0
1,Nutrient,549,18300.0
3,Nutrient,549,0.0
3,Nutrient,549,0.0
38,Nutrient,549,594.0
2,Nutrient,549,21200.0
1,Nutrient,549,6300.0
3,Nutrient,549,0.0
3,Nutrient,549,0.0
38,Nutrient,549,948.0
2,Nutrient,549,18300.0
1,Nutrient,549,17200.0
3,Nutrient,549,0.0
3,Nutrient,549,0.0
38,Nutrient,549,724.0
2,Nutrient,549,19500.0
1,Nutrient,549,10600.0
3,Nutrient,549,0.0
3,Nutrient,549,0.0
38,Nutrient,549,2074.0
2,Nutrient,549,11000.0
1,Nutrient,549,51000.0
3,Nutrient,549,0.0
3,Nutrient,549,0.0
38,Nutrient,549,550.0
2,Nutrient,549,21500.0
1,Nutrient,549,5000.0
3,Nutrient,549,0.0
3,Nutrient,549,0.0
38,Nutrient,549,427.0
2,Nutrient,549,22300.0
1,Nutrient,549,1300.0
3,Nutrient,549,0.0
3,Nutrient,549,0.0
38,Nutrient,549,431.0
2,Nutrient,549,22300.0
1,Nutrient,549,1400.0
3,Nutrient,549,0.0
3,Nutrient,549,0.0
38,Nutrient,549,498.0
2,Nutrient,549,21700.0
1,Nutrient,549,3500.0
3,Nutrient,549,0.0
3,Nutrient,549,0.0
38,Nutrient,549,757.0
2,Nutrient,549,18000.0
1,Nutrient,549,12200.0
3,Nutrient,549,0.0
3,Nutrient,549,0.0
38,Nutrient,549,1113.0
2,Nutrient,549,16500.0
1,Nutrient,549,22500.0
3,Nutrient,549,0.0
3,Nutrient,549,0.0
38,Nutrient,549,758.0
2,Nutrient,549,20000.0
1,Nutrient,549,11300.0
3,Nutrient,549,0.0
3,Nutrient,549,0.0
38,Nutrient,549,1371.0
2,Nutrient,549,14700.0
1,Nutrient,549,30300.0
3,Nutrient,549,0.0
3,Nutrient,549,0.0
38,Nutrient,549,1129.0
2,Nutrient,549,16800.0
1,Nutrient,549,22800.0
3,Nutrient,549,0.0
3,Nutrient,549,0.0
38,Nutrient,549,952.0
2,Nutrient,549,17700.0
1,Nutrient,549,17600.0
3,Nutrient,549,0.0
3,Nutrient,549,0.0
38,Nutrient,549,905.0
2,Nutrient,549,18200.0
1,Nutrient,549,16100.0
3,Nutrient,549,0.0
3,Nutrient,549,0.0
38,Nutrient,549,418.0
2,Nutrient,549,22400.0
1,Nutrient,549,1000.0
3,Nutrient,549,0.0
3,Nutrient,549,0.0
38,Nutrient,549,426.0
2,Nutrient,549,20700.0
1,Nutrient,549,2000.0
3,Nutrient,549,0.0
3,Nutrient,549,0.0
38,Nutrient,549,493.0
2,Nutrient,549,20500.0
1,Nutrient,549,3900.0
3,Nutrient,549,0.0
3,Nutrient,549,0.0
38,Nutrient,549,493.0
2,Nutrient,549,20500.0
1,Nutrient,549,3900.0
3,Nutrient,549,0.0
3,Nutrient,549,0.0
38,Nutrient,549,1166.0
2,Nutrient,549,17200.0
1,Nutrient,549,23600.0
3,Nutrient,549,0.0
3,Nutrient,549,0.0
38,Nutrient,549,784.0
2,Nutrient,549,20000.0
1,Nutrient,549,12000.0
3,Nutrient,549,0.0
3,Nutrient,549,0.0
38,Nutrient,549,1013.0
2,Nutrient,549,18000.0
1,Nutrient,549,19100.0
3,Nutrient,549,0.0
3,Nutrient,549,0.0
38,Nutrient,549,1439.0
2,Nutrient,549,15000.0
1,Nutrient,549,32000.0
3,Nutrient,549,0.0
3,Nutrient,549,0.0
38,Nutrient,549,485.0
2,Nutrient,549,22000.0
1,Nutrient,549,3000.0
3,Nutrient,549,0.0
3,Nutrient,549,0.0
38,Nutrient,549,779.0
2,Nutrient,549,19900.0
1,Nutrient,549,11900.0
3,Nutrient,549,0.0
3,Nutrient,549,0.0
38,Nutrient,549,448.0
2,Nutrient,549,22200.0
1,Nutrient,549,1900.0
3,Nutrient,549,0.0
3,Nutrient,549,0.0
38,Nutrient,549,499.0
2,Nutrient,549,21100.0
1,Nutrient,549,3800.0
3,Nutrient,549,0.0
3,Nutrient,549,0.0
38,Nutrient,704,2749.0
2,Nutrient,704,5000.0
1,Nutrient,704,72000.0
3,Nutrient,704,0.0
3,Nutrient,704,0.0
38,Nutrient,549,898.0
2,Nutrient,549,13000.0
1,Nutrient,549,18200.0
3,Nutrient,549,200.0
3,Nutrient,549,200.0
38,Nutrient,681,1135.0
2,Nutrient,681,600.0
1,Nutrient,681,0.0
3,Nutrient,681,65700.0
3,Nutrient,681,66700.0
38,Nutrient,164,88.0
2,Nutrient,164,2000.0
1,Nutrient,164,700.0
3,Nutrient,164,300.0
3,Nutrient,164,3200.0
38,Nutrient,614,494.0
2,Nutrient,614,23400.0
1,Nutrient,614,2600.0
3,Nutrient,614,0.0
3,Nutrient,614,0.0
38,Nutrient,632,262.0
2,Nutrient,632,3400.0
1,Nutrient,632,3500.0
3,Nutrient,632,4400.0
3,Nutrient,632,4400.0
38,Nutrient,632,269.0
2,Nutrient,632,3400.0
1,Nutrient,632,3500.0
3,Nutrient,632,4800.0
3,Nutrient,632,4800.0
38,Nutrient,632,269.0
2,Nutrient,632,3400.0
1,Nutrient,632,3500.0
3,Nutrient,632,4800.0
3,Nutrient,632,4800.0
38,Nutrient,711,2095.0
2,Nutrient,711,27700.0
1,Nutrient,711,26800.0
3,Nutrient,711,37200.0
3,Nutrient,711,37200.0
38,Nutrient,597,359.0
2,Nutrient,597,18700.0
1,Nutrient,597,1100.0
3,Nutrient,597,0.0
3,Nutrient,597,0.0
38,Nutrient,180,1086.0
2,Nutrient,180,2800.0
1,Nutrient,180,600.0
3,Nutrient,180,57400.0
3,Nutrient,180,62500.0
38,Nutrient,285,1280.0
2,Nutrient,285,2300.0
1,Nutrient,285,300.0
3,Nutrient,285,70000.0
3,Nutrient,285,75000.0
38,Nutrient,616,1044.0
2,Nutrient,616,7900.0
1,Nutrient,616,600.0
3,Nutrient,616,49700.0
3,Nutrient,616,55000.0
38,Nutrient,38,961.0
2,Nutrient,38,19600.0
1,Nutrient,38,2000.0
3,Nutrient,38,6300.0
3,Nutrient,38,62100.0
38,Nutrient,38,2.0
2,Nutrient,38,100.0
1,Nutrient,38,0.0
3,Nutrient,38,0.0
3,Nutrient,38,0.0
38,Nutrient,660,1739.0
2,Nutrient,660,7700.0
1,Nutrient,660,23500.0
3,Nutrient,660,41900.0
3,Nutrient,660,45200.0
38,Nutrient,620,3700.0
2,Nutrient,620,0.0
1,Nutrient,620,100000.0
3,Nutrient,620,0.0
3,Nutrient,620,0.0
38,Nutrient,718,320.0
2,Nutrient,718,7800.0
1,Nutrient,718,4200.0
3,Nutrient,718,1400.0
3,Nutrient,718,2400.0
38,Nutrient,171,84.0
2,Nutrient,171,700.0
1,Nutrient,171,300.0
3,Nutrient,171,2700.0
3,Nutrient,171,4600.0
38,Nutrient,171,90.0
2,Nutrient,171,1200.0
1,Nutrient,171,300.0
3,Nutrient,171,3000.0
3,Nutrient,171,3900.0
38,Nutrient,171,137.0
2,Nutrient,171,1100.0
1,Nutrient,171,400.0
3,Nutrient,171,5100.0
3,Nutrient,171,7200.0
38,Nutrient,171,1189.0
2,Nutrient,171,14100.0
1,Nutrient,171,3000.0
3,Nutrient,171,43500.0
3,Nutrient,171,55800.0
38,Nutrient,171,107.0
2,Nutrient,171,700.0
1,Nutrient,171,300.0
3,Nutrient,171,4300.0
3,Nutrient,171,5700.0
38,Nutrient,171,85.0
2,Nutrient,171,800.0
1,Nutrient,171,100.0
3,Nutrient,171,3700.0
3,Nutrient,171,4300.0
38,Nutrient,781,479.0
2,Nutrient,781,3000.0
1,Nutrient,781,2400.0
3,Nutrient,781,18400.0
3,Nutrient,781,21700.0
38,Nutrient,781,435.0
2,Nutrient,781,2000.0
1,Nutrient,781,0.0
3,Nutrient,781,23200.0
3,Nutrient,781,24000.0
38,Nutrient,171,409.0
2,Nutrient,171,4400.0
1,Nutrient,171,900.0
3,Nutrient,171,16000.0
3,Nutrient,171,19600.0
38,Nutrient,171,371.0
2,Nutrient,171,4300.0
1,Nutrient,171,500.0
3,Nutrient,171,14500.0
3,Nutrient,171,18600.0
38,Nutrient,692,304.0
2,Nutrient,692,1600.0
1,Nutrient,692,1500.0
3,Nutrient,692,12800.0
3,Nutrient,692,13200.0
38,Nutrient,526,340.0
2,Nutrient,526,18700.0
1,Nutrient,526,600.0
3,Nutrient,526,0.0
3,Nutrient,526,0.0
38,Nutrient,526,486.0
2,Nutrient,526,15700.0
1,Nutrient,526,800.0
3,Nutrient,526,10900.0
3,Nutrient,526,11400.0
38,Nutrient,526,334.0
2,Nutrient,526,19000.0
1,Nutrient,526,300.0
3,Nutrient,526,0.0
3,Nutrient,526,0.0
38,Nutrient,526,340.0
2,Nutrient,526,18700.0
1,Nutrient,526,600.0
3,Nutrient,526,0.0
3,Nutrient,526,0.0
38,Nutrient,526,503.0
2,Nutrient,526,18700.0
1,Nutrient,526,5000.0
3,Nutrient,526,0.0
3,Nutrient,526,0.0
38,Nutrient,526,2134.0
2,Nutrient,526,4600.0
1,Nutrient,526,55100.0
3,Nutrient,526,1000.0
3,Nutrient,526,1000.0
38,Nutrient,526,2568.0
2,Nutrient,526,5100.0
1,Nutrient,526,66600.0
3,Nutrient,526,1000.0
3,Nutrient,526,1000.0
38,Nutrient,526,2568.0
2,Nutrient,526,5100.0
1,Nutrient,526,66600.0
3,Nutrient,526,1000.0
3,Nutrient,526,1000.0
38,Nutrient,526,3700.0
2,Nutrient,526,0.0
1,Nutrient,526,100000.0
3,Nutrient,526,0.0
3,Nutrient,526,0.0
38,Nutrient,526,417.0
2,Nutrient,526,13700.0
1,Nutrient,526,3700.0
3,Nutrient,526,2800.0
3,Nutrient,526,2800.0
38,Nutrient,526,613.0
2,Nutrient,526,26800.0
1,Nutrient,526,4200.0
3,Nutrient,526,100.0
3,Nutrient,526,100.0
38,Nutrient,526,503.0
2,Nutrient,526,21800.0
1,Nutrient,526,2900.0
3,Nutrient,526,1500.0
3,Nutrient,526,1500.0
38,Nutrient,188,176.0
2,Nutrient,188,400.0
1,Nutrient,188,100.0
3,Nutrient,188,7600.0
3,Nutrient,188,12200.0
38,Nutrient,836,1081.0
2,Nutrient,836,8200.0
1,Nutrient,836,4400.0
3,Nutrient,836,42800.0
3,Nutrient,836,49200.0
38,Nutrient,621,808.0
2,Nutrient,621,24900.0
1,Nutrient,621,10400.0
3,Nutrient,621,0.0
3,Nutrient,621,0.0
38,Nutrient,621,560.0
2,Nutrient,621,17200.0
1,Nutrient,621,7000.0
3,Nutrient,621,500.0
3,Nutrient,621,500.0
38,Nutrient,621,467.0
2,Nutrient,621,25300.0
1,Nutrient,621,1000.0
3,Nutrient,621,0.0
3,Nutrient,621,0.0
38,Nutrient,621,508.0
2,Nutrient,621,27500.0
1,Nutrient,621,1100.0
3,Nutrient,621,0.0
3,Nutrient,621,0.0
38,Nutrient,506,754.0
2,Nutrient,506,16900.0
1,Nutrient,506,12200.0
3,Nutrient,506,900.0
3,Nutrient,506,900.0
38,Nutrient,506,732.0
2,Nutrient,506,16900.0
1,Nutrient,506,11600.0
3,Nutrient,506,900.0
3,Nutrient,506,900.0
38,Nutrient,506,741.0
2,Nutrient,506,16200.0
1,Nutrient,506,12400.0
3,Nutrient,506,400.0
3,Nutrient,506,400.0
38,Nutrient,549,668.0
2,Nutrient,549,17000.0
1,Nutrient,549,10000.0
3,Nutrient,549,500.0
3,Nutrient,549,500.0
38,Nutrient,549,668.0
2,Nutrient,549,17000.0
1,Nutrient,549,10000.0
3,Nutrient,549,500.0
3,Nutrient,549,500.0
38,Nutrient,575,1594.0
2,Nutrient,575,9300.0
1,Nutrient,575,5800.0
3,Nutrient,575,70400.0
3,Nutrient,575,73500.0
38,Nutrient,662,1525.0
2,Nutrient,662,400.0
1,Nutrient,662,0.0
3,Nutrient,662,88200.0
3,Nutrient,662,90600.0
38,Nutrient,662,1452.0
2,Nutrient,662,600.0
1,Nutrient,662,0.0
3,Nutrient,662,83700.0
3,Nutrient,662,86100.0
38,Nutrient,631,269.0
2,Nutrient,631,3500.0
1,Nutrient,631,3600.0
3,Nutrient,631,4500.0
3,Nutrient,631,4500.0
38,Nutrient,194,220.0
2,Nutrient,194,800.0
1,Nutrient,194,1200.0
3,Nutrient,194,7800.0
3,Nutrient,194,11500.0
38,Nutrient,194,651.0
2,Nutrient,194,200.0
1,Nutrient,194,200.0
3,Nutrient,194,36500.0
3,Nutrient,194,39000.0
38,Nutrient,660,1989.0
2,Nutrient,660,6300.0
1,Nutrient,660,28200.0
3,Nutrient,660,49300.0
3,Nutrient,660,49300.0
38,Nutrient,660,2022.0
2,Nutrient,660,9200.0
1,Nutrient,660,25000.0
3,Nutrient,660,52100.0
3,Nutrient,660,58900.0
38,Nutrient,660,1836.0
2,Nutrient,660,6100.0
1,Nutrient,660,24500.0
3,Nutrient,660,48100.0
3,Nutrient,660,49100.0
38,Nutrient,660,1979.0
2,Nutrient,660,5700.0
1,Nutrient,660,27900.0
3,Nutrient,660,48600.0
3,Nutrient,660,51600.0
38,Nutrient,660,1976.0
2,Nutrient,660,6400.0
1,Nutrient,660,24100.0
3,Nutrient,660,56000.0
3,Nutrient,660,59000.0
38,Nutrient,660,1933.0
2,Nutrient,660,5100.0
1,Nutrient,660,27300.0
3,Nutrient,660,46000.0
3,Nutrient,660,52800.0
38,Nutrient,679,117.0
2,Nutrient,679,900.0
1,Nutrient,679,400.0
3,Nutrient,679,5100.0
3,Nutrient,679,5100.0
38,Nutrient,679,1526.0
2,Nutrient,679,12900.0
1,Nutrient,679,1100.0
3,Nutrient,679,74500.0
3,Nutrient,679,74500.0
38,Nutrient,93,2847.0
2,Nutrient,93,14300.0
1,Nutrient,93,64300.0
3,Nutrient,93,10600.0
3,Nutrient,93,16200.0
38,Nutrient,836,1117.0
2,Nutrient,836,8100.0
1,Nutrient,836,4500.0
3,Nutrient,836,45600.0
3,Nutrient,836,50300.0
38,Nutrient,622,3700.0
2,Nutrient,622,0.0
1,Nutrient,622,100000.0
3,Nutrient,622,0.0
3,Nutrient,622,0.0
38,Nutrient,685,0.0
2,Nutrient,685,0.0
1,Nutrient,685,0.0
3,Nutrient,685,0.0
3,Nutrient,685,0.0
38,Nutrient,52,159.0
2,Nutrient,52,800.0
1,Nutrient,52,100.0
3,Nutrient,52,8100.0
3,Nutrient,52,8600.0
38,Nutrient,641,778.0
2,Nutrient,641,4000.0
1,Nutrient,641,10000.0
3,Nutrient,641,20000.0
3,Nutrient,641,20000.0
38,Nutrient,694,2341.0
2,Nutrient,694,4300.0
1,Nutrient,694,33900.0
3,Nutrient,694,59400.0
3,Nutrient,694,59900.0
38,Nutrient,648,606.0
2,Nutrient,648,0.0
1,Nutrient,648,0.0
3,Nutrient,648,14500.0
3,Nutrient,648,14500.0
38,Nutrient,648,490.0
2,Nutrient,648,100.0
1,Nutrient,648,0.0
3,Nutrient,648,5200.0
3,Nutrient,648,5200.0
38,Nutrient,617,343.0
2,Nutrient,617,16000.0
1,Nutrient,617,1000.0
3,Nutrient,617,2000.0
3,Nutrient,617,2000.0
38,Nutrient,374,261.0
2,Nutrient,374,500.0
1,Nutrient,374,400.0
3,Nutrient,374,13300.0
3,Nutrient,374,14700.0
38,Nutrient,374,3700.0
2,Nutrient,374,0.0
1,Nutrient,374,100000.0
3,Nutrient,374,0.0
3,Nutrient,374,0.0
38,Nutrient,699,1482.0
2,Nutrient,699,6600.0
1,Nutrient,699,900.0
3,Nutrient,699,78600.0
3,Nutrient,699,78600.0
38,Nutrient,279,969.0
2,Nutrient,279,0.0
1,Nutrient,279,0.0
3,Nutrient,279,0.0
3,Nutrient,279,0.0
38,Nutrient,134,110.0
2,Nutrient,134,1400.0
1,Nutrient,134,300.0
3,Nutrient,134,3700.0
3,Nutrient,134,5200.0
38,Nutrient,134,150.0
2,Nutrient,134,2100.0
1,Nutrient,134,200.0
3,Nutrient,134,5600.0
3,Nutrient,134,7100.0
38,Nutrient,640,1046.0
2,Nutrient,640,0.0
1,Nutrient,640,0.0
3,Nutrient,640,100.0
3,Nutrient,640,100.0
38,Nutrient,660,1896.0
2,Nutrient,660,5200.0
1,Nutrient,660,31000.0
3,Nutrient,660,37300.0
3,Nutrient,660,40600.0
38,Nutrient,660,1899.0
2,Nutrient,660,4300.0
1,Nutrient,660,28100.0
3,Nutrient,660,44700.0
3,Nutrient,660,48000.0
38,Nutrient,660,1944.0
2,Nutrient,660,4300.0
1,Nutrient,660,31000.0
3,Nutrient,660,41000.0
3,Nutrient,660,44300.0
38,Nutrient,660,1736.0
2,Nutrient,660,4700.0
1,Nutrient,660,29400.0
3,Nutrient,660,31900.0
3,Nutrient,660,35200.0
38,Nutrient,660,1793.0
2,Nutrient,660,4500.0
1,Nutrient,660,26600.0
3,Nutrient,660,41500.0
3,Nutrient,660,44800.0
38,Nutrient,671,1144.0
2,Nutrient,671,13400.0
1,Nutrient,671,23200.0
3,Nutrient,671,3300.0
3,Nutrient,671,3500.0
38,Nutrient,671,1049.0
2,Nutrient,671,12700.0
1,Nutrient,671,21200.0
3,Nutrient,671,2800.0
3,Nutrient,671,3000.0
38,Nutrient,671,835.0
2,Nutrient,671,10600.0
1,Nutrient,671,17000.0
3,Nutrient,671,1400.0
3,Nutrient,671,1600.0
38,Nutrient,671,1236.0
2,Nutrient,671,14400.0
1,Nutrient,671,23200.0
3,Nutrient,671,7700.0
3,Nutrient,671,7900.0
38,Nutrient,519,470.0
2,Nutrient,519,1500.0
1,Nutrient,519,200.0
3,Nutrient,519,23800.0
3,Nutrient,519,27900.0
38,Nutrient,549,708.0
2,Nutrient,549,19200.0
1,Nutrient,549,10300.0
3,Nutrient,549,0.0
3,Nutrient,549,0.0
38,Nutrient,549,769.0
2,Nutrient,549,19100.0
1,Nutrient,549,12000.0
3,Nutrient,549,0.0
3,Nutrient,549,0.0
38,Nutrient,656,248.0
2,Nutrient,656,6300.0
1,Nutrient,656,1800.0
3,Nutrient,656,4400.0
3,Nutrient,656,4400.0
38,Nutrient,656,301.0
2,Nutrient,656,6100.0
1,Nutrient,656,3500.0
3,Nutrient,656,4000.0
3,Nutrient,656,4000.0
38,Nutrient,634,376.0
2,Nutrient,634,3400.0
1,Nutrient,634,3300.0
3,Nutrient,634,11300.0
3,Nutrient,634,11800.0
38,Nutrient,634,372.0
2,Nutrient,634,3300.0
1,Nutrient,634,3200.0
3,Nutrient,634,11400.0
3,Nutrient,634,11900.0
38,Nutrient,634,374.0
2,Nutrient,634,3300.0
1,Nutrient,634,3100.0
3,Nutrient,634,11700.0
3,Nutrient,634,12200.0
38,Nutrient,634,381.0
2,Nutrient,634,3300.0
1,Nutrient,634,3200.0
3,Nutrient,634,11900.0
3,Nutrient,634,12400.0
38,Nutrient,634,372.0
2,Nutrient,634,3300.0
1,Nutrient,634,3200.0
3,Nutrient,634,11400.0
3,Nutrient,634,11900.0
38,Nutrient,634,262.0
2,Nutrient,634,3800.0
1,Nutrient,634,3600.0
3,Nutrient,634,3800.0
3,Nutrient,634,3800.0
38,Nutrient,105,192.0
2,Nutrient,105,300.0
1,Nutrient,105,300.0
3,Nutrient,105,9300.0
3,Nutrient,105,11500.0
38,Nutrient,105,246.0
2,Nutrient,105,300.0
1,Nutrient,105,700.0
3,Nutrient,105,11500.0
3,Nutrient,105,14000.0
38,Nutrient,105,1068.0
2,Nutrient,105,900.0
1,Nutrient,105,300.0
3,Nutrient,105,57200.0
3,Nutrient,105,65900.0
38,Nutrient,12,216.0
2,Nutrient,12,300.0
1,Nutrient,12,300.0
3,Nutrient,12,10700.0
3,Nutrient,12,12900.0
38,Nutrient,105,1030.0
2,Nutrient,105,500.0
1,Nutrient,105,500.0
3,Nutrient,105,59000.0
3,Nutrient,105,59000.0
38,Nutrient,105,179.0
2,Nutrient,105,100.0
1,Nutrient,105,100.0
3,Nutrient,105,10200.0
3,Nutrient,105,10200.0
38,Nutrient,633,754.0
2,Nutrient,633,12800.0
1,Nutrient,633,13800.0
3,Nutrient,633,1500.0
3,Nutrient,633,1500.0
38,Nutrient,633,1312.0
2,Nutrient,633,15900.0
1,Nutrient,633,26500.0
3,Nutrient,633,3600.0
3,Nutrient,633,3600.0
38,Nutrient,633,1116.0
2,Nutrient,633,14000.0
1,Nutrient,633,23000.0
3,Nutrient,633,1600.0
3,Nutrient,633,1600.0
38,Nutrient,633,1303.0
2,Nutrient,633,14200.0
1,Nutrient,633,23400.0
3,Nutrient,633,11500.0
3,Nutrient,633,11500.0
38,Nutrient,633,2709.0
2,Nutrient,633,34300.0
1,Nutrient,633,55800.0
3,Nutrient,633,3600.0
3,Nutrient,633,3600.0
38,Nutrient,633,752.0
2,Nutrient,633,13900.0
1,Nutrient,633,13300.0
3,Nutrient,633,1400.0
3,Nutrient,633,1400.0
38,Nutrient,633,603.0
2,Nutrient,633,12500.0
1,Nutrient,633,10000.0
3,Nutrient,633,1200.0
3,Nutrient,633,1200.0
38,Nutrient,633,594.0
2,Nutrient,633,12600.0
1,Nutrient,633,9900.0
3,Nutrient,633,800.0
3,Nutrient,633,800.0
38,Nutrient,633,2408.0
2,Nutrient,633,47400.0
1,Nutrient,633,41000.0
3,Nutrient,633,5000.0
3,Nutrient,633,5000.0
38,Nutrient,633,196.0
2,Nutrient,633,10500.0
1,Nutrient,633,0.0
3,Nutrient,633,1000.0
3,Nutrient,633,1000.0
38,Nutrient,633,205.0
2,Nutrient,633,10900.0
1,Nutrient,633,200.0
3,Nutrient,633,700.0
3,Nutrient,633,700.0
38,Nutrient,633,1511.0
2,Nutrient,633,81100.0
1,Nutrient,633,0.0
3,Nutrient,633,7800.0
3,Nutrient,633,7800.0
38,Nutrient,633,579.0
2,Nutrient,633,12000.0
1,Nutrient,633,10000.0
3,Nutrient,633,300.0
3,Nutrient,633,300.0
38,Nutrient,268,110.0
2,Nutrient,268,200.0
1,Nutrient,268,0.0
3,Nutrient,268,2700.0
3,Nutrient,268,2700.0
38,Nutrient,268,189.0
2,Nutrient,268,300.0
1,Nutrient,268,0.0
3,Nutrient,268,8600.0
3,Nutrient,268,8600.0
38,Nutrient,268,158.0
2,Nutrient,268,300.0
1,Nutrient,268,0.0
3,Nutrient,268,2700.0
3,Nutrient,268,2700.0
38,Nutrient,268,195.0
2,Nutrient,268,400.0
1,Nutrient,268,0.0
3,Nutrient,268,3200.0
3,Nutrient,268,3200.0
38,Nutrient,268,259.0
2,Nutrient,268,400.0
1,Nutrient,268,0.0
3,Nutrient,268,4600.0
3,Nutrient,268,4600.0
38,Nutrient,268,148.0
2,Nutrient,268,300.0
1,Nutrient,268,0.0
3,Nutrient,268,5700.0
3,Nutrient,268,5700.0
38,Nutrient,596,613.0
2,Nutrient,596,19100.0
1,Nutrient,596,7800.0
3,Nutrient,596,0.0
3,Nutrient,596,0.0
38,Nutrient,454,462.0
2,Nutrient,454,20000.0
1,Nutrient,454,3300.0
3,Nutrient,454,0.0
3,Nutrient,454,0.0
38,Nutrient,454,561.0
2,Nutrient,454,18400.0
1,Nutrient,454,6700.0
3,Nutrient,454,0.0
3,Nutrient,454,0.0
38,Nutrient,567,260.0
2,Nutrient,567,7800.0
1,Nutrient,567,1500.0
3,Nutrient,567,4200.0
3,Nutrient,567,4200.0
38,Nutrient,591,1358.0
2,Nutrient,591,19400.0
1,Nutrient,591,27800.0
3,Nutrient,591,0.0
3,Nutrient,591,0.0
38,Nutrient,591,1331.0
2,Nutrient,591,18000.0
1,Nutrient,591,27700.0
3,Nutrient,591,0.0
3,Nutrient,591,0.0
1,Nutrient,939,9250.0
1,Nutrient,940,9250.0
2,Nutrient,939,19600.0
2,Nutrient,940,19600.0
2,Nutrient,939,3100.0
2,Nutrient,940,3100.0
2,Nutrient,939,100.0
2,Nutrient,940,100.0
2,Nutrient,939,0.0
2,Nutrient,940,0.0
2,Nutrient,939,0.0
2,Nutrient,940,0.0
2,Nutrient,939,0.0
2,Nutrient,940,0.0
2,Nutrient,939,20210.0
2,Nutrient,940,20210.0
2,Nutrient,939,0.0
2,Nutrient,940,0.0
2,Nutrient,939,3300.0
2,Nutrient,940,3300.0
2,Nutrient,939,120.0
2,Nutrient,940,120.0
2,Nutrient,939,20210.0
2,Nutrient,940,20210.0
2,Nutrient,939,60.0
2,Nutrient,940,60.0
2,Nutrient,939,7400.0
2,Nutrient,940,7400.0
2,Nutrient,939,120.0
2,Nutrient,940,120.0
2,Nutrient,939,10.0
2,Nutrient,940,10.0
2,Nutrient,939,3300.0
2,Nutrient,940,3300.0
2,Nutrient,939,20.0
2,Nutrient,940,20.0
2,Nutrient,939,0.0
2,Nutrient,940,0.0
2,Nutrient,1021,0.0
2,Nutrient,939,0.0
2,Nutrient,940,0.0
2,Nutrient,939,0.0
2,Nutrient,940,0.0
2,Nutrient,939,0.0
2,Nutrient,940,0.0
2,Nutrient,939,0.0
2,Nutrient,940,0.0
2,Nutrient,1021,0.0
2,Nutrient,939,600.0
2,Nutrient,940,600.0
2,Nutrient,939,220.0
2,Nutrient,940,220.0
2,Nutrient,939,22750.0
2,Nutrient,940,22750.0
3,Nutrient,939,6300.0
3,Nutrient,940,6300.0
3,Nutrient,939,62100.0
3,Nutrient,940,62100.0
3,Nutrient,939,0.0
3,Nutrient,940,0.0
3,Nutrient,939,0.0
3,Nutrient,940,0.0
3,Nutrient,939,9090.0
3,Nutrient,940,9090.0
3,Nutrient,939,300.0
3,Nutrient,940,300.0
3,Nutrient,939,58660.0
3,Nutrient,940,58660.0
3,Nutrient,939,300.0
3,Nutrient,940,300.0
3,Nutrient,939,85400.0
3,Nutrient,940,85400.0
3,Nutrient,939,98550.0
3,Nutrient,940,98550.0
3,Nutrient,939,58660.0
3,Nutrient,940,58660.0
3,Nutrient,939,170.0
3,Nutrient,940,170.0
3,Nutrient,939,78520.0
3,Nutrient,940,78520.0
3,Nutrient,939,98550.0
3,Nutrient,940,98550.0
3,Nutrient,939,8610.0
3,Nutrient,940,8610.0
3,Nutrient,939,85400.0
3,Nutrient,940,85400.0
3,Nutrient,939,440.0
3,Nutrient,940,440.0
3,Nutrient,939,200.0
3,Nutrient,940,200.0
3,Nutrient,1021,200.0
3,Nutrient,939,9770.0
3,Nutrient,940,9770.0
3,Nutrient,939,8810.0
3,Nutrient,940,8810.0
3,Nutrient,939,300.0
3,Nutrient,940,300.0
3,Nutrient,939,200.0
3,Nutrient,940,200.0
3,Nutrient,1021,200.0
3,Nutrient,939,97600.0
3,Nutrient,940,97600.0
3,Nutrient,939,0.0
3,Nutrient,940,0.0
3,Nutrient,939,56300.0
3,Nutrient,940,56300.0
38,Nutrient,939,961.0
38,Nutrient,940,961.0
38,Nutrient,939,2.0
38,Nutrient,940,2.0
38,Nutrient,939,36.0
38,Nutrient,940,36.0
38,Nutrient,939,152.0
38,Nutrient,940,152.0
38,Nutrient,939,1.0
38,Nutrient,940,1.0
38,Nutrient,939,4.0
38,Nutrient,940,4.0
38,Nutrient,939,315.0
38,Nutrient,940,315.0
38,Nutrient,939,1320.0
38,Nutrient,940,1320.0
38,Nutrient,939,1.0
38,Nutrient,940,1.0
38,Nutrient,939,4.0
38,Nutrient,940,4.0
38,Nutrient,939,338.0
38,Nutrient,940,338.0
38,Nutrient,939,1412.0
38,Nutrient,940,1412.0
38,Nutrient,939,385.0
38,Nutrient,940,385.0
38,Nutrient,939,1611.0
38,Nutrient,940,1611.0
38,Nutrient,939,315.0
38,Nutrient,940,315.0
38,Nutrient,939,1320.0
38,Nutrient,940,1320.0
38,Nutrient,939,1.0
38,Nutrient,940,1.0
38,Nutrient,939,4.0
38,Nutrient,940,4.0
38,Nutrient,939,345.0
38,Nutrient,940,345.0
38,Nutrient,939,1445.0
38,Nutrient,940,1445.0
38,Nutrient,939,401.0
38,Nutrient,940,401.0
38,Nutrient,939,1679.0
38,Nutrient,940,1679.0
38,Nutrient,939,35.0
38,Nutrient,940,35.0
38,Nutrient,939,147.0
38,Nutrient,940,147.0
38,Nutrient,939,338.0
38,Nutrient,940,338.0
38,Nutrient,939,1412.0
38,Nutrient,940,1412.0
38,Nutrient,939,2.0
38,Nutrient,940,2.0
38,Nutrient,939,7.0
38,Nutrient,940,7.0
38,Nutrient,939,1.0
38,Nutrient,940,1.0
38,Nutrient,1021,1.0
38,Nutrient,939,4.0
38,Nutrient,940,4.0
38,Nutrient,1021,4.0
38,Nutrient,939,39.0
38,Nutrient,940,39.0
38,Nutrient,939,164.0
38,Nutrient,940,164.0
38,Nutrient,939,35.0
38,Nutrient,940,35.0
38,Nutrient,939,147.0
38,Nutrient,940,147.0
38,Nutrient,939,1.0
38,Nutrient,940,1.0
38,Nutrient,939,4.0
38,Nutrient,940,4.0
38,Nutrient,939,1.0
38,Nutrient,940,1.0
38,Nutrient,1021,1.0
38,Nutrient,939,4.0
38,Nutrient,940,4.0
38,Nutrient,1021,4.0
38,Nutrient,939,385.0
38,Nutrient,940,385.0
38,Nutrient,939,1611.0
38,Nutrient,940,1611.0
38,Nutrient,939,1.0
38,Nutrient,940,1.0
38,Nutrient,939,4.0
38,Nutrient,940,4.0
38,Nutrient,939,961.0
38,Nutrient,940,961.0
2,Nutrient,939,19600.0
2,Nutrient,940,19600.0
1,Nutrient,939,2000.0
1,Nutrient,940,2000.0
3,Nutrient,939,6300.0
3,Nutrient,940,6300.0
3,Nutrient,939,62100.0
3,Nutrient,940,62100.0
38,Nutrient,939,2.0
38,Nutrient,940,2.0
2,Nutrient,939,100.0
2,Nutrient,940,100.0
1,Nutrient,939,0.0
1,Nutrient,940,0.0
3,Nutrient,939,0.0
3,Nutrient,940,0.0
3,Nutrient,939,0.0
3,Nutrient,940,0.0
1,Nutrient,939,9250.0
1,Nutrient,940,9250.0
1,Nutrient,957,9250.0
1,Nutrient,1021,9250.0
2,Nutrient,939,19600.0
2,Nutrient,940,19600.0
2,Nutrient,957,19600.0
2,Nutrient,1021,19600.0
2,Nutrient,939,3100.0
2,Nutrient,940,3100.0
2,Nutrient,957,3100.0
2,Nutrient,1021,3100.0
2,Nutrient,939,100.0
2,Nutrient,940,100.0
2,Nutrient,957,100.0
2,Nutrient,1021,100.0
2,Nutrient,939,0.0
2,Nutrient,940,0.0
2,Nutrient,957,0.0
2,Nutrient,1021,0.0
2,Nutrient,939,22750.0
2,Nutrient,940,22750.0
2,Nutrient,957,22750.0
2,Nutrient,1021,22750.0
3,Nutrient,939,6300.0
3,Nutrient,940,6300.0
3,Nutrient,957,6300.0
3,Nutrient,1021,6300.0
3,Nutrient,939,62100.0
3,Nutrient,940,62100.0
3,Nutrient,957,62100.0
3,Nutrient,1021,62100.0
3,Nutrient,939,0.0
3,Nutrient,940,0.0
3,Nutrient,957,0.0
3,Nutrient,1021,0.0
3,Nutrient,939,0.0
3,Nutrient,940,0.0
3,Nutrient,957,0.0
3,Nutrient,1021,0.0
3,Nutrient,939,56300.0
3,Nutrient,940,56300.0
3,Nutrient,957,56300.0
3,Nutrient,1021,56300.0
38,Nutrient,939,961.0
38,Nutrient,940,961.0
38,Nutrient,957,961.0
38,Nutrient,1021,961.0
38,Nutrient,939,2.0
38,Nutrient,940,2.0
38,Nutrient,957,2.0
38,Nutrient,1021,2.0
38,Nutrient,939,961.0
38,Nutrient,940,961.0
38,Nutrient,957,961.0
38,Nutrient,1021,961.0
2,Nutrient,939,19600.0
2,Nutrient,940,19600.0
2,Nutrient,957,19600.0
2,Nutrient,1021,19600.0
1,Nutrient,939,2000.0
1,Nutrient,940,2000.0
1,Nutrient,957,2000.0
1,Nutrient,1021,2000.0
3,Nutrient,939,6300.0
3,Nutrient,940,6300.0
3,Nutrient,957,6300.0
3,Nutrient,1021,6300.0
3,Nutrient,939,62100.0
3,Nutrient,940,62100.0
3,Nutrient,957,62100.0
3,Nutrient,1021,62100.0
38,Nutrient,939,2.0
38,Nutrient,940,2.0
38,Nutrient,957,2.0
38,Nutrient,1021,2.0
2,Nutrient,939,100.0
2,Nutrient,940,100.0
2,Nutrient,957,100.0
2,Nutrient,1021,100.0
1,Nutrient,939,0.0
1,Nutrient,940,0.0
1,Nutrient,957,0.0
1,Nutrient,1021,0.0
3,Nutrient,939,0.0
3,Nutrient,940,0.0
3,Nutrient,957,0.0
3,Nutrient,1021,0.0
3,Nutrient,939,0.0
3,Nutrient,940,0.0
3,Nutrient,957,0.0
3,Nutrient,1021,0.0
2,Nutrient,59,14600.0
2,Nutrient,60,14600.0
2,Nutrient,59,2300.0
2,Nutrient,60,2300.0
2,Nutrient,59,100.0
2,Nutrient,60,100.0
2,Nutrient,59,0.0
2,Nutrient,60,0.0
2,Nutrient,59,11600.0
2,Nutrient,60,11600.0
2,Nutrient,59,2200.0
2,Nutrient,60,2200.0
2,Nutrient,59,100.0
2,Nutrient,60,100.0
2,Nutrient,59,0.0
2,Nutrient,60,0.0
2,Nutrient,59,19500.0
2,Nutrient,60,19500.0
2,Nutrient,59,3100.0
2,Nutrient,60,3100.0
2,Nutrient,59,100.0
2,Nutrient,60,100.0
2,Nutrient,59,0.0
2,Nutrient,60,0.0
2,Nutrient,59,100.0
2,Nutrient,60,100.0
2,Nutrient,59,100.0
2,Nutrient,60,100.0
2,Nutrient,59,14420.0
2,Nutrient,60,14420.0
2,Nutrient,59,120.0
2,Nutrient,60,120.0
2,Nutrient,59,120.0
2,Nutrient,60,120.0
2,Nutrient,59,12200.0
2,Nutrient,60,12200.0
2,Nutrient,59,100.0
2,Nutrient,60,100.0
2,Nutrient,59,11600.0
2,Nutrient,60,11600.0
2,Nutrient,59,120.0
2,Nutrient,60,120.0
2,Nutrient,59,5290.0
2,Nutrient,60,5290.0
2,Nutrient,59,3100.0
2,Nutrient,60,3100.0
2,Nutrient,59,4500.0
2,Nutrient,60,4500.0
2,Nutrient,59,1960.0
2,Nutrient,60,1960.0
3,Nutrient,59,40200.0
3,Nutrient,60,40200.0
3,Nutrient,59,60000.0
3,Nutrient,60,60000.0
3,Nutrient,59,0.0
3,Nutrient,60,0.0
3,Nutrient,59,0.0
3,Nutrient,60,0.0
3,Nutrient,59,76000.0
3,Nutrient,60,76000.0
3,Nutrient,59,76000.0
3,Nutrient,60,76000.0
3,Nutrient,59,400.0
3,Nutrient,60,400.0
3,Nutrient,59,400.0
3,Nutrient,60,400.0
3,Nutrient,59,42600.0
3,Nutrient,60,42600.0
3,Nutrient,59,61700.0
3,Nutrient,60,61700.0
3,Nutrient,59,300.0
3,Nutrient,60,300.0
3,Nutrient,59,300.0
3,Nutrient,60,300.0
3,Nutrient,59,0.0
3,Nutrient,60,0.0
3,Nutrient,59,0.0
3,Nutrient,60,0.0
3,Nutrient,59,70600.0
3,Nutrient,60,70600.0
3,Nutrient,59,0.0
3,Nutrient,60,0.0
3,Nutrient,59,0.0
3,Nutrient,60,0.0
3,Nutrient,59,41100.0
3,Nutrient,60,41100.0
3,Nutrient,59,340.0
3,Nutrient,60,340.0
3,Nutrient,59,42600.0
3,Nutrient,60,42600.0
3,Nutrient,59,430.0
3,Nutrient,60,430.0
3,Nutrient,59,74040.0
3,Nutrient,60,74040.0
3,Nutrient,59,85940.0
3,Nutrient,60,85940.0
3,Nutrient,59,65670.0
3,Nutrient,60,65670.0
3,Nutrient,59,59940.0
3,Nutrient,60,59940.0
38,Nutrient,59,1660.0
38,Nutrient,60,1660.0
38,Nutrient,59,2.0
38,Nutrient,60,2.0
38,Nutrient,59,1497.0
38,Nutrient,60,1497.0
38,Nutrient,59,8.0
38,Nutrient,60,8.0
38,Nutrient,59,1271.0
38,Nutrient,60,1271.0
38,Nutrient,59,7.0
38,Nutrient,60,7.0
38,Nutrient,59,0.0
38,Nutrient,60,0.0
38,Nutrient,59,1.0
38,Nutrient,60,1.0
38,Nutrient,59,0.0
38,Nutrient,60,0.0
38,Nutrient,59,1.0
38,Nutrient,60,1.0
38,Nutrient,59,350.0
38,Nutrient,60,350.0
38,Nutrient,59,1464.0
38,Nutrient,60,1464.0
38,Nutrient,59,1.0
38,Nutrient,60,1.0
38,Nutrient,59,2.0
38,Nutrient,60,2.0
38,Nutrient,59,2.0
38,Nutrient,60,2.0
38,Nutrient,59,8.0
38,Nutrient,60,8.0
38,Nutrient,59,241.0
38,Nutrient,60,241.0
38,Nutrient,59,1008.0
38,Nutrient,60,1008.0
38,Nutrient,59,2.0
38,Nutrient,60,2.0
38,Nutrient,59,7.0
38,Nutrient,60,7.0
38,Nutrient,59,224.0
38,Nutrient,60,224.0
38,Nutrient,59,937.0
38,Nutrient,60,937.0
38,Nutrient,59,2.0
38,Nutrient,60,2.0
38,Nutrient,59,9.0
38,Nutrient,60,9.0
38,Nutrient,59,460.0
38,Nutrient,60,460.0
38,Nutrient,59,1925.0
38,Nutrient,60,1925.0
38,Nutrient,59,406.0
38,Nutrient,60,406.0
38,Nutrient,59,1699.0
38,Nutrient,60,1699.0
38,Nutrient,59,484.0
38,Nutrient,60,484.0
38,Nutrient,59,2027.0
38,Nutrient,60,2027.0
38,Nutrient,59,509.0
38,Nutrient,60,509.0
38,Nutrient,59,2132.0
38,Nutrient,60,2132.0
38,Nutrient,59,2.0
38,Nutrient,60,2.0
2,Nutrient,59,100.0
2,Nutrient,60,100.0
1,Nutrient,59,0.0
1,Nutrient,60,0.0
3,Nutrient,59,0.0
3,Nutrient,60,0.0
3,Nutrient,59,0.0
3,Nutrient,60,0.0
38,Nutrient,59,8.0
38,Nutrient,60,8.0
2,Nutrient,59,100.0
2,Nutrient,60,100.0
1,Nutrient,59,0.0
1,Nutrient,60,0.0
3,Nutrient,59,400.0
3,Nutrient,60,400.0
3,Nutrient,59,400.0
3,Nutrient,60,400.0
38,Nutrient,59,1497.0
38,Nutrient,60,1497.0
2,Nutrient,59,11600.0
2,Nutrient,60,11600.0
1,Nutrient,59,200.0
1,Nutrient,60,200.0
3,Nutrient,59,76000.0
3,Nutrient,60,76000.0
3,Nutrient,59,76000.0
3,Nutrient,60,76000.0
38,Nutrient,59,7.0
38,Nutrient,60,7.0
2,Nutrient,59,100.0
2,Nutrient,60,100.0
1,Nutrient,59,0.0
1,Nutrient,60,0.0
3,Nutrient,59,300.0
3,Nutrient,60,300.0
3,Nutrient,59,300.0
3,Nutrient,60,300.0
38,Nutrient,59,1271.0
38,Nutrient,60,1271.0
2,Nutrient,59,19500.0
2,Nutrient,60,19500.0
1,Nutrient,59,1700.0
1,Nutrient,60,1700.0
3,Nutrient,59,42600.0
3,Nutrient,60,42600.0
3,Nutrient,59,61700.0
3,Nutrient,60,61700.0
38,Nutrient,59,1660.0
38,Nutrient,60,1660.0
2,Nutrient,59,14600.0
2,Nutrient,60,14600.0
1,Nutrient,59,15400.0
1,Nutrient,60,15400.0
3,Nutrient,59,40200.0
3,Nutrient,60,40200.0
3,Nutrient,59,60000.0
3,Nutrient,60,60000.0
2,Nutrient,837,8700.0
2,Nutrient,837,1500.0
2,Nutrient,837,7900.0
2,Nutrient,837,1400.0
2,Nutrient,837,7000.0
2,Nutrient,837,1200.0
2,Nutrient,1019,9300.0
2,Nutrient,1019,1600.0
2,Nutrient,837,8300.0
2,Nutrient,837,1400.0
2,Nutrient,837,8300.0
2,Nutrient,837,1400.0
2,Nutrient,837,8300.0
2,Nutrient,837,1400.0
2,Nutrient,837,9300.0
2,Nutrient,837,1600.0
2,Nutrient,837,8400.0
2,Nutrient,837,1400.0
2,Nutrient,1019,5200.0
2,Nutrient,1019,9500.0
2,Nutrient,1019,10500.0
2,Nutrient,1019,6600.0
2,Nutrient,1019,8800.0
2,Nutrient,1019,12100.0
2,Nutrient,1019,12000.0
2,Nutrient,1019,10860.0
2,Nutrient,1019,9500.0
2,Nutrient,1019,8600.0
2,Nutrient,1019,9870.0
2,Nutrient,1019,9600.0
2,Nutrient,1019,8300.0
2,Nutrient,1019,9900.0
2,Nutrient,1019,13200.0
2,Nutrient,1019,8500.0
2,Nutrient,1019,8070.0
2,Nutrient,1019,7060.0
2,Nutrient,1019,8360.0
2,Nutrient,1019,4720.0
2,Nutrient,1019,10420.0
2,Nutrient,1019,8200.0
2,Nutrient,1019,4290.0
2,Nutrient,1019,8200.0
3,Nutrient,837,49500.0
3,Nutrient,837,54000.0
3,Nutrient,837,48600.0
3,Nutrient,837,53000.0
3,Nutrient,837,46000.0
3,Nutrient,837,49900.0
3,Nutrient,1019,44200.0
3,Nutrient,1019,48300.0
3,Nutrient,837,46700.0
3,Nutrient,837,51000.0
3,Nutrient,837,47200.0
3,Nutrient,837,51000.0
3,Nutrient,837,44200.0
3,Nutrient,837,48000.0
3,Nutrient,837,45400.0
3,Nutrient,837,50000.0
3,Nutrient,837,44100.0
3,Nutrient,837,50000.0
3,Nutrient,1019,43300.0
3,Nutrient,1019,47800.0
3,Nutrient,1019,52600.0
3,Nutrient,1019,56000.0
3,Nutrient,1019,50000.0
3,Nutrient,1019,43800.0
3,Nutrient,1019,68400.0
3,Nutrient,1019,52040.0
3,Nutrient,1019,52000.0
3,Nutrient,1019,50200.0
3,Nutrient,1019,50150.0
3,Nutrient,1019,44600.0
3,Nutrient,1019,42100.0
3,Nutrient,1019,52700.0
3,Nutrient,1019,48100.0
3,Nutrient,1019,53400.0
3,Nutrient,1019,50840.0
3,Nutrient,1019,51290.0
3,Nutrient,1019,41720.0
3,Nutrient,1019,49590.0
3,Nutrient,1019,44830.0
3,Nutrient,1019,71040.0
3,Nutrient,1019,39470.0
3,Nutrient,1019,69390.0
38,Nutrient,837,1148.0
38,Nutrient,837,1129.0
38,Nutrient,837,1051.0
38,Nutrient,1019,1168.0
38,Nutrient,837,1077.0
38,Nutrient,837,1081.0
38,Nutrient,837,1130.0
38,Nutrient,837,1211.0
38,Nutrient,837,1040.0
38,Nutrient,1019,195.0
38,Nutrient,1019,817.0
38,Nutrient,1019,283.0
38,Nutrient,1019,1185.0
38,Nutrient,1019,315.0
38,Nutrient,1019,1318.0
38,Nutrient,1019,290.0
38,Nutrient,1019,1213.0
38,Nutrient,1019,271.0
38,Nutrient,1019,1134.0
38,Nutrient,1019,245.0
38,Nutrient,1019,1025.0
38,Nutrient,1019,412.0
38,Nutrient,1019,1724.0
38,Nutrient,1019,310.0
38,Nutrient,1019,1297.0
38,Nutrient,1019,307.0
38,Nutrient,1019,1284.0
38,Nutrient,1019,277.0
38,Nutrient,1019,1159.0
38,Nutrient,1019,278.0
38,Nutrient,1019,1164.0
38,Nutrient,1019,263.0
38,Nutrient,1019,1100.0
38,Nutrient,1019,196.0
38,Nutrient,1019,820.0
38,Nutrient,1019,293.0
38,Nutrient,1019,1226.0
38,Nutrient,1019,270.0
38,Nutrient,1019,1130.0
38,Nutrient,1019,316.0
38,Nutrient,1019,1322.0
38,Nutrient,1019,273.0
38,Nutrient,1019,1142.0
38,Nutrient,1019,390.0
38,Nutrient,1019,1634.0
38,Nutrient,1019,350.0
38,Nutrient,1019,1464.0
38,Nutrient,1019,436.0
38,Nutrient,1019,1826.0
38,Nutrient,1019,408.0
38,Nutrient,1019,1709.0
38,Nutrient,1019,338.0
38,Nutrient,1019,1415.0
38,Nutrient,1019,195.0
38,Nutrient,1019,816.0
38,Nutrient,1019,338.0
38,Nutrient,1019,1415.0
38,Nutrient,837,1129.0
2,Nutrient,837,7900.0
1,Nutrient,837,3600.0
3,Nutrient,837,48600.0
3,Nutrient,837,53000.0
38,Nutrient,837,1148.0
2,Nutrient,837,8700.0
1,Nutrient,837,3300.0
3,Nutrient,837,49500.0
3,Nutrient,837,54000.0
38,Nutrient,837,1040.0
2,Nutrient,837,8400.0
1,Nutrient,837,2700.0
3,Nutrient,837,44100.0
3,Nutrient,837,50000.0
38,Nutrient,837,1211.0
2,Nutrient,837,9300.0
1,Nutrient,837,6600.0
3,Nutrient,837,45400.0
3,Nutrient,837,50000.0
38,Nutrient,837,1077.0
2,Nutrient,837,8300.0
1,Nutrient,837,2900.0
3,Nutrient,837,46700.0
3,Nutrient,837,51000.0
38,Nutrient,837,1130.0
2,Nutrient,837,8300.0
1,Nutrient,837,5600.0
3,Nutrient,837,44200.0
3,Nutrient,837,48000.0
38,Nutrient,1019,1168.0
2,Nutrient,1019,9300.0
1,Nutrient,1019,6100.0
3,Nutrient,1019,44200.0
3,Nutrient,1019,48300.0
38,Nutrient,837,1081.0
2,Nutrient,837,8300.0
1,Nutrient,837,2900.0
3,Nutrient,837,47200.0
3,Nutrient,837,51000.0
38,Nutrient,837,1051.0
2,Nutrient,837,7000.0
1,Nutrient,837,3200.0
3,Nutrient,837,46000.0
3,Nutrient,837,49900.0
2,Nutrient,1022,0.0
2,Nutrient,1022,0.0
3,Nutrient,1022,0.0
3,Nutrient,1022,0.0
38,Nutrient,1022,3696.0
38,Nutrient,1022,3696.0
2,Nutrient,1022,0.0
1,Nutrient,1022,99900.0
3,Nutrient,1022,0.0
3,Nutrient,1022,0.0
2,Nutrient,195,50.0
2,Nutrient,195,30.0
3,Nutrient,195,2410.0
3,Nutrient,195,14400.0
38,Nutrient,195,237.0
38,Nutrient,195,992.0
38,Nutrient,195,56.0
38,Nutrient,195,234.0
2,Nutrient,985,2400.0
3,Nutrient,985,6630.0
38,Nutrient,985,208.0
38,Nutrient,985,872.0
2,Nutrient,634,2640.0
2,Nutrient,634,2940.0
2,Nutrient,634,2640.0
2,Nutrient,634,2350.0
2,Nutrient,634,2350.0
2,Nutrient,634,2350.0
2,Nutrient,634,2350.0
2,Nutrient,634,2350.0
2,Nutrient,634,2350.0
2,Nutrient,634,2350.0
2,Nutrient,634,3500.0
3,Nutrient,634,13660.0
3,Nutrient,634,14710.0
3,Nutrient,634,9690.0
3,Nutrient,634,18240.0
3,Nutrient,634,17650.0
3,Nutrient,634,18820.0
3,Nutrient,634,17060.0
3,Nutrient,634,17060.0
3,Nutrient,634,17650.0
3,Nutrient,634,17060.0
3,Nutrient,634,15960.0
38,Nutrient,634,79.0
38,Nutrient,634,331.0
38,Nutrient,634,88.0
38,Nutrient,634,368.0
38,Nutrient,634,66.0
38,Nutrient,634,276.0
38,Nutrient,634,94.0
38,Nutrient,634,393.0
38,Nutrient,634,88.0
38,Nutrient,634,368.0
38,Nutrient,634,94.0
38,Nutrient,634,393.0
38,Nutrient,634,88.0
38,Nutrient,634,368.0
38,Nutrient,634,88.0
38,Nutrient,634,368.0
38,Nutrient,634,88.0
38,Nutrient,634,368.0
38,Nutrient,634,88.0
38,Nutrient,634,368.0
38,Nutrient,634,94.0
38,Nutrient,634,394.0
2,Nutrient,85,17720.0
3,Nutrient,85,14360.0
38,Nutrient,85,212.0
38,Nutrient,85,887.0
2,Nutrient,125,7100.0
3,Nutrient,125,81100.0
38,Nutrient,125,392.0
38,Nutrient,125,1638.0
2,Nutrient,836,13360.0
2,Nutrient,836,14520.0
3,Nutrient,836,43340.0
3,Nutrient,836,47110.0
38,Nutrient,836,265.0
38,Nutrient,836,1108.0
38,Nutrient,836,288.0
38,Nutrient,836,1204.0
2,Nutrient,1023,7080.0
2,Nutrient,1023,7200.0
2,Nutrient,1024,6150.0
3,Nutrient,1023,62720.0
3,Nutrient,1023,62400.0
3,Nutrient,1024,64430.0
38,Nutrient,1023,467.0
38,Nutrient,1023,1952.0
38,Nutrient,1023,468.0
38,Nutrient,1023,1958.0
38,Nutrient,1024,474.0
38,Nutrient,1024,1983.0
2,Nutrient,638,5540.0
2,Nutrient,638,4750.0
2,Nutrient,638,6380.0
2,Nutrient,638,6750.0
2,Nutrient,638,5190.0
2,Nutrient,638,5290.0
2,Nutrient,638,5150.0
3,Nutrient,638,21630.0
3,Nutrient,638,21140.0
3,Nutrient,638,16910.0
3,Nutrient,638,15390.0
3,Nutrient,638,19990.0
3,Nutrient,638,21120.0
3,Nutrient,638,18690.0
38,Nutrient,638,155.0
38,Nutrient,638,649.0
38,Nutrient,638,94.0
38,Nutrient,638,393.0
38,Nutrient,638,121.0
38,Nutrient,638,506.0
38,Nutrient,638,142.0
38,Nutrient,638,596.0
38,Nutrient,638,106.0
38,Nutrient,638,443.0
38,Nutrient,638,112.0
38,Nutrient,638,467.0
38,Nutrient,638,94.0
38,Nutrient,638,394.0
2,Nutrient,505,22810.0
2,Nutrient,506,19000.0
3,Nutrient,505,4210.0
3,Nutrient,506,0.0
38,Nutrient,505,116.0
38,Nutrient,505,485.0
38,Nutrient,506,111.0
38,Nutrient,506,464.0
38,Nutrient,505,452.0
2,Nutrient,505,21000.0
1,Nutrient,505,1800.0
3,Nutrient,505,1700.0
3,Nutrient,505,1700.0
38,Nutrient,505,528.0
2,Nutrient,505,20200.0
1,Nutrient,505,5000.0
3,Nutrient,505,0.0
3,Nutrient,505,0.0
38,Nutrient,505,454.0
2,Nutrient,505,21900.0
1,Nutrient,505,2200.0
3,Nutrient,505,0.0
3,Nutrient,505,0.0
38,Nutrient,505,622.0
2,Nutrient,505,22200.0
1,Nutrient,505,6600.0
3,Nutrient,505,0.0
3,Nutrient,505,0.0
2,Nutrient,205,7650.0
2,Nutrient,205,1710.0
2,Nutrient,205,7310.0
2,Nutrient,205,1580.0
2,Nutrient,205,8370.0
2,Nutrient,205,9850.0
2,Nutrient,205,8800.0
2,Nutrient,205,6720.0
2,Nutrient,205,8800.0
2,Nutrient,205,1710.0
2,Nutrient,205,1420.0
2,Nutrient,205,1400.0
2,Nutrient,205,1230.0
2,Nutrient,205,1230.0
2,Nutrient,205,1420.0
2,Nutrient,205,1420.0
2,Nutrient,205,8090.0
2,Nutrient,205,8530.0
2,Nutrient,205,8260.0
2,Nutrient,205,8530.0
2,Nutrient,205,9930.0
2,Nutrient,205,10290.0
2,Nutrient,205,8900.0
2,Nutrient,205,10830.0
3,Nutrient,205,79090.0
3,Nutrient,205,14760.0
3,Nutrient,205,76020.0
3,Nutrient,205,15950.0
3,Nutrient,205,73080.0
3,Nutrient,205,77350.0
3,Nutrient,205,79600.0
3,Nutrient,205,79910.0
3,Nutrient,205,79600.0
3,Nutrient,205,14760.0
3,Nutrient,205,12870.0
3,Nutrient,205,13000.0
3,Nutrient,205,13860.0
3,Nutrient,205,13860.0
3,Nutrient,205,12870.0
3,Nutrient,205,12870.0
3,Nutrient,205,75040.0
3,Nutrient,205,79160.0
3,Nutrient,205,77760.0
3,Nutrient,205,79160.0
3,Nutrient,205,76620.0
3,Nutrient,205,72490.0
3,Nutrient,205,75150.0
3,Nutrient,205,71980.0
38,Nutrient,205,370.0
38,Nutrient,205,1549.0
38,Nutrient,205,71.0
38,Nutrient,205,298.0
38,Nutrient,205,359.0
38,Nutrient,205,1504.0
38,Nutrient,205,76.0
38,Nutrient,205,318.0
38,Nutrient,205,366.0
38,Nutrient,205,1529.0
38,Nutrient,205,349.0
38,Nutrient,205,1460.0
38,Nutrient,205,371.0
38,Nutrient,205,1552.0
38,Nutrient,205,368.0
38,Nutrient,205,1540.0
38,Nutrient,205,371.0
38,Nutrient,205,1552.0
38,Nutrient,205,71.0
38,Nutrient,205,298.0
38,Nutrient,205,59.0
38,Nutrient,205,247.0
38,Nutrient,205,60.0
38,Nutrient,205,251.0
38,Nutrient,205,65.0
38,Nutrient,205,273.0
38,Nutrient,205,65.0
38,Nutrient,205,273.0
38,Nutrient,205,59.0
38,Nutrient,205,247.0
38,Nutrient,205,59.0
38,Nutrient,205,247.0
38,Nutrient,205,366.0
38,Nutrient,205,1531.0
38,Nutrient,205,347.0
38,Nutrient,205,1452.0
38,Nutrient,205,337.0
38,Nutrient,205,1411.0
38,Nutrient,205,347.0
38,Nutrient,205,1451.0
38,Nutrient,205,346.0
38,Nutrient,205,1450.0
38,Nutrient,205,363.0
38,Nutrient,205,1520.0
38,Nutrient,205,364.0
38,Nutrient,205,1522.0
38,Nutrient,205,359.0
38,Nutrient,205,1504.0
2,Nutrient,85,10250.0
2,Nutrient,85,10880.0
2,Nutrient,85,58130.0
2,Nutrient,85,80690.0
2,Nutrient,85,3220.0
2,Nutrient,85,87750.0
2,Nutrient,85,86000.0
2,Nutrient,718,8000.0
2,Nutrient,85,58130.0
2,Nutrient,85,63630.0
2,Nutrient,85,80690.0
2,Nutrient,85,88320.0
2,Nutrient,85,12500.0
3,Nutrient,85,8580.0
3,Nutrient,85,9940.0
3,Nutrient,85,30910.0
3,Nutrient,85,7360.0
3,Nutrient,85,12540.0
3,Nutrient,85,0.0
3,Nutrient,85,0.0
3,Nutrient,718,1500.0
3,Nutrient,85,30910.0
3,Nutrient,85,25410.0
3,Nutrient,85,10220.0
3,Nutrient,85,2590.0
3,Nutrient,85,6900.0
38,Nutrient,85,110.0
38,Nutrient,85,460.0
38,Nutrient,85,122.0
38,Nutrient,85,509.0
38,Nutrient,85,331.0
38,Nutrient,85,1386.0
38,Nutrient,85,338.0
38,Nutrient,85,1414.0
38,Nutrient,85,77.0
38,Nutrient,85,322.0
38,Nutrient,85,388.0
38,Nutrient,85,1623.0
38,Nutrient,85,380.0
38,Nutrient,85,1590.0
38,Nutrient,718,70.0
38,Nutrient,718,291.0
38,Nutrient,85,331.0
38,Nutrient,85,1386.0
38,Nutrient,85,328.0
38,Nutrient,85,1372.0
38,Nutrient,85,326.0
38,Nutrient,85,1364.0
38,Nutrient,85,321.0
38,Nutrient,85,1345.0
38,Nutrient,85,151.0
38,Nutrient,85,630.0
